0.000000000000000000e+00 1.699273042485236286e-41
1.000000000000000000e+00 6.326082491281353112e-41
2.000000000000000000e+00 3.084694745820096930e-40
3.000000000000000000e+00 7.565542403903542274e-39
4.000000000000000000e+00 3.768342835878206656e-37
5.000000000000000000e+00 4.544977561651658241e-36
6.000000000000000000e+00 7.754358477149358703e-36
7.000000000000000000e+00 1.402824058571666701e-36
8.000000000000000000e+00 1.798847960542944218e-38
9.000000000000000000e+00 1.283313902009188745e-39
1.000000000000000000e+01 1.573921101036320637e-39
1.100000000000000000e+01 2.076654011374177264e-40
1.200000000000000000e+01 1.113985885794971696e-41
1.300000000000000000e+01 1.980439988634486765e-41
1.400000000000000000e+01 3.038835103388744188e-41
1.500000000000000000e+01 5.491818470236051932e-42
1.600000000000000000e+01 6.202950417796628780e-43
1.700000000000000000e+01 3.765229518463158726e-43
1.800000000000000000e+01 1.576330626360571408e-43
1.900000000000000000e+01 8.988332628174037341e-44
2.000000000000000000e+01 5.852457845488037702e-44
2.100000000000000000e+01 3.505482202076046062e-44
2.200000000000000000e+01 2.499978804633968950e-44
2.300000000000000000e+01 1.803991124859037217e-44
2.400000000000000000e+01 1.112118374190041365e-44
2.500000000000000000e+01 9.672678315835290771e-45
2.600000000000000000e+01 6.756291786628068735e-45
2.700000000000000000e+01 5.771744047278746497e-45
2.800000000000000000e+01 4.468362475936587865e-45
2.900000000000000000e+01 3.150440699725719790e-45
3.000000000000000000e+01 2.676284015595171238e-45
3.100000000000000000e+01 1.958933119324247806e-45
3.200000000000000000e+01 1.622441464431097530e-45
3.300000000000000000e+01 1.226213604875404487e-45
3.400000000000000000e+01 1.023411385473453047e-45
3.500000000000000000e+01 2.174710864132156320e-45
3.600000000000000000e+01 1.290167643797756696e-45
3.700000000000000000e+01 6.937038536633690980e-46
3.800000000000000000e+01 5.465516555060605754e-46
3.900000000000000000e+01 5.662593771195990353e-46
4.000000000000000000e+01 4.199215011430165566e-46
4.100000000000000000e+01 6.596835051538284523e-46
4.200000000000000000e+01 3.553374644744859418e-46
4.300000000000000000e+01 2.914413316915864581e-46
4.400000000000000000e+01 2.607238509040579386e-46
4.500000000000000000e+01 2.464007605090016769e-46
4.600000000000000000e+01 2.827129550749116538e-46
4.700000000000000000e+01 2.074808651184136979e-46
4.800000000000000000e+01 1.536886119830506827e-46
4.900000000000000000e+01 1.428410967727825993e-46
5.000000000000000000e+01 1.462336644544182076e-46
5.100000000000000000e+01 1.198385432446961348e-46
5.200000000000000000e+01 9.552402585587074599e-47
5.300000000000000000e+01 1.103764339823989868e-46
5.400000000000000000e+01 9.375354587914124542e-47
5.500000000000000000e+01 9.247909734677547366e-47
5.600000000000000000e+01 7.340789798237830321e-47
5.700000000000000000e+01 8.609011514140508992e-47
5.800000000000000000e+01 7.817127757848168470e-47
5.900000000000000000e+01 3.820159891040592749e-46
6.000000000000000000e+01 1.350693148229847285e-45
6.100000000000000000e+01 3.942816194608467399e-46
6.200000000000000000e+01 6.849774463419119085e-47
6.300000000000000000e+01 6.405704515651138732e-47
6.400000000000000000e+01 6.224638451802029570e-47
6.500000000000000000e+01 6.714335340741581744e-47
6.600000000000000000e+01 5.058893840084259537e-47
6.700000000000000000e+01 5.165217048554684905e-47
6.800000000000000000e+01 4.296549317136050204e-47
6.900000000000000000e+01 4.271229021700216313e-47
7.000000000000000000e+01 4.092172250846015462e-47
7.100000000000000000e+01 3.108373626822876316e-47
7.200000000000000000e+01 4.454713818737518212e-47
7.300000000000000000e+01 4.178040208668394372e-47
7.400000000000000000e+01 3.636025404577483568e-47
7.500000000000000000e+01 3.908686283969815313e-47
7.600000000000000000e+01 3.911003369899863053e-47
7.700000000000000000e+01 3.561488154918885275e-47
7.800000000000000000e+01 3.888986283930486683e-47
7.900000000000000000e+01 3.549310915217701636e-47
8.000000000000000000e+01 3.985755490846412803e-47
8.100000000000000000e+01 2.781106413471320345e-47
8.200000000000000000e+01 2.983341400220635619e-47
8.300000000000000000e+01 3.123217562631383735e-47
8.400000000000000000e+01 2.382527400336699647e-47
8.500000000000000000e+01 3.074268943873305019e-47
8.600000000000000000e+01 3.358712554873221195e-47
8.700000000000000000e+01 2.693945990935722623e-47
8.800000000000000000e+01 2.516870705603639311e-47
8.900000000000000000e+01 2.408328116881311352e-47
9.000000000000000000e+01 1.866830051534256376e-47
9.100000000000000000e+01 2.521137425121624519e-47
9.200000000000000000e+01 2.880053370932932066e-47
9.300000000000000000e+01 3.164732944930903073e-47
9.400000000000000000e+01 3.044215376180450424e-47
9.500000000000000000e+01 2.479310692151311997e-47
9.600000000000000000e+01 2.892165899507404912e-47
9.700000000000000000e+01 2.520415045014681572e-47
9.800000000000000000e+01 2.020222816514851514e-47
9.900000000000000000e+01 2.322260640904949041e-47
1.000000000000000000e+02 2.339969679755008543e-47
1.010000000000000000e+02 2.325044684994805274e-47
1.020000000000000000e+02 2.041822594877502637e-47
1.030000000000000000e+02 1.885119208139494153e-47
1.040000000000000000e+02 2.069637631756768139e-47
1.050000000000000000e+02 2.185887327752118880e-47
1.060000000000000000e+02 2.229312565219851733e-47
1.070000000000000000e+02 2.094810986853414867e-47
1.080000000000000000e+02 2.296476150239215646e-47
1.090000000000000000e+02 2.387931124800168204e-47
1.100000000000000000e+02 2.250874910097050663e-47
1.110000000000000000e+02 1.949665968448070795e-47
1.120000000000000000e+02 2.460328630817064810e-47
1.130000000000000000e+02 2.482738352520120210e-47
1.140000000000000000e+02 2.512040261024046189e-47
1.150000000000000000e+02 1.665883356545022683e-47
1.160000000000000000e+02 1.962127132087314244e-47
1.170000000000000000e+02 2.263867722247112324e-47
1.180000000000000000e+02 2.659759556139408953e-47
1.190000000000000000e+02 2.255270068958479115e-47
1.200000000000000000e+02 1.955729423348795680e-47
1.210000000000000000e+02 1.771486659082646941e-47
1.220000000000000000e+02 1.957728116190702898e-47
1.230000000000000000e+02 2.198976371881038493e-47
1.240000000000000000e+02 2.107521476850315260e-47
1.250000000000000000e+02 1.869446745144492730e-47
1.260000000000000000e+02 1.622241973035273749e-47
1.270000000000000000e+02 1.566554697936395667e-47
1.280000000000000000e+02 1.857511659529633762e-47
1.290000000000000000e+02 1.402293379616974281e-47
1.300000000000000000e+02 1.239019548320511783e-47
1.310000000000000000e+02 1.668582816784778748e-47
1.320000000000000000e+02 1.776081094211808021e-47
1.330000000000000000e+02 1.842131388232978481e-47
1.340000000000000000e+02 2.057640034411696855e-47
1.350000000000000000e+02 2.266310309600275288e-47
1.360000000000000000e+02 2.342655223354921033e-47
1.370000000000000000e+02 2.059462677023748737e-47
1.380000000000000000e+02 2.130454817831768205e-47
1.390000000000000000e+02 1.883965764763012816e-47
1.400000000000000000e+02 1.932944182825754793e-47
1.410000000000000000e+02 2.005420406168033024e-47
1.420000000000000000e+02 1.749975306004285078e-47
1.430000000000000000e+02 1.634909553395456427e-47
1.440000000000000000e+02 1.502805334981768176e-47
1.450000000000000000e+02 1.808314549610401134e-47
1.460000000000000000e+02 1.794782582680703321e-47
1.470000000000000000e+02 1.434132975188016950e-47
1.480000000000000000e+02 1.455061849268122168e-47
1.490000000000000000e+02 1.338234642774339364e-47
1.500000000000000000e+02 1.342996797364204026e-47
1.510000000000000000e+02 1.576961227410123377e-47
1.520000000000000000e+02 1.327166696209323739e-47
1.530000000000000000e+02 1.602956625226480881e-47
1.540000000000000000e+02 1.636294105969702791e-47
1.550000000000000000e+02 1.706507371047314530e-47
1.560000000000000000e+02 1.774722458005210388e-47
1.570000000000000000e+02 1.850739889914614904e-47
1.580000000000000000e+02 1.703116265210577576e-47
1.590000000000000000e+02 1.677761113439593223e-47
1.600000000000000000e+02 1.415829772448939941e-47
1.610000000000000000e+02 1.658850711088347310e-47
1.620000000000000000e+02 1.699679544109601065e-47
1.630000000000000000e+02 1.429212732326771572e-47
1.640000000000000000e+02 1.586535693264508625e-47
1.650000000000000000e+02 1.659766610688781542e-47
1.660000000000000000e+02 1.542590878273481007e-47
1.670000000000000000e+02 1.381488864869196852e-47
1.680000000000000000e+02 1.532156966389133813e-47
1.690000000000000000e+02 1.551873988965791177e-47
1.700000000000000000e+02 1.785492254148364719e-47
1.710000000000000000e+02 1.712765068105906383e-47
1.720000000000000000e+02 1.363822503325682356e-47
1.730000000000000000e+02 1.248112383959342849e-47
1.740000000000000000e+02 1.525782727275497766e-47
1.750000000000000000e+02 1.429507469693699769e-47
1.760000000000000000e+02 1.444157619365366636e-47
1.770000000000000000e+02 1.842972437213699991e-47
1.780000000000000000e+02 2.041226971442138865e-47
1.790000000000000000e+02 2.231705229940064636e-47
1.800000000000000000e+02 4.804837888476318233e-47
1.810000000000000000e+02 2.552678352650968617e-47
1.820000000000000000e+02 1.542473479828018853e-47
1.830000000000000000e+02 1.675367199965244662e-47
1.840000000000000000e+02 1.647276043676847126e-47
1.850000000000000000e+02 1.444140934564204191e-47
1.860000000000000000e+02 1.445865557452963071e-47
1.870000000000000000e+02 1.409214124805815113e-47
1.880000000000000000e+02 1.339446401773704309e-47
1.890000000000000000e+02 1.423564317909479566e-47
1.900000000000000000e+02 1.361671576884795259e-47
1.910000000000000000e+02 1.352015146871745409e-47
1.920000000000000000e+02 1.673581015022061750e-47
1.930000000000000000e+02 1.579805904275231246e-47
1.940000000000000000e+02 1.586445922498220820e-47
1.950000000000000000e+02 1.498965226053662829e-47
1.960000000000000000e+02 1.367307183428234451e-47
1.970000000000000000e+02 1.339424635772209480e-47
1.980000000000000000e+02 1.578844449172898172e-47
1.990000000000000000e+02 1.458205714730010021e-47
2.000000000000000000e+02 1.539071320671565538e-47
2.010000000000000000e+02 1.626319962368138614e-47
2.020000000000000000e+02 1.302614979030947405e-47
2.030000000000000000e+02 9.528172393423579839e-48
2.040000000000000000e+02 1.300251682547273373e-47
2.050000000000000000e+02 1.488937189435288801e-47
2.060000000000000000e+02 1.542754625092438132e-47
2.070000000000000000e+02 1.409729088989588072e-47
2.080000000000000000e+02 1.240987032526470400e-47
2.090000000000000000e+02 1.091047374828081738e-47
2.100000000000000000e+02 1.166207433076534668e-47
2.110000000000000000e+02 1.188464171616356652e-47
2.120000000000000000e+02 1.351588412101304217e-47
2.130000000000000000e+02 1.406324122311856834e-47
2.140000000000000000e+02 1.092364238894189709e-47
2.150000000000000000e+02 1.100680935254915027e-47
2.160000000000000000e+02 1.207136679830251971e-47
2.170000000000000000e+02 1.337708679803336387e-47
2.180000000000000000e+02 1.248548488299678578e-47
2.190000000000000000e+02 1.130143923926163483e-47
2.200000000000000000e+02 1.286177287936487729e-47
2.210000000000000000e+02 1.182936727199011929e-47
2.220000000000000000e+02 1.443228428047119112e-47
2.230000000000000000e+02 1.527732875420480388e-47
2.240000000000000000e+02 1.236970207128241028e-47
2.250000000000000000e+02 1.455159025562321386e-47
2.260000000000000000e+02 1.481735964780821361e-47
2.270000000000000000e+02 1.406893285117094559e-47
2.280000000000000000e+02 1.214784294532650112e-47
2.290000000000000000e+02 1.164028249058909105e-47
2.300000000000000000e+02 1.242617961196092636e-47
2.310000000000000000e+02 1.463031624370285231e-47
2.320000000000000000e+02 1.663104941362764907e-47
2.330000000000000000e+02 1.484592784363706279e-47
2.340000000000000000e+02 1.045866241173782811e-47
2.350000000000000000e+02 1.110266904011377443e-47
2.360000000000000000e+02 1.395212134696686490e-47
2.370000000000000000e+02 1.376122155739545636e-47
2.380000000000000000e+02 1.276999217152362912e-47
2.390000000000000000e+02 1.467926370592591425e-47
2.400000000000000000e+02 1.259264023393176897e-47
2.410000000000000000e+02 1.160693793818136561e-47
2.420000000000000000e+02 1.160733787869886825e-47
2.430000000000000000e+02 1.130879229081179602e-47
2.440000000000000000e+02 9.851184727313999133e-48
2.450000000000000000e+02 1.048506268929105282e-47
2.460000000000000000e+02 1.184487479960858391e-47
2.470000000000000000e+02 1.205283379877129867e-47
2.480000000000000000e+02 1.229888455415647200e-47
2.490000000000000000e+02 1.417656415634303827e-47
2.500000000000000000e+02 1.409659544695816261e-47
2.510000000000000000e+02 1.234631321718233661e-47
2.520000000000000000e+02 1.487959533658017094e-47
2.530000000000000000e+02 1.308077908649593531e-47
2.540000000000000000e+02 1.018013524654065668e-47
2.550000000000000000e+02 1.040411681429920028e-47
2.560000000000000000e+02 1.203601788621891877e-47
2.570000000000000000e+02 1.027350973150012893e-47
2.580000000000000000e+02 1.172178751864701583e-47
2.590000000000000000e+02 1.213259077327506820e-47
2.600000000000000000e+02 1.203702260071660659e-47
2.610000000000000000e+02 1.169812305927395629e-47
2.620000000000000000e+02 1.255047650379387379e-47
2.630000000000000000e+02 1.290000368016984402e-47
2.640000000000000000e+02 1.032551045654069231e-47
2.650000000000000000e+02 1.128136940374892683e-47
2.660000000000000000e+02 9.904811904295973682e-48
2.670000000000000000e+02 8.304371683473259223e-48
2.680000000000000000e+02 9.230263342436299095e-48
2.690000000000000000e+02 8.958386617906788386e-48
2.700000000000000000e+02 9.691731852515238686e-48
2.710000000000000000e+02 9.166426037146323486e-48
2.720000000000000000e+02 1.076021369536200582e-47
2.730000000000000000e+02 1.241329775731829697e-47
2.740000000000000000e+02 1.079089345418872141e-47
2.750000000000000000e+02 1.288937607995488190e-47
2.760000000000000000e+02 2.381107920987776729e-47
2.770000000000000000e+02 6.233043146061496857e-47
2.780000000000000000e+02 3.164919130581385107e-47
2.790000000000000000e+02 1.225233493026216638e-47
2.800000000000000000e+02 1.325020512591410712e-47
2.810000000000000000e+02 1.415324072279430920e-47
2.820000000000000000e+02 1.637468653512311346e-47
2.830000000000000000e+02 1.305545357958929641e-47
2.840000000000000000e+02 1.136400182694221366e-47
2.850000000000000000e+02 9.120524521280547518e-48
2.860000000000000000e+02 8.686663501838321069e-48
2.870000000000000000e+02 1.018081471065468754e-47
2.880000000000000000e+02 1.105836910445281315e-47
2.890000000000000000e+02 1.136781537576799127e-47
2.900000000000000000e+02 8.188176793793094393e-48
2.910000000000000000e+02 7.719245868612133893e-48
2.920000000000000000e+02 1.009655589263130144e-47
2.930000000000000000e+02 1.086612536476564062e-47
2.940000000000000000e+02 1.006266045152926104e-47
2.950000000000000000e+02 1.011856722527090581e-47
2.960000000000000000e+02 1.067603190971651381e-47
2.970000000000000000e+02 1.102324677222235279e-47
2.980000000000000000e+02 1.194709322087012699e-47
2.990000000000000000e+02 4.919400726407294394e-47
3.000000000000000000e+02 6.859236180198805183e-47
3.010000000000000000e+02 2.816962088333959416e-47
3.020000000000000000e+02 1.241662985520120603e-46
3.030000000000000000e+02 1.161629927652739918e-46
3.040000000000000000e+02 4.824543566324892685e-47
3.050000000000000000e+02 1.106577245528580996e-47
3.060000000000000000e+02 9.861122117589529102e-48
3.070000000000000000e+02 8.569096294736062827e-48
3.080000000000000000e+02 9.720454834686310246e-48
3.090000000000000000e+02 1.008344151072306612e-47
3.100000000000000000e+02 8.831575023813295183e-48
3.110000000000000000e+02 9.369272842729344658e-48
3.120000000000000000e+02 8.947235599546964892e-48
3.130000000000000000e+02 9.037400463948982164e-48
3.140000000000000000e+02 1.111975764632532382e-47
3.150000000000000000e+02 1.020016726510722914e-47
3.160000000000000000e+02 1.126958335247286813e-47
3.170000000000000000e+02 1.122374109387099470e-47
3.180000000000000000e+02 1.159386795659753348e-47
3.190000000000000000e+02 1.160983644924344162e-47
3.200000000000000000e+02 1.028217009398288700e-47
3.210000000000000000e+02 5.820246804488359712e-46
3.220000000000000000e+02 2.249324713611179693e-45
3.230000000000000000e+02 5.648373266370478376e-46
3.240000000000000000e+02 1.158452056177228441e-47
3.250000000000000000e+02 1.153876056814666141e-47
3.260000000000000000e+02 1.133527894664384567e-47
3.270000000000000000e+02 1.138557215799224640e-47
3.280000000000000000e+02 1.207931847729804489e-47
3.290000000000000000e+02 9.991892894555448885e-48
3.300000000000000000e+02 1.160740705757809865e-47
3.310000000000000000e+02 1.077960918665373492e-47
3.320000000000000000e+02 9.478599241476026282e-48
3.330000000000000000e+02 1.065549384456804941e-47
3.340000000000000000e+02 1.045321514381717275e-47
3.350000000000000000e+02 1.078266170293906631e-47
3.360000000000000000e+02 9.639595554582311414e-48
3.370000000000000000e+02 8.846606949736130324e-48
3.380000000000000000e+02 1.275777160105404599e-47
3.390000000000000000e+02 1.322501246296176261e-47
3.400000000000000000e+02 1.231109952047907726e-47
3.410000000000000000e+02 1.208352609180230329e-47
3.420000000000000000e+02 1.051563151315776248e-47
3.430000000000000000e+02 8.618255571951936100e-48
3.440000000000000000e+02 1.006814432498823959e-47
3.450000000000000000e+02 1.167237035219785181e-47
3.460000000000000000e+02 1.221649659541807728e-47
3.470000000000000000e+02 1.047990543825644662e-47
3.480000000000000000e+02 1.055884989484220895e-47
3.490000000000000000e+02 1.277708069678123443e-47
3.500000000000000000e+02 1.204807966686729268e-47
3.510000000000000000e+02 1.313251963971061026e-47
3.520000000000000000e+02 1.210277988976233870e-47
3.530000000000000000e+02 1.030960708206278393e-47
3.540000000000000000e+02 9.693725266815423881e-48
3.550000000000000000e+02 8.508184632573162596e-48
3.560000000000000000e+02 7.941527773589092099e-48
3.570000000000000000e+02 9.177544873734931343e-48
3.580000000000000000e+02 1.076193236281641747e-47
3.590000000000000000e+02 1.236827958984755207e-47
3.600000000000000000e+02 9.758549077797967516e-48
3.610000000000000000e+02 9.599122832895684133e-48
3.620000000000000000e+02 1.111972616040944138e-47
3.630000000000000000e+02 9.355233117767843773e-48
3.640000000000000000e+02 8.341993609398243222e-48
3.650000000000000000e+02 9.197116530606264739e-48
3.660000000000000000e+02 9.690864727912649406e-48
3.670000000000000000e+02 7.992058796181575342e-48
3.680000000000000000e+02 8.480650980113050920e-48
3.690000000000000000e+02 1.019468561150442282e-47
3.700000000000000000e+02 9.345842707826555629e-48
3.710000000000000000e+02 8.294163179140579355e-48
3.720000000000000000e+02 9.459485297005074272e-48
3.730000000000000000e+02 1.046439269381205721e-47
3.740000000000000000e+02 9.962252787942949593e-48
3.750000000000000000e+02 1.074628005471098791e-47
3.760000000000000000e+02 1.069227181195846040e-47
3.770000000000000000e+02 1.008505961898911102e-47
3.780000000000000000e+02 9.490462134915491589e-48
3.790000000000000000e+02 9.574467007700110153e-48
3.800000000000000000e+02 1.015792690441386757e-47
3.810000000000000000e+02 9.686082400384054244e-48
3.820000000000000000e+02 8.482282348364342851e-48
3.830000000000000000e+02 1.005047783540435482e-47
3.840000000000000000e+02 9.304223649795240978e-48
3.850000000000000000e+02 8.455737222256404917e-48
3.860000000000000000e+02 9.434260439497514283e-48
3.870000000000000000e+02 1.033332574856547744e-47
3.880000000000000000e+02 8.663820316435583451e-48
3.890000000000000000e+02 1.099161853861788224e-47
3.900000000000000000e+02 1.109040074124234727e-47
3.910000000000000000e+02 1.092463397252252007e-47
3.920000000000000000e+02 1.103089117573750913e-47
3.930000000000000000e+02 1.194565775131847936e-47
3.940000000000000000e+02 1.363327988909986113e-47
3.950000000000000000e+02 1.099678520798309169e-47
3.960000000000000000e+02 1.134301354815035466e-47
3.970000000000000000e+02 1.100282416224369678e-47
3.980000000000000000e+02 8.961464420879816185e-48
3.990000000000000000e+02 1.182859077895765023e-47
4.000000000000000000e+02 1.302771872057117739e-47
4.010000000000000000e+02 1.389518517629635137e-47
4.020000000000000000e+02 1.093590350892838015e-47
4.030000000000000000e+02 9.528781134572167536e-48
4.040000000000000000e+02 1.009384234541075710e-47
4.050000000000000000e+02 1.152002669009953390e-47
4.060000000000000000e+02 9.383485212882315860e-48
4.070000000000000000e+02 1.146806159695272927e-47
4.080000000000000000e+02 1.106000397114989448e-47
4.090000000000000000e+02 1.270865474280904791e-47
4.100000000000000000e+02 1.368224559144859302e-47
4.110000000000000000e+02 1.546061570142237705e-47
4.120000000000000000e+02 1.360486401073303833e-47
4.130000000000000000e+02 1.068742082300787324e-47
4.140000000000000000e+02 1.153111529391454131e-47
4.150000000000000000e+02 1.072160268892482225e-47
4.160000000000000000e+02 9.470430072001512323e-48
4.170000000000000000e+02 1.038303126526032199e-47
4.180000000000000000e+02 1.045607508344707884e-47
4.190000000000000000e+02 1.171258919947142363e-47
4.200000000000000000e+02 1.142218928189582631e-47
4.210000000000000000e+02 1.126047188243838598e-47
4.220000000000000000e+02 9.700914412686312406e-48
4.230000000000000000e+02 1.052500238791427524e-47
4.240000000000000000e+02 1.006588475269904767e-47
4.250000000000000000e+02 8.834604369299973744e-48
4.260000000000000000e+02 9.432299270676154367e-48
4.270000000000000000e+02 8.484018696873474494e-48
4.280000000000000000e+02 7.355885310679831313e-48
4.290000000000000000e+02 7.813891078884830443e-48
4.300000000000000000e+02 9.234954153311441074e-48
4.310000000000000000e+02 9.245181390755402130e-48
4.320000000000000000e+02 9.936121820000019384e-48
4.330000000000000000e+02 1.211448413138627030e-47
4.340000000000000000e+02 1.511220823007439378e-47
4.350000000000000000e+02 1.218079114767608892e-47
4.360000000000000000e+02 1.106440115957580754e-47
4.370000000000000000e+02 1.264891423488405224e-47
4.380000000000000000e+02 1.073205791050427711e-47
4.390000000000000000e+02 1.117053043932398549e-47
4.400000000000000000e+02 1.070479207114740437e-47
4.410000000000000000e+02 9.981062163961894471e-48
4.420000000000000000e+02 9.401871993578184851e-48
4.430000000000000000e+02 9.368320588699490804e-48
4.440000000000000000e+02 1.004077690800430508e-47
4.450000000000000000e+02 1.023451426071213741e-47
4.460000000000000000e+02 1.030453526080186906e-47
4.470000000000000000e+02 9.463856587886630861e-48
4.480000000000000000e+02 1.090996742715704831e-47
4.490000000000000000e+02 1.068923982014471904e-47
4.500000000000000000e+02 1.202190376389697465e-47
4.510000000000000000e+02 1.124869337328740301e-47
4.520000000000000000e+02 9.313434197433528385e-48
4.530000000000000000e+02 1.013497168399233054e-47
4.540000000000000000e+02 9.460046474633760563e-48
4.550000000000000000e+02 1.065127624072516119e-47
4.560000000000000000e+02 9.546164094460125165e-48
4.570000000000000000e+02 9.704921178862297541e-48
4.580000000000000000e+02 1.036144296724660600e-47
4.590000000000000000e+02 1.197226417370685435e-47
4.600000000000000000e+02 9.969447478720857309e-48
4.610000000000000000e+02 9.169174921696767816e-48
4.620000000000000000e+02 8.315949913472241233e-48
4.630000000000000000e+02 8.365949206057137991e-48
4.640000000000000000e+02 1.040883125953888106e-47
4.650000000000000000e+02 1.005233145928455086e-47
4.660000000000000000e+02 1.069678391289445233e-47
4.670000000000000000e+02 1.163450179697760128e-47
4.680000000000000000e+02 1.089090175670934016e-47
4.690000000000000000e+02 8.077823933338370053e-48
4.700000000000000000e+02 1.091254121877730043e-47
4.710000000000000000e+02 1.417470181338048044e-47
4.720000000000000000e+02 1.407171345130767731e-47
4.730000000000000000e+02 1.170372916633158827e-47
4.740000000000000000e+02 1.045093071596379657e-47
4.750000000000000000e+02 8.773526536974650423e-48
4.760000000000000000e+02 1.105637089030576952e-47
4.770000000000000000e+02 1.217729277083115850e-47
4.780000000000000000e+02 9.847081289614138694e-48
4.790000000000000000e+02 1.209986839693419649e-47
4.800000000000000000e+02 1.231066815350089061e-47
4.810000000000000000e+02 1.188588654384695540e-47
4.820000000000000000e+02 9.969424270399520193e-48
4.830000000000000000e+02 1.201732558833956630e-47
4.840000000000000000e+02 1.006183169749295496e-47
4.850000000000000000e+02 9.312172760625020769e-48
4.860000000000000000e+02 1.101929137931652719e-47
4.870000000000000000e+02 1.131311035402013086e-47
4.880000000000000000e+02 1.133966629351348473e-47
4.890000000000000000e+02 1.153877235605795566e-47
4.900000000000000000e+02 1.179683114289894644e-47
4.910000000000000000e+02 1.178585343110006147e-47
4.920000000000000000e+02 1.325439079489145747e-47
4.930000000000000000e+02 1.167706585754266002e-47
4.940000000000000000e+02 1.090156637261057006e-47
4.950000000000000000e+02 1.266648286307770169e-47
4.960000000000000000e+02 1.344329765385902822e-47
4.970000000000000000e+02 1.305703294264613460e-47
4.980000000000000000e+02 1.738901673158285806e-47
4.990000000000000000e+02 1.426684069687734117e-47
5.000000000000000000e+02 3.578629201601044656e-47
5.010000000000000000e+02 4.242766665224879661e-46
5.020000000000000000e+02 6.325917328736632318e-46
5.030000000000000000e+02 2.756651277749749698e-46
5.040000000000000000e+02 7.632944421535816611e-46
5.050000000000000000e+02 2.959018192627949297e-45
5.060000000000000000e+02 2.806623649480321948e-44
5.070000000000000000e+02 2.519882649560094449e-42
5.080000000000000000e+02 3.333876548750294306e-41
5.090000000000000000e+02 2.249208064239084904e-41
5.100000000000000000e+02 1.173552939486730280e-42
5.110000000000000000e+02 1.472244722086511361e-42
5.120000000000000000e+02 1.503556593303216128e-43
5.130000000000000000e+02 1.573199988939891575e-45
5.140000000000000000e+02 3.720161925401343748e-46
5.150000000000000000e+02 8.071961387987122317e-47
5.160000000000000000e+02 8.445008351139990123e-47
5.170000000000000000e+02 1.098706772477319725e-46
5.180000000000000000e+02 2.544055443265293625e-47
5.190000000000000000e+02 1.317075689323700445e-47
5.200000000000000000e+02 1.232673804921594104e-47
5.210000000000000000e+02 1.458082601252376269e-47
5.220000000000000000e+02 1.225414531936468316e-47
5.230000000000000000e+02 1.409859539251340157e-47
5.240000000000000000e+02 1.330400719185040853e-47
5.250000000000000000e+02 1.268780044601793335e-47
5.260000000000000000e+02 1.316852127655885878e-47
5.270000000000000000e+02 1.306042816552425966e-47
5.280000000000000000e+02 1.110203883211942150e-47
5.290000000000000000e+02 1.349595627717365556e-47
5.300000000000000000e+02 1.261025175540148622e-47
5.310000000000000000e+02 1.093216950094827182e-47
5.320000000000000000e+02 1.279850544844652334e-47
5.330000000000000000e+02 1.402610888697068317e-47
5.340000000000000000e+02 1.397855658912874051e-47
5.350000000000000000e+02 1.547456876911678526e-47
5.360000000000000000e+02 1.578145110252678234e-47
5.370000000000000000e+02 1.324907522740093207e-47
5.380000000000000000e+02 1.304843194733385647e-47
5.390000000000000000e+02 1.571853254059908166e-47
5.400000000000000000e+02 2.055770742536563401e-47
5.410000000000000000e+02 1.596046509674718219e-47
5.420000000000000000e+02 1.106098496336624900e-47
5.430000000000000000e+02 1.327630302159866656e-47
5.440000000000000000e+02 1.494853590198938109e-47
5.450000000000000000e+02 1.325375776667050635e-47
5.460000000000000000e+02 1.048597813183104935e-47
5.470000000000000000e+02 1.004600260836697109e-47
5.480000000000000000e+02 1.144470994677520423e-47
5.490000000000000000e+02 1.047048656603400731e-47
5.500000000000000000e+02 1.142479680660959375e-47
5.510000000000000000e+02 1.312158189527441619e-47
5.520000000000000000e+02 1.543432080522386478e-47
5.530000000000000000e+02 1.578939389324576345e-47
5.540000000000000000e+02 1.556286463181557865e-47
5.550000000000000000e+02 1.218074935029884193e-47
5.560000000000000000e+02 1.152123985968785873e-47
5.570000000000000000e+02 1.168670589888602262e-47
5.580000000000000000e+02 1.493475366606665367e-47
5.590000000000000000e+02 1.387566214052829602e-47
5.600000000000000000e+02 1.021778809267540590e-47
5.610000000000000000e+02 1.095954587257144840e-47
5.620000000000000000e+02 1.511380695712010592e-47
5.630000000000000000e+02 1.445054006753764050e-47
5.640000000000000000e+02 1.142005532136972698e-47
5.650000000000000000e+02 1.326742782418170235e-47
5.660000000000000000e+02 1.541835958268046640e-47
5.670000000000000000e+02 1.277592559192975332e-47
5.680000000000000000e+02 1.314126060080988259e-47
5.690000000000000000e+02 1.128388228143536696e-47
5.700000000000000000e+02 1.107087281886588465e-47
5.710000000000000000e+02 1.299191312772590942e-47
5.720000000000000000e+02 1.497052996706301757e-47
5.730000000000000000e+02 1.597783430318828043e-47
5.740000000000000000e+02 1.274738603735018801e-47
5.750000000000000000e+02 1.795049203674080952e-47
5.760000000000000000e+02 1.916397765461714403e-47
5.770000000000000000e+02 1.732954886499618013e-47
5.780000000000000000e+02 1.852121589838274118e-47
5.790000000000000000e+02 1.665236404995245240e-47
5.800000000000000000e+02 1.517679169599613987e-47
5.810000000000000000e+02 1.312474959180134506e-47
5.820000000000000000e+02 1.272260196759411063e-47
5.830000000000000000e+02 1.158726668772820659e-47
5.840000000000000000e+02 1.143842993207511804e-47
5.850000000000000000e+02 1.327411851995707170e-47
5.860000000000000000e+02 1.333495432906025802e-47
5.870000000000000000e+02 1.537052883923597500e-47
5.880000000000000000e+02 1.420378923936683639e-47
5.890000000000000000e+02 1.355201804268841652e-47
5.900000000000000000e+02 1.330255188683815232e-47
5.910000000000000000e+02 1.402827690521013896e-47
5.920000000000000000e+02 1.530056464665754322e-47
5.930000000000000000e+02 1.319937610772223747e-47
5.940000000000000000e+02 1.188511958529269985e-47
5.950000000000000000e+02 1.089018308921727246e-47
5.960000000000000000e+02 1.146585202494985922e-47
5.970000000000000000e+02 1.257931199765581991e-47
5.980000000000000000e+02 1.570536550010287070e-47
5.990000000000000000e+02 9.803121043700137191e-47
6.000000000000000000e+02 8.719374698374409523e-47
6.010000000000000000e+02 2.005264480207723990e-47
6.020000000000000000e+02 1.473598899980509947e-47
6.030000000000000000e+02 2.067130667171195892e-47
6.040000000000000000e+02 8.312147358746534328e-47
6.050000000000000000e+02 5.656770441333432269e-47
6.060000000000000000e+02 2.251858226629295644e-47
6.070000000000000000e+02 2.740751486758790460e-47
6.080000000000000000e+02 1.424351276130654291e-47
6.090000000000000000e+02 1.481157143692556165e-47
6.100000000000000000e+02 1.172139526273234442e-47
6.110000000000000000e+02 1.080636076951640288e-47
6.120000000000000000e+02 1.053884918746321039e-47
6.130000000000000000e+02 1.353410369326510721e-47
6.140000000000000000e+02 1.241138828968476147e-47
6.150000000000000000e+02 1.159677017941856927e-47
6.160000000000000000e+02 1.229537220832168146e-47
6.170000000000000000e+02 1.123421479812557598e-47
6.180000000000000000e+02 1.221236294743951367e-47
6.190000000000000000e+02 1.087886502706778394e-47
6.200000000000000000e+02 1.138804006785159254e-47
6.210000000000000000e+02 1.568996730580592108e-47
6.220000000000000000e+02 1.447404630091008425e-47
6.230000000000000000e+02 1.332899801883910632e-47
6.240000000000000000e+02 1.295300674280381465e-47
6.250000000000000000e+02 1.621635806252275229e-47
6.260000000000000000e+02 1.450937027915580461e-47
6.270000000000000000e+02 1.451500730071508149e-47
6.280000000000000000e+02 1.515059280737265442e-47
6.290000000000000000e+02 1.455762851952832712e-47
6.300000000000000000e+02 1.263665930419626585e-47
6.310000000000000000e+02 1.200055308943142710e-47
6.320000000000000000e+02 1.197595480594044867e-47
6.330000000000000000e+02 1.304393391763924578e-47
6.340000000000000000e+02 1.606854947242709387e-47
6.350000000000000000e+02 1.600344320223954831e-47
6.360000000000000000e+02 1.653981172146385769e-47
6.370000000000000000e+02 1.416740164319970157e-47
6.380000000000000000e+02 1.180087618679992465e-47
6.390000000000000000e+02 1.087477434781085251e-47
6.400000000000000000e+02 1.301812538354692109e-47
6.410000000000000000e+02 1.447447951115827978e-47
6.420000000000000000e+02 1.552516811931545820e-47
6.430000000000000000e+02 1.903966098339775175e-47
6.440000000000000000e+02 1.656584790891790010e-47
6.450000000000000000e+02 1.454761526228682822e-47
6.460000000000000000e+02 1.526497582663594746e-47
6.470000000000000000e+02 1.601697425316468637e-47
6.480000000000000000e+02 1.585186003178462834e-47
6.490000000000000000e+02 1.366690895102762226e-47
6.500000000000000000e+02 1.454289898847732026e-47
6.510000000000000000e+02 1.425478355239374119e-47
6.520000000000000000e+02 1.314747235063181441e-47
6.530000000000000000e+02 1.309302408071591233e-47
6.540000000000000000e+02 1.484915767080220176e-47
6.550000000000000000e+02 1.544778852129787264e-47
6.560000000000000000e+02 1.649109139463807015e-47
6.570000000000000000e+02 1.656213116202743120e-47
6.580000000000000000e+02 1.650359635260499928e-47
6.590000000000000000e+02 1.433834020061499380e-47
6.600000000000000000e+02 1.417966284777659635e-47
6.610000000000000000e+02 1.550738763907935710e-47
6.620000000000000000e+02 1.655594381559984875e-47
6.630000000000000000e+02 1.267301322367453011e-47
6.640000000000000000e+02 1.474573158067983030e-47
6.650000000000000000e+02 1.525969432561386093e-47
6.660000000000000000e+02 1.287004819411531946e-47
6.670000000000000000e+02 1.399740339673109848e-47
6.680000000000000000e+02 1.389379990496808057e-47
6.690000000000000000e+02 1.482777428867630982e-47
6.700000000000000000e+02 1.531380750208032180e-47
6.710000000000000000e+02 1.653227154194349064e-47
6.720000000000000000e+02 1.537493506914986074e-47
6.730000000000000000e+02 1.402384032030954610e-47
6.740000000000000000e+02 1.377609547071329010e-47
6.750000000000000000e+02 1.835543323875637735e-47
6.760000000000000000e+02 2.094361891215984950e-47
6.770000000000000000e+02 1.685182179965756790e-47
6.780000000000000000e+02 1.589993959127440772e-47
6.790000000000000000e+02 1.534291166281853334e-47
6.800000000000000000e+02 1.718324470189109903e-47
6.810000000000000000e+02 1.924412165923727420e-47
6.820000000000000000e+02 1.618196871231691027e-47
6.830000000000000000e+02 1.505684866613484877e-47
6.840000000000000000e+02 1.734295430765088199e-47
6.850000000000000000e+02 1.800067922251477124e-47
6.860000000000000000e+02 1.862270917433946510e-47
6.870000000000000000e+02 1.615255872047534448e-47
6.880000000000000000e+02 1.251966924574649512e-47
6.890000000000000000e+02 1.212950010143630813e-47
6.900000000000000000e+02 1.338506507605559686e-47
6.910000000000000000e+02 1.728169429913972057e-47
6.920000000000000000e+02 1.586569848328742476e-47
6.930000000000000000e+02 1.248455742370209232e-47
6.940000000000000000e+02 1.545259577245179083e-47
6.950000000000000000e+02 1.482144874071068350e-47
6.960000000000000000e+02 1.324141897154522935e-47
6.970000000000000000e+02 1.441679716741400774e-47
6.980000000000000000e+02 1.267898132079665981e-47
6.990000000000000000e+02 1.543799800997954074e-47
7.000000000000000000e+02 1.218083549037784770e-47
7.010000000000000000e+02 1.152448077581229521e-47
7.020000000000000000e+02 1.656228370174895019e-47
7.030000000000000000e+02 1.377084309064178058e-47
7.040000000000000000e+02 1.118887193694401585e-47
7.050000000000000000e+02 1.597774076041368090e-47
7.060000000000000000e+02 1.893375477716595808e-47
7.070000000000000000e+02 1.295640602343647724e-47
7.080000000000000000e+02 1.459499174360335027e-47
7.090000000000000000e+02 1.619611243346108997e-47
7.100000000000000000e+02 1.577286699778404310e-47
7.110000000000000000e+02 1.463596703926718263e-47
7.120000000000000000e+02 1.464069956545059075e-47
7.130000000000000000e+02 1.480513969844341408e-47
7.140000000000000000e+02 1.401174650564035743e-47
7.150000000000000000e+02 1.252722745766863461e-47
7.160000000000000000e+02 1.338073699734125162e-47
7.170000000000000000e+02 1.666731735770732901e-47
7.180000000000000000e+02 1.892555945456638924e-47
7.190000000000000000e+02 1.376802594713465924e-47
7.200000000000000000e+02 1.384177285798977154e-47
7.210000000000000000e+02 1.526427489016073911e-47
7.220000000000000000e+02 1.815682965501005088e-47
7.230000000000000000e+02 1.690285860112336334e-47
7.240000000000000000e+02 1.495774157296293348e-47
7.250000000000000000e+02 1.270206721517015116e-47
7.260000000000000000e+02 1.750856842716828163e-47
7.270000000000000000e+02 1.834919020467712581e-47
7.280000000000000000e+02 2.084139753671620928e-47
7.290000000000000000e+02 1.578621878018036698e-47
7.300000000000000000e+02 1.377931103878185008e-47
7.310000000000000000e+02 1.503029754867249852e-47
7.320000000000000000e+02 1.589940545770897364e-47
7.330000000000000000e+02 1.736902427910129966e-47
7.340000000000000000e+02 1.682263752086214076e-47
7.350000000000000000e+02 1.608490893316005205e-47
7.360000000000000000e+02 1.604742196760410376e-47
7.370000000000000000e+02 1.597391514995030545e-47
7.380000000000000000e+02 1.696174562958547481e-47
7.390000000000000000e+02 1.456737707752555951e-47
7.400000000000000000e+02 1.828278837180772992e-47
7.410000000000000000e+02 1.472196448451764698e-47
7.420000000000000000e+02 1.721690049599667413e-47
7.430000000000000000e+02 2.002663407535387101e-47
7.440000000000000000e+02 1.349663511625477878e-47
7.450000000000000000e+02 1.294293365098507929e-47
7.460000000000000000e+02 1.393390183914877760e-47
7.470000000000000000e+02 1.349813095606915100e-47
7.480000000000000000e+02 1.599853031088234379e-47
7.490000000000000000e+02 1.720876107307823759e-47
7.500000000000000000e+02 1.495767995078852816e-47
7.510000000000000000e+02 1.637787463962673651e-47
7.520000000000000000e+02 1.894046706610044808e-47
7.530000000000000000e+02 1.923944653669130952e-47
7.540000000000000000e+02 1.886054139932579728e-47
7.550000000000000000e+02 1.792252929465615287e-47
7.560000000000000000e+02 1.414305144676203192e-47
7.570000000000000000e+02 2.092701222477618045e-47
7.580000000000000000e+02 4.683094837498818329e-47
7.590000000000000000e+02 4.907472851929333471e-47
7.600000000000000000e+02 2.821227076048822645e-47
7.610000000000000000e+02 2.124030640643931638e-47
7.620000000000000000e+02 1.931284389080254723e-47
7.630000000000000000e+02 2.066423845701221826e-47
7.640000000000000000e+02 2.008277481803106024e-47
7.650000000000000000e+02 1.768378022586204904e-47
7.660000000000000000e+02 1.582715200763406889e-47
7.670000000000000000e+02 1.731683215520343824e-47
7.680000000000000000e+02 1.667552399888192892e-47
7.690000000000000000e+02 1.600763968983795492e-47
7.700000000000000000e+02 1.568638633139533137e-47
7.710000000000000000e+02 1.470356602227284488e-47
7.720000000000000000e+02 1.622138051443761427e-47
7.730000000000000000e+02 1.945994864800484106e-47
7.740000000000000000e+02 1.796689196862980291e-47
7.750000000000000000e+02 1.810564453523484079e-47
7.760000000000000000e+02 1.873841449181799625e-47
7.770000000000000000e+02 2.707250417341593791e-47
7.780000000000000000e+02 4.669750225409943008e-47
7.790000000000000000e+02 3.332227126677291671e-47
7.800000000000000000e+02 1.868795513886295721e-47
7.810000000000000000e+02 2.205926461394483450e-47
7.820000000000000000e+02 2.062766276319631857e-47
7.830000000000000000e+02 1.816167463893571725e-47
7.840000000000000000e+02 1.647289148040538895e-47
7.850000000000000000e+02 2.042807296520208150e-47
7.860000000000000000e+02 1.632426023359684988e-47
7.870000000000000000e+02 1.689854722793272977e-47
7.880000000000000000e+02 2.008886009689083879e-47
7.890000000000000000e+02 1.691167484889722846e-47
7.900000000000000000e+02 1.711395626794930708e-47
7.910000000000000000e+02 2.114198045845422969e-47
7.920000000000000000e+02 1.980572433120267176e-47
7.930000000000000000e+02 1.696464681907753412e-47
7.940000000000000000e+02 2.357385973327912565e-47
7.950000000000000000e+02 1.917196547220814099e-47
7.960000000000000000e+02 1.769397039174124499e-47
7.970000000000000000e+02 1.862152270391569046e-47
7.980000000000000000e+02 2.093220948856449495e-47
7.990000000000000000e+02 1.827057286956974717e-47
8.000000000000000000e+02 1.923684944982945296e-47
8.010000000000000000e+02 2.062799814996628196e-47
8.020000000000000000e+02 1.978222312812512157e-47
8.030000000000000000e+02 2.023869925562689494e-47
8.040000000000000000e+02 1.932162068294475267e-47
8.050000000000000000e+02 1.882250415108264081e-47
8.060000000000000000e+02 1.734743110919398342e-47
8.070000000000000000e+02 2.010383609217754745e-47
8.080000000000000000e+02 2.362811746762598477e-47
8.090000000000000000e+02 2.345539113767202448e-47
8.100000000000000000e+02 2.409612609794613088e-47
8.110000000000000000e+02 2.309895297676121886e-47
8.120000000000000000e+02 1.908708171375473986e-47
8.130000000000000000e+02 1.886718551677487333e-47
8.140000000000000000e+02 1.991659024245433486e-47
8.150000000000000000e+02 1.625568523612942853e-47
8.160000000000000000e+02 1.939672635097370095e-47
8.170000000000000000e+02 2.035712116345256994e-47
8.180000000000000000e+02 1.868877495465507639e-47
8.190000000000000000e+02 2.021841679708773384e-47
8.200000000000000000e+02 1.833215823565176551e-47
8.210000000000000000e+02 1.737988507068453892e-47
8.220000000000000000e+02 1.853483992770941772e-47
8.230000000000000000e+02 1.840176785106895148e-47
8.240000000000000000e+02 2.134676796891373735e-47
8.250000000000000000e+02 2.005472916610735088e-47
8.260000000000000000e+02 1.864936172696572382e-47
8.270000000000000000e+02 1.745841320772609941e-47
8.280000000000000000e+02 1.804787121994106195e-47
8.290000000000000000e+02 1.853245339880820275e-47
8.300000000000000000e+02 1.747339102967017868e-47
8.310000000000000000e+02 2.432334839571986280e-47
8.320000000000000000e+02 2.938047365952526277e-47
8.330000000000000000e+02 2.163356836813545885e-47
8.340000000000000000e+02 1.973076046626162490e-47
8.350000000000000000e+02 2.430468736320607319e-47
8.360000000000000000e+02 2.537122487682912037e-47
8.370000000000000000e+02 2.600007770238352852e-47
8.380000000000000000e+02 2.532067517257632860e-47
8.390000000000000000e+02 2.023297520272241587e-47
8.400000000000000000e+02 3.888511386220592185e-47
8.410000000000000000e+02 5.549189522389114354e-47
8.420000000000000000e+02 2.921667782782001165e-47
8.430000000000000000e+02 2.571253780095757067e-47
8.440000000000000000e+02 2.257164193218752188e-47
8.450000000000000000e+02 1.701093360460958805e-47
8.460000000000000000e+02 1.671596377428718809e-47
8.470000000000000000e+02 2.052231544568165926e-47
8.480000000000000000e+02 2.300511806968996992e-47
8.490000000000000000e+02 2.103331192513052464e-47
8.500000000000000000e+02 2.212636812321946846e-47
8.510000000000000000e+02 1.859983259522709021e-47
8.520000000000000000e+02 1.677860754951321224e-47
8.530000000000000000e+02 2.186078894059583361e-47
8.540000000000000000e+02 2.373079496432693822e-47
8.550000000000000000e+02 2.914871578519559966e-47
8.560000000000000000e+02 2.989992081007528001e-47
8.570000000000000000e+02 2.523303987244510750e-47
8.580000000000000000e+02 1.957199673046018820e-47
8.590000000000000000e+02 1.988475012312599394e-47
8.600000000000000000e+02 1.945458843759973170e-47
8.610000000000000000e+02 2.000538389616990032e-47
8.620000000000000000e+02 2.261618445602770391e-47
8.630000000000000000e+02 2.283578220953229531e-47
8.640000000000000000e+02 1.930156320880361881e-47
8.650000000000000000e+02 2.143585741340810221e-47
8.660000000000000000e+02 1.795209827706464964e-47
8.670000000000000000e+02 1.950061847727736649e-47
8.680000000000000000e+02 2.023558337890282996e-47
8.690000000000000000e+02 2.199465869615858544e-47
8.700000000000000000e+02 2.133692024166954179e-47
8.710000000000000000e+02 2.058129074321528303e-47
8.720000000000000000e+02 2.112075417598538935e-47
8.730000000000000000e+02 2.133716830952987790e-47
8.740000000000000000e+02 2.029262949878525605e-47
8.750000000000000000e+02 2.014859987967752798e-47
8.760000000000000000e+02 2.237403695188481945e-47
8.770000000000000000e+02 2.342922843993252233e-47
8.780000000000000000e+02 2.098752429034015029e-47
8.790000000000000000e+02 2.502372781423384623e-47
8.800000000000000000e+02 2.739652948035774367e-47
8.810000000000000000e+02 2.453844845197728255e-47
8.820000000000000000e+02 1.917144290551494152e-47
8.830000000000000000e+02 1.554485402757260609e-47
8.840000000000000000e+02 1.838189687603818873e-47
8.850000000000000000e+02 2.113655091613957538e-47
8.860000000000000000e+02 2.152717527920727188e-47
8.870000000000000000e+02 2.456789529755111799e-47
8.880000000000000000e+02 2.204163323555223811e-47
8.890000000000000000e+02 2.828126056180286362e-47
8.900000000000000000e+02 2.431460632752300396e-47
8.910000000000000000e+02 1.744553473285945621e-47
8.920000000000000000e+02 2.128146354189044359e-47
8.930000000000000000e+02 2.066101728610865245e-47
8.940000000000000000e+02 1.975026617355961486e-47
8.950000000000000000e+02 2.192711143699000970e-47
8.960000000000000000e+02 1.931053196271567934e-47
8.970000000000000000e+02 1.927636204611130958e-47
8.980000000000000000e+02 2.795468194650419510e-47
8.990000000000000000e+02 3.993142629124025003e-47
9.000000000000000000e+02 3.215796017942260180e-47
9.010000000000000000e+02 2.485365445915153672e-47
9.020000000000000000e+02 2.581682129512982504e-47
9.030000000000000000e+02 2.228075924295043171e-47
9.040000000000000000e+02 2.347613729453281779e-47
9.050000000000000000e+02 1.953401953531137070e-47
9.060000000000000000e+02 2.105081613382272430e-47
9.070000000000000000e+02 2.286638512321182161e-47
9.080000000000000000e+02 2.012000716739868629e-47
9.090000000000000000e+02 2.049281242927516537e-47
9.100000000000000000e+02 2.661476468159365223e-47
9.110000000000000000e+02 2.402319423940034756e-47
9.120000000000000000e+02 2.519519893507980475e-47
9.130000000000000000e+02 2.453098530492341098e-47
9.140000000000000000e+02 2.259096652919845609e-47
9.150000000000000000e+02 2.067791003370972151e-47
9.160000000000000000e+02 2.222146487336875070e-47
9.170000000000000000e+02 2.138346010156459956e-47
9.180000000000000000e+02 1.557503665261200010e-47
9.190000000000000000e+02 1.468320118143023961e-47
9.200000000000000000e+02 1.847753460232234668e-47
9.210000000000000000e+02 1.823091857788544720e-47
9.220000000000000000e+02 2.418027347038660195e-47
9.230000000000000000e+02 2.537980939577628400e-47
9.240000000000000000e+02 2.240235849906089752e-47
9.250000000000000000e+02 2.687456638073936546e-47
9.260000000000000000e+02 2.322735692734580535e-47
9.270000000000000000e+02 2.346973599798084241e-47
9.280000000000000000e+02 1.868739616854619470e-47
9.290000000000000000e+02 1.521795826878776845e-47
9.300000000000000000e+02 1.681790903876739735e-47
9.310000000000000000e+02 1.870299115904167395e-47
9.320000000000000000e+02 2.201568315631661514e-47
9.330000000000000000e+02 2.667616747323142043e-47
9.340000000000000000e+02 2.184403678577084816e-47
9.350000000000000000e+02 1.997301267855717743e-47
9.360000000000000000e+02 1.748588093274095831e-47
9.370000000000000000e+02 2.092707390956640992e-47
9.380000000000000000e+02 2.568179435553728733e-47
9.390000000000000000e+02 2.775598810217949759e-47
9.400000000000000000e+02 2.518135441726702238e-47
9.410000000000000000e+02 2.490042126498644892e-47
9.420000000000000000e+02 2.467149386744585181e-47
9.430000000000000000e+02 2.072243821643751038e-47
9.440000000000000000e+02 2.108996323744873858e-47
9.450000000000000000e+02 2.584225591880983120e-47
9.460000000000000000e+02 2.270002163301545442e-47
9.470000000000000000e+02 2.343666605917293078e-47
9.480000000000000000e+02 2.222601941922505188e-47
9.490000000000000000e+02 1.838617138994100194e-47
9.500000000000000000e+02 1.297902109836453282e-47
9.510000000000000000e+02 1.919222444540671883e-47
9.520000000000000000e+02 2.662196770731877051e-47
9.530000000000000000e+02 2.715367668344963871e-47
9.540000000000000000e+02 2.345356566631309122e-47
9.550000000000000000e+02 2.426168791684450574e-47
9.560000000000000000e+02 2.363676281760446864e-47
9.570000000000000000e+02 2.628830173916981662e-47
9.580000000000000000e+02 2.620420101744316974e-47
9.590000000000000000e+02 2.141352369417014432e-47
9.600000000000000000e+02 2.256533815267810349e-47
9.610000000000000000e+02 2.285733324750799001e-47
9.620000000000000000e+02 2.566771970267523321e-47
9.630000000000000000e+02 2.521236428142185464e-47
9.640000000000000000e+02 1.984406659890126206e-47
9.650000000000000000e+02 1.924895393728710269e-47
9.660000000000000000e+02 1.765728472743639655e-47
9.670000000000000000e+02 2.599162198663159216e-47
9.680000000000000000e+02 3.346555296808233037e-47
9.690000000000000000e+02 3.162827728939232481e-47
9.700000000000000000e+02 3.029203250782621572e-47
9.710000000000000000e+02 2.768366346482986496e-47
9.720000000000000000e+02 2.129380423372313117e-47
9.730000000000000000e+02 1.646723188038641550e-47
9.740000000000000000e+02 2.142512099195899686e-47
9.750000000000000000e+02 2.159411854760292022e-47
9.760000000000000000e+02 2.642988354198793125e-47
9.770000000000000000e+02 2.754992000838774416e-47
9.780000000000000000e+02 3.419567044926097281e-47
9.790000000000000000e+02 3.262456934561282239e-47
9.800000000000000000e+02 2.202950834002916761e-47
9.810000000000000000e+02 2.151057117263108896e-47
9.820000000000000000e+02 2.409747287288162892e-47
9.830000000000000000e+02 2.850206741560227945e-47
9.840000000000000000e+02 3.703490396607317392e-47
9.850000000000000000e+02 9.080752313754470319e-47
9.860000000000000000e+02 4.171985512345030598e-46
9.870000000000000000e+02 8.631380509095640270e-45
9.880000000000000000e+02 8.760492776470749675e-42
9.890000000000000000e+02 3.863050050230774674e-41
9.900000000000000000e+02 1.090067672399179014e-41
9.910000000000000000e+02 3.871212795750447446e-45
9.920000000000000000e+02 2.856080194065905601e-46
9.930000000000000000e+02 6.246747768500606634e-47
9.940000000000000000e+02 4.893147912929140144e-47
9.950000000000000000e+02 1.435791417729032082e-46
9.960000000000000000e+02 1.139987016077695081e-46
9.970000000000000000e+02 5.467942392982815486e-46
9.980000000000000000e+02 3.281639055961809936e-45
9.990000000000000000e+02 1.330176075287436615e-43
1.000000000000000000e+03 1.415344467282114796e-42
1.001000000000000000e+03 8.185637495335367771e-43
1.002000000000000000e+03 9.883145582473719443e-45
1.003000000000000000e+03 7.761185095108314290e-46
1.004000000000000000e+03 7.441003329371304932e-44
1.005000000000000000e+03 4.041358272782318462e-43
1.006000000000000000e+03 1.514121609026042144e-43
1.007000000000000000e+03 1.709170525565881702e-43
1.008000000000000000e+03 1.000465052059960632e-41
1.009000000000000000e+03 1.773976346374754666e-41
1.010000000000000000e+03 1.774887186315460485e-42
1.011000000000000000e+03 1.299189919943093241e-44
1.012000000000000000e+03 1.201616141817694811e-45
1.013000000000000000e+03 2.412808626689430585e-46
1.014000000000000000e+03 8.883828666693239522e-47
1.015000000000000000e+03 3.824657931413973692e-47
1.016000000000000000e+03 2.709140280873707342e-47
1.017000000000000000e+03 3.725015448331001936e-47
1.018000000000000000e+03 1.152638076981347093e-46
1.019000000000000000e+03 5.788582432292611115e-47
1.020000000000000000e+03 1.993442692397852389e-47
1.021000000000000000e+03 2.215328351842328655e-47
1.022000000000000000e+03 2.378537352404039943e-47
1.023000000000000000e+03 2.648966210806336192e-47
1.024000000000000000e+03 3.236330882508053830e-47
1.025000000000000000e+03 2.762352265656320125e-47
1.026000000000000000e+03 2.071953050835354545e-47
1.027000000000000000e+03 2.773164967501915375e-47
1.028000000000000000e+03 2.896042165243929955e-47
1.029000000000000000e+03 2.910938529150186824e-47
1.030000000000000000e+03 2.956932662902716569e-47
1.031000000000000000e+03 2.656627347589739944e-47
1.032000000000000000e+03 2.013918690790624136e-47
1.033000000000000000e+03 2.112001420012942561e-47
1.034000000000000000e+03 2.479143524531262979e-47
1.035000000000000000e+03 2.510857961273837573e-47
1.036000000000000000e+03 2.550442532382272125e-47
1.037000000000000000e+03 2.577084569664117232e-47
1.038000000000000000e+03 2.984215656423351917e-47
1.039000000000000000e+03 2.718043278811244809e-47
1.040000000000000000e+03 2.210464093937473536e-47
1.041000000000000000e+03 2.171806199155057294e-47
1.042000000000000000e+03 2.367605136672732608e-47
1.043000000000000000e+03 3.135190074367061874e-47
1.044000000000000000e+03 3.406897985847161760e-47
1.045000000000000000e+03 3.132258253966390032e-47
1.046000000000000000e+03 2.805969276116459709e-47
1.047000000000000000e+03 2.480195270453010780e-47
1.048000000000000000e+03 2.319325174599280274e-47
1.049000000000000000e+03 2.423979116790316893e-47
1.050000000000000000e+03 3.042914433031488407e-47
1.051000000000000000e+03 2.655989433069162230e-47
1.052000000000000000e+03 2.703927826090530629e-47
1.053000000000000000e+03 2.676543048909025781e-47
1.054000000000000000e+03 2.940598610474707278e-47
1.055000000000000000e+03 2.963414142959325194e-47
1.056000000000000000e+03 2.405455684621796584e-47
1.057000000000000000e+03 2.888841901340685091e-47
1.058000000000000000e+03 2.871847628018155400e-47
1.059000000000000000e+03 2.511394289477345385e-47
1.060000000000000000e+03 2.495306528353629875e-47
1.061000000000000000e+03 2.373700857809356855e-47
1.062000000000000000e+03 2.486658994586405941e-47
1.063000000000000000e+03 2.403686914238444397e-47
1.064000000000000000e+03 2.284474381461851051e-47
1.065000000000000000e+03 2.556525859149353937e-47
1.066000000000000000e+03 3.086824848803307694e-47
1.067000000000000000e+03 3.672575796259920819e-47
1.068000000000000000e+03 3.910354642481560057e-47
1.069000000000000000e+03 3.169105331094618305e-47
1.070000000000000000e+03 2.346441008473367947e-47
1.071000000000000000e+03 2.622772570659639688e-47
1.072000000000000000e+03 2.861860129895613795e-47
1.073000000000000000e+03 2.682078445766130928e-47
1.074000000000000000e+03 2.739889926445494250e-47
1.075000000000000000e+03 3.007164114995676865e-47
1.076000000000000000e+03 2.662925452317265539e-47
1.077000000000000000e+03 2.482641806739051681e-47
1.078000000000000000e+03 3.005668755637710601e-47
1.079000000000000000e+03 3.501834380790550942e-47
1.080000000000000000e+03 3.234278373613533204e-47
1.081000000000000000e+03 2.929537528986728443e-47
1.082000000000000000e+03 2.762660102059574231e-47
1.083000000000000000e+03 3.116962335155249324e-47
1.084000000000000000e+03 3.040138274842841907e-47
1.085000000000000000e+03 3.194936214642766488e-47
1.086000000000000000e+03 3.239750334820155844e-47
1.087000000000000000e+03 2.915554337835249599e-47
1.088000000000000000e+03 2.331605683092812831e-47
1.089000000000000000e+03 2.446262815949145015e-47
1.090000000000000000e+03 3.310576450497958506e-47
1.091000000000000000e+03 3.243382997132867487e-47
1.092000000000000000e+03 2.956166681812144383e-47
1.093000000000000000e+03 2.985582204696630905e-47
1.094000000000000000e+03 2.686754932043958893e-47
1.095000000000000000e+03 2.809263353499015826e-47
1.096000000000000000e+03 3.093459970556509839e-47
1.097000000000000000e+03 2.602201568398312697e-47
1.098000000000000000e+03 2.980266713489908083e-47
1.099000000000000000e+03 3.089141928011487207e-47
1.100000000000000000e+03 3.292894242862328623e-47
1.101000000000000000e+03 2.758689398936264323e-47
1.102000000000000000e+03 2.421182987743948858e-47
1.103000000000000000e+03 2.128792034656407904e-47
1.104000000000000000e+03 2.591246757600614463e-47
1.105000000000000000e+03 2.435856732528217058e-47
1.106000000000000000e+03 2.619314573956941726e-47
1.107000000000000000e+03 3.291654856865831075e-47
1.108000000000000000e+03 3.505403374451802054e-47
1.109000000000000000e+03 3.285055574757510137e-47
1.110000000000000000e+03 3.258556169387311924e-47
1.111000000000000000e+03 3.435753833617726474e-47
1.112000000000000000e+03 3.085731353076146871e-47
1.113000000000000000e+03 3.093198631245320769e-47
1.114000000000000000e+03 3.453526785001817245e-47
1.115000000000000000e+03 3.167889445674271183e-47
1.116000000000000000e+03 2.982321714546729296e-47
1.117000000000000000e+03 2.829960448673443816e-47
1.118000000000000000e+03 3.171269812216101310e-47
1.119000000000000000e+03 3.706798601114795875e-47
1.120000000000000000e+03 3.458953947634420008e-47
1.121000000000000000e+03 3.042223895199426362e-47
1.122000000000000000e+03 2.575375304006725210e-47
1.123000000000000000e+03 2.482349256197792967e-47
1.124000000000000000e+03 2.481536002658374675e-47
1.125000000000000000e+03 1.924335037041377187e-47
1.126000000000000000e+03 2.186686260912427215e-47
1.127000000000000000e+03 3.008392595426931608e-47
1.128000000000000000e+03 2.778176623669369566e-47
1.129000000000000000e+03 3.325136408856848213e-47
1.130000000000000000e+03 3.470140460305980859e-47
1.131000000000000000e+03 3.690729669033481826e-47
1.132000000000000000e+03 3.666521924418622807e-47
1.133000000000000000e+03 3.940734699879383563e-47
1.134000000000000000e+03 2.333333388828042496e-47
1.135000000000000000e+03 2.255895870770016601e-47
1.136000000000000000e+03 2.826686563707850246e-47
1.137000000000000000e+03 3.271961416831867834e-47
1.138000000000000000e+03 3.025271722595652978e-47
1.139000000000000000e+03 2.757830654330093679e-47
1.140000000000000000e+03 2.912039827566146335e-47
1.141000000000000000e+03 2.952350464105157986e-47
1.142000000000000000e+03 3.087962616360369125e-47
1.143000000000000000e+03 3.275659132991325101e-47
1.144000000000000000e+03 3.751078071273001682e-47
1.145000000000000000e+03 3.642392250582231114e-47
1.146000000000000000e+03 2.958677121200411864e-47
1.147000000000000000e+03 3.141921748388357305e-47
1.148000000000000000e+03 3.523422333528263002e-47
1.149000000000000000e+03 3.573643063413221198e-47
1.150000000000000000e+03 3.307131960040278170e-47
1.151000000000000000e+03 3.611327617941174349e-47
1.152000000000000000e+03 3.410323615893433620e-47
1.153000000000000000e+03 3.046978242444892225e-47
1.154000000000000000e+03 3.234247828692627349e-47
1.155000000000000000e+03 3.549390172737800100e-47
1.156000000000000000e+03 3.432637096643423895e-47
1.157000000000000000e+03 3.051785518825870533e-47
1.158000000000000000e+03 3.332070047198013666e-47
1.159000000000000000e+03 1.455912761685265697e-46
1.160000000000000000e+03 2.505136005743617991e-46
1.161000000000000000e+03 4.575898061137998960e-47
1.162000000000000000e+03 2.844357645501362375e-47
1.163000000000000000e+03 2.946565859590124758e-47
1.164000000000000000e+03 2.921349518986176398e-47
1.165000000000000000e+03 2.251948480777566477e-47
1.166000000000000000e+03 2.277795532768328342e-47
1.167000000000000000e+03 9.108636907928899275e-47
1.168000000000000000e+03 1.771404930614657832e-46
1.169000000000000000e+03 5.679836902233522328e-47
1.170000000000000000e+03 3.814978880796987384e-47
1.171000000000000000e+03 3.560945553210175627e-47
1.172000000000000000e+03 3.015946816541010928e-47
1.173000000000000000e+03 3.375639214164569882e-47
1.174000000000000000e+03 3.381323480437996786e-47
1.175000000000000000e+03 2.780326737048064129e-47
1.176000000000000000e+03 3.361673324469227961e-47
1.177000000000000000e+03 2.728409445223548172e-47
1.178000000000000000e+03 3.228685033415740373e-47
1.179000000000000000e+03 3.790031885259744594e-47
1.180000000000000000e+03 3.904788615889744208e-47
1.181000000000000000e+03 3.612600428140812080e-47
1.182000000000000000e+03 2.716804907744634735e-47
1.183000000000000000e+03 2.869382492831345836e-47
1.184000000000000000e+03 3.692001763590608352e-47
1.185000000000000000e+03 3.564306819118050193e-47
1.186000000000000000e+03 3.844237889133183824e-47
1.187000000000000000e+03 3.924341834987866333e-47
1.188000000000000000e+03 4.096268580346617771e-47
1.189000000000000000e+03 5.930223327860605637e-47
1.190000000000000000e+03 3.635503801650267817e-47
1.191000000000000000e+03 3.903859612533138372e-47
1.192000000000000000e+03 3.221573108980290507e-47
1.193000000000000000e+03 2.750314408017311370e-47
1.194000000000000000e+03 3.237816864230313073e-47
1.195000000000000000e+03 3.666270073671053285e-47
1.196000000000000000e+03 3.410925103234264849e-47
1.197000000000000000e+03 3.302462210465127982e-47
1.198000000000000000e+03 3.703890239320396896e-47
1.199000000000000000e+03 4.645143840456069750e-47
1.200000000000000000e+03 3.325198340478569578e-47
1.201000000000000000e+03 2.818831186295212910e-47
1.202000000000000000e+03 2.725270412781792543e-47
1.203000000000000000e+03 3.057386939450675032e-47
1.204000000000000000e+03 3.511808072076575372e-47
1.205000000000000000e+03 3.136591600999849571e-47
1.206000000000000000e+03 3.062622233253457246e-47
1.207000000000000000e+03 3.497521101219701265e-47
1.208000000000000000e+03 2.968833518112639500e-47
1.209000000000000000e+03 2.992016041476745402e-47
1.210000000000000000e+03 3.001155583838335790e-47
1.211000000000000000e+03 3.143553532073959982e-47
1.212000000000000000e+03 3.377888528826328735e-47
1.213000000000000000e+03 3.547045057380991802e-47
1.214000000000000000e+03 3.474912748854007962e-47
1.215000000000000000e+03 3.611488854936242123e-47
1.216000000000000000e+03 3.120549813815180182e-47
1.217000000000000000e+03 3.510895255521980563e-47
1.218000000000000000e+03 3.615631764736147632e-47
1.219000000000000000e+03 3.641901275564541451e-47
1.220000000000000000e+03 3.592650743911840333e-47
1.221000000000000000e+03 3.748142845904890843e-47
1.222000000000000000e+03 3.675471950639455204e-47
1.223000000000000000e+03 3.437118660266379025e-47
1.224000000000000000e+03 3.110053732975895702e-47
1.225000000000000000e+03 3.676386311733904547e-47
1.226000000000000000e+03 4.174885026896296893e-47
1.227000000000000000e+03 3.617706038039073119e-47
1.228000000000000000e+03 4.281579061764186980e-47
1.229000000000000000e+03 4.812349030290953861e-47
1.230000000000000000e+03 4.010870784101783116e-47
1.231000000000000000e+03 3.669735990426884383e-47
1.232000000000000000e+03 3.642792893306197822e-47
1.233000000000000000e+03 3.699665622678018416e-47
1.234000000000000000e+03 3.463274898185087176e-47
1.235000000000000000e+03 3.772197147129330669e-47
1.236000000000000000e+03 3.796841544668750227e-47
1.237000000000000000e+03 3.451431551982961133e-47
1.238000000000000000e+03 4.050121294363850351e-47
1.239000000000000000e+03 3.877775456641484277e-47
1.240000000000000000e+03 3.571733826741098666e-47
1.241000000000000000e+03 3.777706426775372261e-47
1.242000000000000000e+03 3.650960311281480753e-47
1.243000000000000000e+03 3.799636129690261512e-47
1.244000000000000000e+03 3.404289377679767363e-47
1.245000000000000000e+03 3.306969137927399086e-47
1.246000000000000000e+03 3.842809734758270800e-47
1.247000000000000000e+03 3.972561341207579831e-47
1.248000000000000000e+03 3.504732238793818441e-47
1.249000000000000000e+03 3.424083621694073043e-47
1.250000000000000000e+03 4.092436704005147889e-47
1.251000000000000000e+03 4.015829611561885006e-47
1.252000000000000000e+03 3.609252911395654650e-47
1.253000000000000000e+03 3.508212907022385607e-47
1.254000000000000000e+03 4.336797463310020630e-47
1.255000000000000000e+03 3.818218970547051360e-47
1.256000000000000000e+03 3.790719319321485690e-47
1.257000000000000000e+03 4.526635192714560331e-47
1.258000000000000000e+03 4.313844884595296662e-47
1.259000000000000000e+03 3.789934540257509434e-47
1.260000000000000000e+03 3.231985501372274066e-47
1.261000000000000000e+03 2.921659832132732288e-47
1.262000000000000000e+03 3.076021688463016057e-47
1.263000000000000000e+03 3.040428960827097270e-47
1.264000000000000000e+03 3.670144327367854908e-47
1.265000000000000000e+03 3.815953407940745015e-47
1.266000000000000000e+03 3.779201482874668240e-47
1.267000000000000000e+03 3.616146019817814245e-47
1.268000000000000000e+03 3.588791562874887903e-47
1.269000000000000000e+03 3.595160145757680353e-47
1.270000000000000000e+03 3.918476859026278076e-47
1.271000000000000000e+03 4.305682158325840768e-47
1.272000000000000000e+03 4.314428279798874825e-47
1.273000000000000000e+03 3.603705693559431666e-47
1.274000000000000000e+03 3.893904037877204187e-47
1.275000000000000000e+03 4.797927774082453549e-47
1.276000000000000000e+03 3.813054048547582601e-47
1.277000000000000000e+03 4.482158818546471340e-47
1.278000000000000000e+03 3.814265084764847970e-47
1.279000000000000000e+03 3.264119089592965270e-47
1.280000000000000000e+03 3.382853405984053951e-47
1.281000000000000000e+03 3.356907938057294172e-47
1.282000000000000000e+03 3.584635504434084540e-47
1.283000000000000000e+03 3.338628977634319247e-47
1.284000000000000000e+03 3.552062321203309873e-47
1.285000000000000000e+03 3.400036039041722739e-47
1.286000000000000000e+03 4.088881295445891507e-47
1.287000000000000000e+03 4.537320497347595034e-47
1.288000000000000000e+03 4.196903002202207938e-47
1.289000000000000000e+03 3.230299781172064777e-47
1.290000000000000000e+03 4.366052005899304790e-47
1.291000000000000000e+03 4.117361331388337360e-47
1.292000000000000000e+03 3.351685560018893066e-47
1.293000000000000000e+03 4.280342009462689737e-47
1.294000000000000000e+03 7.620040259751036245e-47
1.295000000000000000e+03 1.666005238291207243e-46
1.296000000000000000e+03 9.298051593565956225e-47
1.297000000000000000e+03 4.419975793018685799e-47
1.298000000000000000e+03 4.511490765898990037e-47
1.299000000000000000e+03 4.672807509073680672e-47
1.300000000000000000e+03 4.375362570652376447e-47
1.301000000000000000e+03 3.988113040266387542e-47
1.302000000000000000e+03 4.322759965668318098e-47
1.303000000000000000e+03 4.149746204438730367e-47
1.304000000000000000e+03 4.344223525846541642e-47
1.305000000000000000e+03 4.775958474252237808e-47
1.306000000000000000e+03 4.741703945002498126e-47
1.307000000000000000e+03 3.193794260201775416e-47
1.308000000000000000e+03 4.137712584903683203e-47
1.309000000000000000e+03 4.718688519249286975e-47
1.310000000000000000e+03 4.713728374408515701e-47
1.311000000000000000e+03 8.777444709000703500e-47
1.312000000000000000e+03 7.134199697910425143e-47
1.313000000000000000e+03 4.318712659612527223e-47
1.314000000000000000e+03 3.875227349840422691e-47
1.315000000000000000e+03 4.222400596886987908e-47
1.316000000000000000e+03 4.888131826947940395e-47
1.317000000000000000e+03 5.051890216022701867e-47
1.318000000000000000e+03 4.988201489005529106e-47
1.319000000000000000e+03 7.659821681868530853e-47
1.320000000000000000e+03 7.356845725279150292e-47
1.321000000000000000e+03 6.070307739998544213e-47
1.322000000000000000e+03 6.214956023127151372e-47
1.323000000000000000e+03 4.609982761999226528e-47
1.324000000000000000e+03 4.157723608516394315e-47
1.325000000000000000e+03 3.542842354526436981e-47
1.326000000000000000e+03 4.245863430293647380e-47
1.327000000000000000e+03 4.470580009572480989e-47
1.328000000000000000e+03 5.630331158151376188e-47
1.329000000000000000e+03 5.549750179502197945e-47
1.330000000000000000e+03 4.566142878877065132e-47
1.331000000000000000e+03 4.656490619390562452e-47
1.332000000000000000e+03 4.301143415807901860e-47
1.333000000000000000e+03 3.980285861494569979e-47
1.334000000000000000e+03 3.663247915649435078e-47
1.335000000000000000e+03 4.255696042870567096e-47
1.336000000000000000e+03 5.599135835019954271e-47
1.337000000000000000e+03 5.419522152602070210e-47
1.338000000000000000e+03 5.628429022615085101e-47
1.339000000000000000e+03 4.328473407358291861e-47
1.340000000000000000e+03 3.486013414745588108e-47
1.341000000000000000e+03 3.455640579587488171e-47
1.342000000000000000e+03 4.126770893336930123e-47
1.343000000000000000e+03 5.126909745740251519e-47
1.344000000000000000e+03 4.915091605958287771e-47
1.345000000000000000e+03 4.926837739648447749e-47
1.346000000000000000e+03 5.525626843379552228e-47
1.347000000000000000e+03 4.665250092426741473e-47
1.348000000000000000e+03 3.600139469196674762e-47
1.349000000000000000e+03 4.223780038431995865e-47
1.350000000000000000e+03 5.932498725362970821e-47
1.351000000000000000e+03 4.738530090773488331e-47
1.352000000000000000e+03 3.961398784075969457e-47
1.353000000000000000e+03 3.590998597643032327e-47
1.354000000000000000e+03 4.629671120287144889e-47
1.355000000000000000e+03 4.718517941490341997e-47
1.356000000000000000e+03 5.042035389772858203e-47
1.357000000000000000e+03 4.430090989348961376e-47
1.358000000000000000e+03 4.393523606878087103e-47
1.359000000000000000e+03 3.937303429672675618e-47
1.360000000000000000e+03 4.054659733329994537e-47
1.361000000000000000e+03 3.334487203428282066e-47
1.362000000000000000e+03 3.252363856192673600e-47
1.363000000000000000e+03 4.098109128200195794e-47
1.364000000000000000e+03 6.116827728100445227e-47
1.365000000000000000e+03 1.015102712212080052e-46
1.366000000000000000e+03 5.900288612450210581e-47
1.367000000000000000e+03 4.054189934687461639e-47
1.368000000000000000e+03 3.667330150002079512e-47
1.369000000000000000e+03 4.049569615692126079e-47
1.370000000000000000e+03 5.007217775693445373e-47
1.371000000000000000e+03 4.512457771209758916e-47
1.372000000000000000e+03 5.099073090379940719e-47
1.373000000000000000e+03 4.905118056336385851e-47
1.374000000000000000e+03 4.056050863666087529e-47
1.375000000000000000e+03 4.050759152063880237e-47
1.376000000000000000e+03 4.765974115551402826e-47
1.377000000000000000e+03 4.513349315027176877e-47
1.378000000000000000e+03 6.511385959957432003e-47
1.379000000000000000e+03 9.788015577504501956e-47
1.380000000000000000e+03 5.218796389315365881e-47
1.381000000000000000e+03 4.332626705276412385e-47
1.382000000000000000e+03 3.641201177788767060e-47
1.383000000000000000e+03 3.540459803354587804e-47
1.384000000000000000e+03 4.666585640493046958e-47
1.385000000000000000e+03 4.514367009821383339e-47
1.386000000000000000e+03 3.297180544224801735e-47
1.387000000000000000e+03 3.253934797687783299e-47
1.388000000000000000e+03 3.723229581549578511e-47
1.389000000000000000e+03 3.819703062469174734e-47
1.390000000000000000e+03 4.589163684186535435e-47
1.391000000000000000e+03 4.885141324398998361e-47
1.392000000000000000e+03 3.698768083416827233e-47
1.393000000000000000e+03 4.055608036169274124e-47
1.394000000000000000e+03 4.887260468029324581e-47
1.395000000000000000e+03 4.559377402082634542e-47
1.396000000000000000e+03 3.647910651703228226e-47
1.397000000000000000e+03 4.254355465710636570e-47
1.398000000000000000e+03 4.655829254693876556e-47
1.399000000000000000e+03 4.154869210931677842e-47
1.400000000000000000e+03 3.791232316035485566e-47
1.401000000000000000e+03 4.350874137822444534e-47
1.402000000000000000e+03 4.074053429937933270e-47
1.403000000000000000e+03 4.999544702494850419e-47
1.404000000000000000e+03 5.645232043038580147e-47
1.405000000000000000e+03 4.733141834474556392e-47
1.406000000000000000e+03 4.199450806091036445e-47
1.407000000000000000e+03 4.897960206260052300e-47
1.408000000000000000e+03 4.854725644943942619e-47
1.409000000000000000e+03 4.647579956099351985e-47
1.410000000000000000e+03 4.565055179099265596e-47
1.411000000000000000e+03 4.397918478832230187e-47
1.412000000000000000e+03 3.832133996703680357e-47
1.413000000000000000e+03 3.914095646481902772e-47
1.414000000000000000e+03 4.514647109948486439e-47
1.415000000000000000e+03 5.019221616254860903e-47
1.416000000000000000e+03 4.071140595104912762e-47
1.417000000000000000e+03 3.961760527473874982e-47
1.418000000000000000e+03 4.314654553521533935e-47
1.419000000000000000e+03 4.028677782321609672e-47
1.420000000000000000e+03 4.103161694773020110e-47
1.421000000000000000e+03 4.644286955850907539e-47
1.422000000000000000e+03 5.397098509914269504e-47
1.423000000000000000e+03 3.963147366631329189e-47
1.424000000000000000e+03 4.077662309483920213e-47
1.425000000000000000e+03 4.226847550655316616e-47
1.426000000000000000e+03 4.128849860626115348e-47
1.427000000000000000e+03 4.834333286014679654e-47
1.428000000000000000e+03 5.315038165739524492e-47
1.429000000000000000e+03 5.225587308255163090e-47
1.430000000000000000e+03 4.772315800195157363e-47
1.431000000000000000e+03 4.146231840383361564e-47
1.432000000000000000e+03 5.593257284060068127e-47
1.433000000000000000e+03 5.334865342741350195e-47
1.434000000000000000e+03 4.819645062688050450e-47
1.435000000000000000e+03 5.623028210688530207e-47
1.436000000000000000e+03 5.908847748920514476e-47
1.437000000000000000e+03 5.464582533818283842e-47
1.438000000000000000e+03 4.449552199811765425e-47
1.439000000000000000e+03 4.886059138770246677e-47
1.440000000000000000e+03 5.191566702764821457e-47
1.441000000000000000e+03 5.329398329769289029e-47
1.442000000000000000e+03 5.124651146346766567e-47
1.443000000000000000e+03 4.067533050339628204e-47
1.444000000000000000e+03 3.887772809188684054e-47
1.445000000000000000e+03 4.018262267209085511e-47
1.446000000000000000e+03 3.933352024823294588e-47
1.447000000000000000e+03 5.910069245566384201e-47
1.448000000000000000e+03 5.381440162906322054e-47
1.449000000000000000e+03 4.747588457038927971e-47
1.450000000000000000e+03 4.280952499789345640e-47
1.451000000000000000e+03 3.574147965524433414e-47
1.452000000000000000e+03 4.936214578458432341e-47
1.453000000000000000e+03 5.088023988801247393e-47
1.454000000000000000e+03 4.432854294661859157e-47
1.455000000000000000e+03 3.961667557221658939e-47
1.456000000000000000e+03 4.536733128824660865e-47
1.457000000000000000e+03 4.555691935689194827e-47
1.458000000000000000e+03 4.459247618261537954e-47
1.459000000000000000e+03 4.559768164946058982e-47
1.460000000000000000e+03 6.396068299772912641e-47
1.461000000000000000e+03 5.722968404428979512e-47
1.462000000000000000e+03 2.204422734148891025e-46
1.463000000000000000e+03 6.327520342611945631e-45
1.464000000000000000e+03 4.593466092689909226e-43
1.465000000000000000e+03 1.413669184178544674e-42
1.466000000000000000e+03 5.249498598138976136e-43
1.467000000000000000e+03 2.691105615003238230e-43
1.468000000000000000e+03 1.902688792116441115e-43
1.469000000000000000e+03 7.024922266145132255e-44
1.470000000000000000e+03 1.990965410762353125e-43
1.471000000000000000e+03 2.562333416063486656e-42
1.472000000000000000e+03 3.861333745281723798e-42
1.473000000000000000e+03 5.387877591250787873e-43
1.474000000000000000e+03 2.987366496748885191e-44
1.475000000000000000e+03 3.869140197507068022e-46
1.476000000000000000e+03 1.236282961925876674e-46
1.477000000000000000e+03 5.791642018529989394e-47
1.478000000000000000e+03 5.127958472671423392e-47
1.479000000000000000e+03 5.818060358652446478e-47
1.480000000000000000e+03 2.417119919034604872e-46
1.481000000000000000e+03 2.213003250077872796e-42
1.482000000000000000e+03 8.192551102999770973e-42
1.483000000000000000e+03 1.902523709285531068e-42
1.484000000000000000e+03 2.262102995696852807e-42
1.485000000000000000e+03 5.427125206564742587e-42
1.486000000000000000e+03 8.905184196719305932e-43
1.487000000000000000e+03 2.271614744044332472e-44
1.488000000000000000e+03 5.734182754939849086e-46
1.489000000000000000e+03 1.274656432310846145e-46
1.490000000000000000e+03 1.777675223232908772e-46
1.491000000000000000e+03 1.806151083158766682e-43
1.492000000000000000e+03 7.704106799773322472e-43
1.493000000000000000e+03 4.865092036287416090e-43
1.494000000000000000e+03 4.083177976076736889e-42
1.495000000000000000e+03 2.834949241764373230e-42
1.496000000000000000e+03 1.040246810438867066e-41
1.497000000000000000e+03 7.721142544335479932e-41
1.498000000000000000e+03 3.396321801358958999e-41
1.499000000000000000e+03 6.725942500389557159e-42
1.500000000000000000e+03 1.067091807083714651e-41
1.501000000000000000e+03 2.403984790952143031e-42
1.502000000000000000e+03 5.935162156335364176e-44
1.503000000000000000e+03 2.223869039883746473e-45
1.504000000000000000e+03 3.968974278922034320e-46
1.505000000000000000e+03 1.110028368402798085e-46
1.506000000000000000e+03 8.779632559829670878e-47
1.507000000000000000e+03 5.062919774806279541e-47
1.508000000000000000e+03 6.288725070493351608e-47
1.509000000000000000e+03 6.411838997616028220e-47
1.510000000000000000e+03 6.776433826982980340e-47
1.511000000000000000e+03 6.433109022499327732e-47
1.512000000000000000e+03 5.160526627088302416e-47
1.513000000000000000e+03 5.082714495279117111e-47
1.514000000000000000e+03 5.628849898352817143e-47
1.515000000000000000e+03 5.811211463002267314e-47
1.516000000000000000e+03 5.304121300344585913e-47
1.517000000000000000e+03 4.655565097641748774e-47
1.518000000000000000e+03 5.268408537387191293e-47
1.519000000000000000e+03 5.275505112594989600e-47
1.520000000000000000e+03 5.947852199448624399e-47
1.521000000000000000e+03 5.088815477354016785e-47
1.522000000000000000e+03 4.195318565282903637e-47
1.523000000000000000e+03 4.457620173229025623e-47
1.524000000000000000e+03 4.739045666153176808e-47
1.525000000000000000e+03 4.421758149192393981e-47
1.526000000000000000e+03 4.121440047611670366e-47
1.527000000000000000e+03 5.093396865365207100e-47
1.528000000000000000e+03 4.850364872122109046e-47
1.529000000000000000e+03 4.614012752809611590e-47
1.530000000000000000e+03 5.624668570505396947e-47
1.531000000000000000e+03 6.264854107390580631e-47
1.532000000000000000e+03 5.669827488575063456e-47
1.533000000000000000e+03 4.770064961994624432e-47
1.534000000000000000e+03 6.352674734015240343e-47
1.535000000000000000e+03 7.169122878775114091e-47
1.536000000000000000e+03 5.348935933984937277e-47
1.537000000000000000e+03 4.493348582930232071e-47
1.538000000000000000e+03 4.914211071009262062e-47
1.539000000000000000e+03 5.128319654471303868e-47
1.540000000000000000e+03 5.230676114991759836e-47
1.541000000000000000e+03 5.102981846139328436e-47
1.542000000000000000e+03 4.824779168041367010e-47
1.543000000000000000e+03 4.603154434636476417e-47
1.544000000000000000e+03 5.091468975021133413e-47
1.545000000000000000e+03 4.958882874917558346e-47
1.546000000000000000e+03 3.920484623319746814e-47
1.547000000000000000e+03 4.718435924742072332e-47
1.548000000000000000e+03 5.759058642609242417e-47
1.549000000000000000e+03 5.772946248468105570e-47
1.550000000000000000e+03 6.194902302403288422e-47
1.551000000000000000e+03 5.925035382586482643e-47
1.552000000000000000e+03 4.718168662230478477e-47
1.553000000000000000e+03 5.203748471140506328e-47
1.554000000000000000e+03 5.280636290092498186e-47
1.555000000000000000e+03 5.358697737500831673e-47
1.556000000000000000e+03 5.345920506412827171e-47
1.557000000000000000e+03 4.066577869839325773e-47
1.558000000000000000e+03 5.607289552080447211e-47
1.559000000000000000e+03 5.825741995113729771e-47
1.560000000000000000e+03 6.599327427010954037e-47
1.561000000000000000e+03 6.048772911490104608e-47
1.562000000000000000e+03 5.372796150209562144e-47
1.563000000000000000e+03 4.640885730632868896e-47
1.564000000000000000e+03 5.705541214953180156e-47
1.565000000000000000e+03 5.945851294344631729e-47
1.566000000000000000e+03 6.055742695159611677e-47
1.567000000000000000e+03 4.917816444101096004e-47
1.568000000000000000e+03 4.256927442783810646e-47
1.569000000000000000e+03 4.835840266851594558e-47
1.570000000000000000e+03 5.315141916257895056e-47
1.571000000000000000e+03 5.080400646552882330e-47
1.572000000000000000e+03 4.537913774121150536e-47
1.573000000000000000e+03 6.519379452216311260e-47
1.574000000000000000e+03 7.229184579382187778e-47
1.575000000000000000e+03 7.150293114587662031e-47
1.576000000000000000e+03 6.003356815029615939e-47
1.577000000000000000e+03 5.962115336924217421e-47
1.578000000000000000e+03 6.287383897666633507e-47
1.579000000000000000e+03 5.484959108081404112e-47
1.580000000000000000e+03 4.834729663795724158e-47
1.581000000000000000e+03 4.439724374179641792e-47
1.582000000000000000e+03 6.135224012858496494e-47
1.583000000000000000e+03 6.543365405541631870e-47
1.584000000000000000e+03 5.995585232497577457e-47
1.585000000000000000e+03 6.004139499843723444e-47
1.586000000000000000e+03 5.276820013757100235e-47
1.587000000000000000e+03 5.674980961886009670e-47
1.588000000000000000e+03 5.901428158118275705e-47
1.589000000000000000e+03 5.685612717912058412e-47
1.590000000000000000e+03 6.350384388003728248e-47
1.591000000000000000e+03 4.990807838747140928e-47
1.592000000000000000e+03 4.224106359739222232e-47
1.593000000000000000e+03 6.034473647466025342e-47
1.594000000000000000e+03 6.508971370306457479e-47
1.595000000000000000e+03 5.409047866724979202e-47
1.596000000000000000e+03 5.052723655367926297e-47
1.597000000000000000e+03 5.546696151651883442e-47
1.598000000000000000e+03 6.316668702339552042e-47
1.599000000000000000e+03 6.046210946737572913e-47
1.600000000000000000e+03 5.981465601207823278e-47
1.601000000000000000e+03 6.518741125175435514e-47
1.602000000000000000e+03 7.073937338573846189e-47
1.603000000000000000e+03 6.017699504071827471e-47
1.604000000000000000e+03 5.645526606909972564e-47
1.605000000000000000e+03 6.346025779887826938e-47
1.606000000000000000e+03 6.279362356250103092e-47
1.607000000000000000e+03 6.317827742134374871e-47
1.608000000000000000e+03 7.212539111354802804e-47
1.609000000000000000e+03 7.330976063643886581e-47
1.610000000000000000e+03 6.270738966203796879e-47
1.611000000000000000e+03 7.186304340852158226e-47
1.612000000000000000e+03 9.186176244948066155e-47
1.613000000000000000e+03 8.807805022464264746e-47
1.614000000000000000e+03 7.856101914340520539e-47
1.615000000000000000e+03 7.188501916392544485e-47
1.616000000000000000e+03 8.099834339316245278e-47
1.617000000000000000e+03 7.377572431814365105e-47
1.618000000000000000e+03 6.518985518567559010e-47
1.619000000000000000e+03 7.839314808200794741e-47
1.620000000000000000e+03 8.879523919507311620e-47
1.621000000000000000e+03 8.752103469798637503e-47
1.622000000000000000e+03 7.046034737794474956e-47
1.623000000000000000e+03 6.274856331304957567e-47
1.624000000000000000e+03 6.638563987943154591e-47
1.625000000000000000e+03 6.901830515257755762e-47
1.626000000000000000e+03 6.150454279268097416e-47
1.627000000000000000e+03 7.316972253401783744e-47
1.628000000000000000e+03 8.907017245734734142e-47
1.629000000000000000e+03 6.361733709745210444e-47
1.630000000000000000e+03 5.633765313842473510e-47
1.631000000000000000e+03 7.029391092139632105e-47
1.632000000000000000e+03 6.852259752054736100e-47
1.633000000000000000e+03 6.818106857068295364e-47
1.634000000000000000e+03 7.559805663512773574e-47
1.635000000000000000e+03 7.741151853729057070e-47
1.636000000000000000e+03 7.225177768978952056e-47
1.637000000000000000e+03 7.308328057193016251e-47
1.638000000000000000e+03 8.088891338548316173e-47
1.639000000000000000e+03 8.600701395231956653e-47
1.640000000000000000e+03 8.659740497728401872e-47
1.641000000000000000e+03 8.154661019161685378e-47
1.642000000000000000e+03 5.940403704500159362e-47
1.643000000000000000e+03 6.021377764276999617e-47
1.644000000000000000e+03 8.679190889466161621e-47
1.645000000000000000e+03 8.027666479857315292e-47
1.646000000000000000e+03 7.588125552769378945e-47
1.647000000000000000e+03 7.597038151632166548e-47
1.648000000000000000e+03 6.371229780453480263e-47
1.649000000000000000e+03 6.909608902595023243e-47
1.650000000000000000e+03 7.718851574924977516e-47
1.651000000000000000e+03 7.373950047320685172e-47
1.652000000000000000e+03 8.297456161676463438e-47
1.653000000000000000e+03 7.269725632681503295e-47
1.654000000000000000e+03 5.575149443945904984e-47
1.655000000000000000e+03 6.048660196396332069e-47
1.656000000000000000e+03 6.993631769973871193e-47
1.657000000000000000e+03 7.463098689638263219e-47
1.658000000000000000e+03 7.836163869146802501e-47
1.659000000000000000e+03 6.610457299650635227e-47
1.660000000000000000e+03 5.730987610916287333e-47
1.661000000000000000e+03 5.425051712452752698e-47
1.662000000000000000e+03 5.587369295548316383e-47
1.663000000000000000e+03 5.576978266989865579e-47
1.664000000000000000e+03 5.653216898800715126e-47
1.665000000000000000e+03 6.191798297623061870e-47
1.666000000000000000e+03 8.524432866812398537e-47
1.667000000000000000e+03 7.201074376243499762e-47
1.668000000000000000e+03 6.225331718385477700e-47
1.669000000000000000e+03 6.779371108782947380e-47
1.670000000000000000e+03 7.331797656174956125e-47
1.671000000000000000e+03 6.203131685287394450e-47
1.672000000000000000e+03 5.790137829896491708e-47
1.673000000000000000e+03 6.917785512057659221e-47
1.674000000000000000e+03 6.801789422386106549e-47
1.675000000000000000e+03 6.398135694834331933e-47
1.676000000000000000e+03 6.876434483103449282e-47
1.677000000000000000e+03 7.277414374103098477e-47
1.678000000000000000e+03 6.595340114032036257e-47
1.679000000000000000e+03 7.042497579033287615e-47
1.680000000000000000e+03 7.109842235402048853e-47
1.681000000000000000e+03 7.889294760835804391e-47
1.682000000000000000e+03 7.879973930776474879e-47
1.683000000000000000e+03 5.785341231679892480e-47
1.684000000000000000e+03 6.565309068898664775e-47
1.685000000000000000e+03 7.663291821495803226e-47
1.686000000000000000e+03 5.381670012031747582e-47
1.687000000000000000e+03 5.494389823342314810e-47
1.688000000000000000e+03 5.379648913803587032e-47
1.689000000000000000e+03 6.305447365451237342e-47
1.690000000000000000e+03 7.336850514975758456e-47
1.691000000000000000e+03 5.903704116589746136e-47
1.692000000000000000e+03 5.825430331086656346e-47
1.693000000000000000e+03 5.761813040412070301e-47
1.694000000000000000e+03 5.528941496227489928e-47
1.695000000000000000e+03 6.489946064887725079e-47
1.696000000000000000e+03 7.215514320043445011e-47
1.697000000000000000e+03 5.994580902681418945e-47
1.698000000000000000e+03 6.579084011135991077e-47
1.699000000000000000e+03 6.567917391768557982e-47
1.700000000000000000e+03 7.000621419456527522e-47
1.701000000000000000e+03 6.801544892691381519e-47
1.702000000000000000e+03 6.164369059242231811e-47
1.703000000000000000e+03 6.103757804821205678e-47
1.704000000000000000e+03 5.023570444582662326e-47
1.705000000000000000e+03 5.995454010204605679e-47
1.706000000000000000e+03 5.514873090927139767e-47
1.707000000000000000e+03 5.833283735130439276e-47
1.708000000000000000e+03 7.360588195375878620e-47
1.709000000000000000e+03 6.745592980959530200e-47
1.710000000000000000e+03 6.435775158030036700e-47
1.711000000000000000e+03 5.971379624797097651e-47
1.712000000000000000e+03 7.417855718713947702e-47
1.713000000000000000e+03 7.602861408013270776e-47
1.714000000000000000e+03 5.350654521563011532e-47
1.715000000000000000e+03 5.579671821587769749e-47
1.716000000000000000e+03 6.894734365325640884e-47
1.717000000000000000e+03 6.354387998409302115e-47
1.718000000000000000e+03 6.880906314085434718e-47
1.719000000000000000e+03 6.236491524689910683e-47
1.720000000000000000e+03 6.217376690209250779e-47
1.721000000000000000e+03 7.162205530847306373e-47
1.722000000000000000e+03 6.784243874186460777e-47
1.723000000000000000e+03 6.279947106059983670e-47
1.724000000000000000e+03 6.393615039668292707e-47
1.725000000000000000e+03 6.910703360607006526e-47
1.726000000000000000e+03 6.122201794509218969e-47
1.727000000000000000e+03 6.155434836567242359e-47
1.728000000000000000e+03 5.297129021255026857e-47
1.729000000000000000e+03 6.185951720284558368e-47
1.730000000000000000e+03 6.291863906961433773e-47
1.731000000000000000e+03 5.314454577024826483e-47
1.732000000000000000e+03 5.006330833969783948e-47
1.733000000000000000e+03 4.137969503115475112e-47
1.734000000000000000e+03 5.052650400342803403e-47
1.735000000000000000e+03 6.346088009059755273e-47
1.736000000000000000e+03 6.505351659815262451e-47
1.737000000000000000e+03 6.622416023082499649e-47
1.738000000000000000e+03 9.204337610980025712e-47
1.739000000000000000e+03 8.176605200610115482e-47
1.740000000000000000e+03 8.303835200439875513e-47
1.741000000000000000e+03 7.356520935833222993e-47
1.742000000000000000e+03 6.381496940746973954e-47
1.743000000000000000e+03 5.962448994487100504e-47
1.744000000000000000e+03 6.304867050888494263e-47
1.745000000000000000e+03 6.844555579319400810e-47
1.746000000000000000e+03 7.213415132209769915e-47
1.747000000000000000e+03 7.912099121943280499e-47
1.748000000000000000e+03 6.764199618650389075e-47
1.749000000000000000e+03 6.682205815957503858e-47
1.750000000000000000e+03 6.137490431907647515e-47
1.751000000000000000e+03 5.584536144162167062e-47
1.752000000000000000e+03 7.052630062607714924e-47
1.753000000000000000e+03 6.021100175294369023e-47
1.754000000000000000e+03 6.082289459138596768e-47
1.755000000000000000e+03 5.266268008478814864e-47
1.756000000000000000e+03 7.070364751341048107e-47
1.757000000000000000e+03 9.053110953767353475e-47
1.758000000000000000e+03 8.026021578724877256e-47
1.759000000000000000e+03 6.686000759827629793e-47
1.760000000000000000e+03 6.592088535680463468e-47
1.761000000000000000e+03 6.818354658426196073e-47
1.762000000000000000e+03 6.677782907196632080e-47
1.763000000000000000e+03 6.926213802964949113e-47
1.764000000000000000e+03 6.616359853134191495e-47
1.765000000000000000e+03 6.410946636530862676e-47
1.766000000000000000e+03 7.009815914754820563e-47
1.767000000000000000e+03 7.034593989474127908e-47
1.768000000000000000e+03 6.397957587901912182e-47
1.769000000000000000e+03 6.078918819578804816e-47
1.770000000000000000e+03 5.959987810834846265e-47
1.771000000000000000e+03 6.161966055872735253e-47
1.772000000000000000e+03 5.900123559083567256e-47
1.773000000000000000e+03 6.063309625819945944e-47
1.774000000000000000e+03 7.389317395097921570e-47
1.775000000000000000e+03 7.975796910482784790e-47
1.776000000000000000e+03 7.127631024891524654e-47
1.777000000000000000e+03 5.772847740956263074e-47
1.778000000000000000e+03 7.098790184875753523e-47
1.779000000000000000e+03 8.472428094098406137e-47
1.780000000000000000e+03 8.327713370720556290e-47
1.781000000000000000e+03 8.307230772159429324e-47
1.782000000000000000e+03 6.925437378035856311e-47
1.783000000000000000e+03 5.017227172565510141e-47
1.784000000000000000e+03 5.408239937601682287e-47
1.785000000000000000e+03 5.297175654055964777e-47
1.786000000000000000e+03 5.427126377780416573e-47
1.787000000000000000e+03 6.544970355513295352e-47
1.788000000000000000e+03 7.271047622316287010e-47
1.789000000000000000e+03 7.378116228723466785e-47
1.790000000000000000e+03 7.238537054504620835e-47
1.791000000000000000e+03 6.527706935281788278e-47
1.792000000000000000e+03 6.690765858480307071e-47
1.793000000000000000e+03 6.192988168527100336e-47
1.794000000000000000e+03 5.617565485018143055e-47
1.795000000000000000e+03 4.724968748131973900e-47
1.796000000000000000e+03 5.560965889415548641e-47
1.797000000000000000e+03 6.137496577971432634e-47
1.798000000000000000e+03 7.456703073014961890e-47
1.799000000000000000e+03 7.767388337048105504e-47
1.800000000000000000e+03 7.204368958614468523e-47
1.801000000000000000e+03 6.741490398365451960e-47
1.802000000000000000e+03 5.662873988952361108e-47
1.803000000000000000e+03 5.646756510660346771e-47
1.804000000000000000e+03 7.811271201044612174e-47
1.805000000000000000e+03 7.732242773180231856e-47
1.806000000000000000e+03 6.360002549952166163e-47
1.807000000000000000e+03 7.919816526826395826e-47
1.808000000000000000e+03 7.997125213339354770e-47
1.809000000000000000e+03 5.719864107676585115e-47
1.810000000000000000e+03 5.171029390302018420e-47
1.811000000000000000e+03 6.236867670148022823e-47
1.812000000000000000e+03 7.139760938679455536e-47
1.813000000000000000e+03 7.503938049717835305e-47
1.814000000000000000e+03 7.561193603582576118e-47
1.815000000000000000e+03 7.350482945467450118e-47
1.816000000000000000e+03 5.580597996453115751e-47
1.817000000000000000e+03 5.517145707770442269e-47
1.818000000000000000e+03 7.259629815927547771e-47
1.819000000000000000e+03 7.431887487496551998e-47
1.820000000000000000e+03 7.845786529906719888e-47
1.821000000000000000e+03 5.994056192206283956e-47
1.822000000000000000e+03 5.757172625581780730e-47
1.823000000000000000e+03 7.239178354085700762e-47
1.824000000000000000e+03 6.182732514578621467e-47
1.825000000000000000e+03 6.797494119010785467e-47
1.826000000000000000e+03 7.980550936071529348e-47
1.827000000000000000e+03 6.442005660171342606e-47
1.828000000000000000e+03 5.100669343277008128e-47
1.829000000000000000e+03 6.258651634261230478e-47
1.830000000000000000e+03 7.225099028718995481e-47
1.831000000000000000e+03 6.531153434342220211e-47
1.832000000000000000e+03 6.537259509869935624e-47
1.833000000000000000e+03 6.877053496243891876e-47
1.834000000000000000e+03 6.210970384246806060e-47
1.835000000000000000e+03 7.555935179397235766e-47
1.836000000000000000e+03 8.370708244591004882e-47
1.837000000000000000e+03 7.068652150976013504e-47
1.838000000000000000e+03 6.792516198185546292e-47
1.839000000000000000e+03 7.810209135159423831e-47
1.840000000000000000e+03 6.968918062887346602e-47
1.841000000000000000e+03 6.845165595754936734e-47
1.842000000000000000e+03 7.623679088318612668e-47
1.843000000000000000e+03 8.556458234880725837e-47
1.844000000000000000e+03 8.680703091772066674e-47
1.845000000000000000e+03 6.307711210095928921e-47
1.846000000000000000e+03 8.221773197153812301e-47
1.847000000000000000e+03 7.469195719094925366e-47
1.848000000000000000e+03 7.137140255233015819e-47
1.849000000000000000e+03 7.262878883089815119e-47
1.850000000000000000e+03 6.923462607968199737e-47
1.851000000000000000e+03 7.740556939887375311e-47
1.852000000000000000e+03 6.427325735132438007e-47
1.853000000000000000e+03 6.547092180201635767e-47
1.854000000000000000e+03 7.774678045679497462e-47
1.855000000000000000e+03 6.438914655173810076e-47
1.856000000000000000e+03 5.576218437903814900e-47
1.857000000000000000e+03 5.402403325636095829e-47
1.858000000000000000e+03 6.833171880190516850e-47
1.859000000000000000e+03 7.421085223576600151e-47
1.860000000000000000e+03 6.357158351340064947e-47
1.861000000000000000e+03 6.449953769616485527e-47
1.862000000000000000e+03 7.680539746269674917e-47
1.863000000000000000e+03 8.433785916334911618e-47
1.864000000000000000e+03 7.402340954104235981e-47
1.865000000000000000e+03 8.476381021309020903e-47
1.866000000000000000e+03 6.705457277176565976e-47
1.867000000000000000e+03 7.816604709825383570e-47
1.868000000000000000e+03 5.950187635044362250e-47
1.869000000000000000e+03 5.905867120918989346e-47
1.870000000000000000e+03 7.274505024038793855e-47
1.871000000000000000e+03 7.037023210903366964e-47
1.872000000000000000e+03 6.874938264107533730e-47
1.873000000000000000e+03 6.520050935734430934e-47
1.874000000000000000e+03 6.730303609529230745e-47
1.875000000000000000e+03 6.729317864762056470e-47
1.876000000000000000e+03 6.455072264652973177e-47
1.877000000000000000e+03 6.764821029969971582e-47
1.878000000000000000e+03 6.681301325983207013e-47
1.879000000000000000e+03 6.397254988932516122e-47
1.880000000000000000e+03 7.328740506100366556e-47
1.881000000000000000e+03 5.278515989774816267e-47
1.882000000000000000e+03 4.942651553872752755e-47
1.883000000000000000e+03 5.914101953701784321e-47
1.884000000000000000e+03 7.770618583573392292e-47
1.885000000000000000e+03 7.556078978635804882e-47
1.886000000000000000e+03 6.159500703968096733e-47
1.887000000000000000e+03 7.253741915530365966e-47
1.888000000000000000e+03 6.542319559185672573e-47
1.889000000000000000e+03 6.947590278064777200e-47
1.890000000000000000e+03 7.978812744449765226e-47
1.891000000000000000e+03 6.366518218718253407e-47
1.892000000000000000e+03 5.677086010365012238e-47
1.893000000000000000e+03 6.168794183682713700e-47
1.894000000000000000e+03 7.584848839726299660e-47
1.895000000000000000e+03 7.525233942202085429e-47
1.896000000000000000e+03 8.155136498177635179e-47
1.897000000000000000e+03 7.946494425948885887e-47
1.898000000000000000e+03 8.588802918362066261e-47
1.899000000000000000e+03 7.411384951186273727e-47
1.900000000000000000e+03 9.201845544621030431e-47
1.901000000000000000e+03 1.087379403269430900e-46
1.902000000000000000e+03 7.964905384989897336e-47
1.903000000000000000e+03 9.223906330862149022e-47
1.904000000000000000e+03 8.924424199385233683e-47
1.905000000000000000e+03 7.522272371322992248e-47
1.906000000000000000e+03 6.498600158096846136e-47
1.907000000000000000e+03 8.079473345999741977e-47
1.908000000000000000e+03 7.059293128903491450e-47
1.909000000000000000e+03 6.930088979414678064e-47
1.910000000000000000e+03 8.129608053441861342e-47
1.911000000000000000e+03 8.267155954918328163e-47
1.912000000000000000e+03 7.187394373214092472e-47
1.913000000000000000e+03 7.287218958921883824e-47
1.914000000000000000e+03 7.373157655110858263e-47
1.915000000000000000e+03 8.292494670231405143e-47
1.916000000000000000e+03 8.007361845384314541e-47
1.917000000000000000e+03 7.899540059745682979e-47
1.918000000000000000e+03 8.197393998938830965e-47
1.919000000000000000e+03 6.822766633746921026e-47
1.920000000000000000e+03 6.678992525200980313e-47
1.921000000000000000e+03 8.080858222452901000e-47
1.922000000000000000e+03 7.860621784061354980e-47
1.923000000000000000e+03 6.926091037273496478e-47
1.924000000000000000e+03 7.341433085333387220e-47
1.925000000000000000e+03 6.795770840200440080e-47
1.926000000000000000e+03 7.551123109858304715e-47
1.927000000000000000e+03 9.716237659526826431e-47
1.928000000000000000e+03 1.063481078807891561e-46
1.929000000000000000e+03 2.329824865303733525e-45
1.930000000000000000e+03 3.767228917531920194e-44
1.931000000000000000e+03 8.093430980904328680e-44
1.932000000000000000e+03 4.545568445372728991e-44
1.933000000000000000e+03 5.053191628492756319e-45
1.934000000000000000e+03 1.154017636127234087e-46
1.935000000000000000e+03 1.172476757480948296e-45
1.936000000000000000e+03 1.306922709737208591e-44
1.937000000000000000e+03 4.490266354319832308e-44
1.938000000000000000e+03 2.601641226366523576e-44
1.939000000000000000e+03 6.638664167003732061e-45
1.940000000000000000e+03 4.307643930190932807e-44
1.941000000000000000e+03 3.113000892540817237e-44
1.942000000000000000e+03 1.466972088105721016e-45
1.943000000000000000e+03 1.008835383325614199e-46
1.944000000000000000e+03 8.321406657533368534e-47
1.945000000000000000e+03 8.869354404783008678e-47
1.946000000000000000e+03 1.109680123925885208e-46
1.947000000000000000e+03 1.043038408892963172e-45
1.948000000000000000e+03 1.589555678321769845e-45
1.949000000000000000e+03 3.606324800583719298e-46
1.950000000000000000e+03 1.340305144668844068e-46
1.951000000000000000e+03 1.161510831874973910e-46
1.952000000000000000e+03 4.661885291712112078e-46
1.953000000000000000e+03 2.193670842448582781e-44
1.954000000000000000e+03 5.531521759645244453e-44
1.955000000000000000e+03 1.815759406492379523e-43
1.956000000000000000e+03 8.128001706431158088e-44
1.957000000000000000e+03 8.700383332388625882e-46
1.958000000000000000e+03 1.021172517183857120e-46
1.959000000000000000e+03 9.488527626712823497e-47
1.960000000000000000e+03 8.569407566695434073e-44
1.961000000000000000e+03 3.200436317202774768e-43
1.962000000000000000e+03 7.486218596534639131e-44
1.963000000000000000e+03 8.725045633503566544e-47
1.964000000000000000e+03 7.667706176154504352e-47
1.965000000000000000e+03 1.076301091141841369e-46
1.966000000000000000e+03 1.603140572294439487e-46
1.967000000000000000e+03 3.314715678714936737e-45
1.968000000000000000e+03 2.367061599179522906e-43
1.969000000000000000e+03 4.730568455659622215e-43
1.970000000000000000e+03 2.333196221499610664e-43
1.971000000000000000e+03 2.850697054887237447e-44
1.972000000000000000e+03 1.868639826360150467e-46
1.973000000000000000e+03 8.130504761867353701e-47
1.974000000000000000e+03 8.637266015899732065e-47
1.975000000000000000e+03 8.054165504575896094e-47
1.976000000000000000e+03 1.031833651206339185e-46
1.977000000000000000e+03 1.874992384567688539e-45
1.978000000000000000e+03 1.403114197717522125e-44
1.979000000000000000e+03 7.081807097287203705e-45
1.980000000000000000e+03 5.623862018703358563e-44
1.981000000000000000e+03 1.013631530327560588e-43
1.982000000000000000e+03 1.013634911704629737e-44
1.983000000000000000e+03 1.855436516460997646e-46
1.984000000000000000e+03 9.621733171701523018e-47
1.985000000000000000e+03 9.395612985705249274e-47
1.986000000000000000e+03 8.025805295664561594e-47
1.987000000000000000e+03 6.156546161648044208e-47
1.988000000000000000e+03 7.705332850986609411e-47
1.989000000000000000e+03 9.063132507399437775e-47
1.990000000000000000e+03 7.044859647046591142e-47
1.991000000000000000e+03 9.806087334474498874e-47
1.992000000000000000e+03 9.444838455074833573e-47
1.993000000000000000e+03 9.074816551046857838e-47
1.994000000000000000e+03 8.461011673838439773e-47
1.995000000000000000e+03 9.444655624293407987e-47
1.996000000000000000e+03 8.503615702314163847e-47
1.997000000000000000e+03 8.731256643818221897e-47
1.998000000000000000e+03 8.965022187665140271e-47
1.999000000000000000e+03 8.922110888253927864e-47
2.000000000000000000e+03 9.879503985322285574e-47
2.001000000000000000e+03 8.668382297232606953e-47
2.002000000000000000e+03 7.580264639194072312e-47
2.003000000000000000e+03 7.642795291777105163e-47
2.004000000000000000e+03 8.719578116398365480e-47
2.005000000000000000e+03 8.033177626395325995e-47
2.006000000000000000e+03 1.043170810638280568e-46
2.007000000000000000e+03 9.679478481972198286e-47
2.008000000000000000e+03 6.577894532337441914e-47
2.009000000000000000e+03 9.558650684764932465e-47
2.010000000000000000e+03 7.971909471964005816e-47
2.011000000000000000e+03 8.259577629072539457e-47
2.012000000000000000e+03 6.430740873819566320e-47
2.013000000000000000e+03 7.168210464382526707e-47
2.014000000000000000e+03 9.416630021633675938e-47
2.015000000000000000e+03 8.500273740112911954e-47
2.016000000000000000e+03 8.836441517990451116e-47
2.017000000000000000e+03 7.230741073858708419e-47
2.018000000000000000e+03 9.022854366354839976e-47
2.019000000000000000e+03 9.561808197894187316e-47
2.020000000000000000e+03 9.103297419211165068e-47
2.021000000000000000e+03 9.164718415772807046e-47
2.022000000000000000e+03 9.111595613007446223e-47
2.023000000000000000e+03 1.126364314158259543e-46
2.024000000000000000e+03 1.086388417169299031e-46
2.025000000000000000e+03 1.040585592956010428e-46
2.026000000000000000e+03 9.214663218404889594e-47
2.027000000000000000e+03 8.735747397084189754e-47
2.028000000000000000e+03 7.622506659944750311e-47
2.029000000000000000e+03 8.827917636107779868e-47
2.030000000000000000e+03 8.830621273322949959e-47
2.031000000000000000e+03 9.463469893332439486e-47
2.032000000000000000e+03 9.683254952440548484e-47
2.033000000000000000e+03 9.861397737166774837e-47
2.034000000000000000e+03 9.376577793123358064e-47
2.035000000000000000e+03 9.810012087808149196e-47
2.036000000000000000e+03 9.414835767716277595e-47
2.037000000000000000e+03 9.021814372692285599e-47
2.038000000000000000e+03 7.723859685437024044e-47
2.039000000000000000e+03 7.462446810372200382e-47
2.040000000000000000e+03 7.424482308680718787e-47
2.041000000000000000e+03 7.093540845796699802e-47
2.042000000000000000e+03 6.845318983449042482e-47
2.043000000000000000e+03 7.966839039935539457e-47
2.044000000000000000e+03 7.996587728166838073e-47
2.045000000000000000e+03 8.837855272762098274e-47
2.046000000000000000e+03 9.303773422468198100e-47
2.047000000000000000e+03 1.175147268272047549e-46
2.048000000000000000e+03 2.215243314947967915e-46
2.049000000000000000e+03 1.713353203724715907e-46
2.050000000000000000e+03 1.124969787330466194e-46
2.051000000000000000e+03 8.529134155063526679e-47
2.052000000000000000e+03 8.179216200148750324e-47
2.053000000000000000e+03 8.880790370899854077e-47
2.054000000000000000e+03 7.833466760332830331e-47
2.055000000000000000e+03 7.981150781173983066e-47
2.056000000000000000e+03 9.220446095271447737e-47
2.057000000000000000e+03 9.924621544828428934e-47
2.058000000000000000e+03 9.911951287047717460e-47
2.059000000000000000e+03 1.062612980207079554e-46
2.060000000000000000e+03 9.256027259961627027e-47
2.061000000000000000e+03 9.151797921048413852e-47
2.062000000000000000e+03 7.841501685616411866e-47
2.063000000000000000e+03 9.171394079606330016e-47
2.064000000000000000e+03 9.205394697414283006e-47
2.065000000000000000e+03 8.583881932419620554e-47
2.066000000000000000e+03 8.186213884271033008e-47
2.067000000000000000e+03 7.723915541145386241e-47
2.068000000000000000e+03 8.270289529261169122e-47
2.069000000000000000e+03 7.380809959309506090e-47
2.070000000000000000e+03 8.093201100260032951e-47
2.071000000000000000e+03 8.178443822330397368e-47
2.072000000000000000e+03 8.695666050100318455e-47
2.073000000000000000e+03 7.414805494722545745e-47
2.074000000000000000e+03 1.003022282334517766e-46
2.075000000000000000e+03 1.146046589538707787e-46
2.076000000000000000e+03 8.787064720221550939e-47
2.077000000000000000e+03 7.367146483570503801e-47
2.078000000000000000e+03 1.049134988413761374e-46
2.079000000000000000e+03 1.121450369989788953e-46
2.080000000000000000e+03 1.127707077327733121e-46
2.081000000000000000e+03 7.582881424269912775e-47
2.082000000000000000e+03 7.853900262037105851e-47
2.083000000000000000e+03 9.817654294104577506e-47
2.084000000000000000e+03 9.280798083261658436e-47
2.085000000000000000e+03 8.519301789271565287e-47
2.086000000000000000e+03 9.393989333580561252e-47
2.087000000000000000e+03 1.026791836783749058e-46
2.088000000000000000e+03 1.062333925940508231e-46
2.089000000000000000e+03 1.017989770958208641e-46
2.090000000000000000e+03 7.792621677777569128e-47
2.091000000000000000e+03 7.813884482602046475e-47
2.092000000000000000e+03 9.469402730372259083e-47
2.093000000000000000e+03 8.443829776232093690e-47
2.094000000000000000e+03 9.117343539321198347e-47
2.095000000000000000e+03 9.801809837999272497e-47
2.096000000000000000e+03 9.376933691027007859e-47
2.097000000000000000e+03 7.468247362873671715e-47
2.098000000000000000e+03 7.514257219750253647e-47
2.099000000000000000e+03 7.950669066951696966e-47
2.100000000000000000e+03 9.849359231239008172e-47
2.101000000000000000e+03 8.148124968615882738e-47
2.102000000000000000e+03 7.177197269894752210e-47
2.103000000000000000e+03 8.698076868375356286e-47
2.104000000000000000e+03 9.788163927071311906e-47
2.105000000000000000e+03 9.240142836847712413e-47
2.106000000000000000e+03 9.158935548020331227e-47
2.107000000000000000e+03 8.578161375206894876e-47
2.108000000000000000e+03 9.376324606063041054e-47
2.109000000000000000e+03 1.009355149079313396e-46
2.110000000000000000e+03 1.002707694942316656e-46
2.111000000000000000e+03 9.683544101643058972e-47
2.112000000000000000e+03 8.316052804078566154e-47
2.113000000000000000e+03 8.367614990900265435e-47
2.114000000000000000e+03 8.727022113397812345e-47
2.115000000000000000e+03 6.526306244586527147e-47
2.116000000000000000e+03 6.787195038930635756e-47
2.117000000000000000e+03 6.317593631536927037e-47
2.118000000000000000e+03 6.966439064548755109e-47
2.119000000000000000e+03 7.701053713398509790e-47
2.120000000000000000e+03 8.430788411220625153e-47
2.121000000000000000e+03 1.093581710712610653e-46
2.122000000000000000e+03 1.184517342980471243e-46
2.123000000000000000e+03 8.554662458689939884e-47
2.124000000000000000e+03 9.041248773046122330e-47
2.125000000000000000e+03 8.969170794873112799e-47
2.126000000000000000e+03 8.221721928494450739e-47
2.127000000000000000e+03 9.298164871997211529e-47
2.128000000000000000e+03 1.031787485765242974e-46
2.129000000000000000e+03 1.015910592124985054e-46
2.130000000000000000e+03 8.895086789993416212e-47
2.131000000000000000e+03 8.425406248422373348e-47
2.132000000000000000e+03 8.217178811696362939e-47
2.133000000000000000e+03 8.210377145565723798e-47
2.134000000000000000e+03 8.358080278536968472e-47
2.135000000000000000e+03 7.771748358261132345e-47
2.136000000000000000e+03 6.710183731959525677e-47
2.137000000000000000e+03 7.551339093328089432e-47
2.138000000000000000e+03 8.846335146820815823e-47
2.139000000000000000e+03 9.207466408878191005e-47
2.140000000000000000e+03 1.163367884223442504e-46
2.141000000000000000e+03 9.717325650379487516e-47
2.142000000000000000e+03 7.392718918996957609e-47
2.143000000000000000e+03 7.454968512996992855e-47
2.144000000000000000e+03 9.656751044327392414e-47
2.145000000000000000e+03 9.507923266518462275e-47
2.146000000000000000e+03 9.191903308276406504e-47
2.147000000000000000e+03 9.621385979296418253e-47
2.148000000000000000e+03 8.864910002144309190e-47
2.149000000000000000e+03 9.221578197437172193e-47
2.150000000000000000e+03 8.787179101754062282e-47
2.151000000000000000e+03 9.615736119883419477e-47
2.152000000000000000e+03 1.043897136836382236e-46
2.153000000000000000e+03 1.277255065444353549e-46
2.154000000000000000e+03 1.158650118315597968e-46
2.155000000000000000e+03 1.005409360543451669e-46
2.156000000000000000e+03 9.339648543504960015e-47
2.157000000000000000e+03 1.245575547658951301e-46
2.158000000000000000e+03 1.067757096999322992e-46
2.159000000000000000e+03 9.736515621713580677e-47
2.160000000000000000e+03 1.147869235627283909e-46
2.161000000000000000e+03 1.330608659426742954e-46
2.162000000000000000e+03 1.254202916976665392e-46
2.163000000000000000e+03 1.177030676585739723e-46
2.164000000000000000e+03 1.039628886138430427e-46
2.165000000000000000e+03 7.977268998312141774e-47
2.166000000000000000e+03 7.831552093745636797e-47
2.167000000000000000e+03 8.034050490425905298e-47
2.168000000000000000e+03 9.175541845547849503e-47
2.169000000000000000e+03 8.132443760195226932e-47
2.170000000000000000e+03 8.618310606095660275e-47
2.171000000000000000e+03 1.022633230867315178e-46
2.172000000000000000e+03 1.065418456113748188e-46
2.173000000000000000e+03 1.026907747036232308e-46
2.174000000000000000e+03 9.600232248554715486e-47
2.175000000000000000e+03 9.849193985357079617e-47
2.176000000000000000e+03 1.051860257113717546e-46
2.177000000000000000e+03 1.096160944211745991e-46
2.178000000000000000e+03 8.468930129408289248e-47
2.179000000000000000e+03 9.371798656249746044e-47
2.180000000000000000e+03 9.617605541930195328e-47
2.181000000000000000e+03 8.093588494344339924e-47
2.182000000000000000e+03 8.965929564431327218e-47
2.183000000000000000e+03 1.184886851466136793e-46
2.184000000000000000e+03 1.142292092070019833e-46
2.185000000000000000e+03 1.148773342918867226e-46
2.186000000000000000e+03 9.896920126483634318e-47
2.187000000000000000e+03 9.150824437080325813e-47
2.188000000000000000e+03 9.244875281701502210e-47
2.189000000000000000e+03 9.027220330002355069e-47
2.190000000000000000e+03 7.279333608657205841e-47
2.191000000000000000e+03 1.030819020568549700e-46
2.192000000000000000e+03 9.172957820245351119e-47
2.193000000000000000e+03 8.648074163584643008e-47
2.194000000000000000e+03 9.304061891287663389e-47
2.195000000000000000e+03 1.053643353328604625e-46
2.196000000000000000e+03 9.733605631866332813e-47
2.197000000000000000e+03 9.460747325389112244e-47
2.198000000000000000e+03 1.044788441570769858e-46
2.199000000000000000e+03 9.081272803153031381e-47
2.200000000000000000e+03 8.891875195410524750e-47
2.201000000000000000e+03 9.104399264297815704e-47
2.202000000000000000e+03 9.503186457458830781e-47
2.203000000000000000e+03 1.272469748048159011e-46
2.204000000000000000e+03 1.227669220110151605e-46
2.205000000000000000e+03 9.350902847789888622e-47
2.206000000000000000e+03 9.082735647640709409e-47
2.207000000000000000e+03 9.411838209748015605e-47
2.208000000000000000e+03 9.973173351275896382e-47
2.209000000000000000e+03 9.777296053534207400e-47
2.210000000000000000e+03 1.005088753035249589e-46
2.211000000000000000e+03 1.001725349891689376e-46
2.212000000000000000e+03 8.470687750746044706e-47
2.213000000000000000e+03 8.362016571862156777e-47
2.214000000000000000e+03 9.168928548427931671e-47
2.215000000000000000e+03 7.850743617718777618e-47
2.216000000000000000e+03 8.356103269873289534e-47
2.217000000000000000e+03 9.873811777059354080e-47
2.218000000000000000e+03 1.050862647576054381e-46
2.219000000000000000e+03 9.793206768345276855e-47
2.220000000000000000e+03 9.814228269576700893e-47
2.221000000000000000e+03 1.020234036066036481e-46
2.222000000000000000e+03 9.806091557429791391e-47
2.223000000000000000e+03 1.062531648689375130e-46
2.224000000000000000e+03 1.302775676784287059e-46
2.225000000000000000e+03 1.121240954060718478e-46
2.226000000000000000e+03 9.307021382511570460e-47
2.227000000000000000e+03 9.168217068439480038e-47
2.228000000000000000e+03 7.900817384015093991e-47
2.229000000000000000e+03 8.951833163686116428e-47
2.230000000000000000e+03 1.024920254345692937e-46
2.231000000000000000e+03 8.554402353257019559e-47
2.232000000000000000e+03 7.623641455413581271e-47
2.233000000000000000e+03 9.920005240556327173e-47
2.234000000000000000e+03 8.674792069243848574e-47
2.235000000000000000e+03 8.109343184968371966e-47
2.236000000000000000e+03 1.040336219271245227e-46
2.237000000000000000e+03 1.053891332704080683e-46
2.238000000000000000e+03 9.325369334946366499e-47
2.239000000000000000e+03 9.875189543079406404e-47
2.240000000000000000e+03 1.031065886451064242e-46
2.241000000000000000e+03 9.558071069763978430e-47
2.242000000000000000e+03 1.184684276064104812e-46
2.243000000000000000e+03 1.269402732933834939e-46
2.244000000000000000e+03 1.127089459920889794e-46
2.245000000000000000e+03 1.039076811981126789e-46
2.246000000000000000e+03 9.743607264796749435e-47
2.247000000000000000e+03 9.324204048035207308e-47
2.248000000000000000e+03 1.025029991279077286e-46
2.249000000000000000e+03 9.680613698240506537e-47
2.250000000000000000e+03 9.611022315539575841e-47
2.251000000000000000e+03 1.032800508250302656e-46
2.252000000000000000e+03 1.057101522222003086e-46
2.253000000000000000e+03 7.085226301513712856e-47
2.254000000000000000e+03 1.001925486283982111e-46
2.255000000000000000e+03 1.035485640631718819e-46
2.256000000000000000e+03 1.092173109181649576e-46
2.257000000000000000e+03 9.129779479414926511e-47
2.258000000000000000e+03 9.770299262047050802e-47
2.259000000000000000e+03 9.835102684460530481e-47
2.260000000000000000e+03 1.129805170871267780e-46
2.261000000000000000e+03 1.074325405608821798e-46
2.262000000000000000e+03 8.048987404286942617e-47
2.263000000000000000e+03 7.482405474915775242e-47
2.264000000000000000e+03 1.078193674786248797e-46
2.265000000000000000e+03 1.240311730419810766e-46
2.266000000000000000e+03 1.315465202346365394e-46
2.267000000000000000e+03 1.256583265601203596e-46
2.268000000000000000e+03 1.009901164268481892e-46
2.269000000000000000e+03 8.401319234484891615e-47
2.270000000000000000e+03 1.079457959024590402e-46
2.271000000000000000e+03 1.018679932389238744e-46
2.272000000000000000e+03 1.221703561966893243e-46
2.273000000000000000e+03 1.114150594396032619e-46
2.274000000000000000e+03 1.006801142868432196e-46
2.275000000000000000e+03 1.095721735218244381e-46
2.276000000000000000e+03 1.143136041443622667e-46
2.277000000000000000e+03 8.897006989742367026e-47
2.278000000000000000e+03 9.147098031052815397e-47
2.279000000000000000e+03 1.116914414036930717e-46
2.280000000000000000e+03 1.011046810084082469e-46
2.281000000000000000e+03 9.862643908534454448e-47
2.282000000000000000e+03 1.023270680846968007e-46
2.283000000000000000e+03 1.211649716378149070e-46
2.284000000000000000e+03 1.085543630223822824e-46
2.285000000000000000e+03 9.730631200544092364e-47
2.286000000000000000e+03 9.048054372751118589e-47
2.287000000000000000e+03 1.178143402405134282e-46
2.288000000000000000e+03 1.230992537063373298e-46
2.289000000000000000e+03 9.353950300058695642e-47
2.290000000000000000e+03 1.078727408228091099e-46
2.291000000000000000e+03 1.231999190862021500e-46
2.292000000000000000e+03 9.438418208263818162e-47
2.293000000000000000e+03 8.641809543583320116e-47
2.294000000000000000e+03 9.711572719034364949e-47
2.295000000000000000e+03 1.296292856059480182e-46
2.296000000000000000e+03 1.138847856612644694e-46
2.297000000000000000e+03 8.554367606414646859e-47
2.298000000000000000e+03 8.359229664316028341e-47
2.299000000000000000e+03 9.225115855080710693e-47
2.300000000000000000e+03 8.424964706898036765e-47
2.301000000000000000e+03 1.030357043041561320e-46
2.302000000000000000e+03 1.071531821468390370e-46
2.303000000000000000e+03 8.739611108269702656e-47
2.304000000000000000e+03 9.684328830265769884e-47
2.305000000000000000e+03 9.033956135655648813e-47
2.306000000000000000e+03 9.824759805406449681e-47
2.307000000000000000e+03 8.490911388644188579e-47
2.308000000000000000e+03 8.234937789457583511e-47
2.309000000000000000e+03 1.118360630054245209e-46
2.310000000000000000e+03 1.288254585783931927e-46
2.311000000000000000e+03 1.046885824059220389e-46
2.312000000000000000e+03 9.623501285003841676e-47
2.313000000000000000e+03 8.116790985404714678e-47
2.314000000000000000e+03 1.015036168710262168e-46
2.315000000000000000e+03 1.029461236164791655e-46
2.316000000000000000e+03 1.035092446140068716e-46
2.317000000000000000e+03 1.158902636066159172e-46
2.318000000000000000e+03 1.148065980431241474e-46
2.319000000000000000e+03 9.255413676188009733e-47
2.320000000000000000e+03 1.204526923771026344e-46
2.321000000000000000e+03 1.106342812661374163e-46
2.322000000000000000e+03 1.091018485213002561e-46
2.323000000000000000e+03 1.089392507444824672e-46
2.324000000000000000e+03 1.240298208198151882e-46
2.325000000000000000e+03 1.348040077454057894e-46
2.326000000000000000e+03 1.277618579769088292e-46
2.327000000000000000e+03 1.128937883050743961e-46
2.328000000000000000e+03 8.876665884055035700e-47
2.329000000000000000e+03 1.062317119852558903e-46
2.330000000000000000e+03 1.070809646672170153e-46
2.331000000000000000e+03 1.177473343399536880e-46
2.332000000000000000e+03 1.253326778694374668e-46
2.333000000000000000e+03 1.045642280555252660e-46
2.334000000000000000e+03 1.019725539343365353e-46
2.335000000000000000e+03 1.069270738067033927e-46
2.336000000000000000e+03 1.092162798071292361e-46
2.337000000000000000e+03 1.098684744415495740e-46
2.338000000000000000e+03 1.050692396105903640e-46
2.339000000000000000e+03 1.093158228624890920e-46
2.340000000000000000e+03 1.378272392486120316e-46
2.341000000000000000e+03 1.108980920744966219e-46
2.342000000000000000e+03 8.485613782586377354e-47
2.343000000000000000e+03 9.289398379614049718e-47
2.344000000000000000e+03 8.938401542435077570e-47
2.345000000000000000e+03 9.643439260213957732e-47
2.346000000000000000e+03 1.266992858765825173e-46
2.347000000000000000e+03 1.154454092314757394e-46
2.348000000000000000e+03 1.093487038758014449e-46
2.349000000000000000e+03 1.165758220442635393e-46
2.350000000000000000e+03 1.192164018283380563e-46
2.351000000000000000e+03 9.944135494804996031e-47
2.352000000000000000e+03 1.075485232350728255e-46
2.353000000000000000e+03 1.232901739869664081e-46
2.354000000000000000e+03 1.027578754444322657e-46
2.355000000000000000e+03 1.058007405116086414e-46
2.356000000000000000e+03 1.278612333191829424e-46
2.357000000000000000e+03 1.342963969297989285e-46
2.358000000000000000e+03 9.396124035852159227e-47
2.359000000000000000e+03 8.699573674895638208e-47
2.360000000000000000e+03 1.168019110818240635e-46
2.361000000000000000e+03 1.205250658276879124e-46
2.362000000000000000e+03 1.003970161543255524e-46
2.363000000000000000e+03 9.194093241969636732e-47
2.364000000000000000e+03 9.252179187519093417e-47
2.365000000000000000e+03 1.275561651399118362e-46
2.366000000000000000e+03 1.190508632253808577e-46
2.367000000000000000e+03 1.124785993809947560e-46
2.368000000000000000e+03 1.027271813383365165e-46
2.369000000000000000e+03 1.231110864475267541e-46
2.370000000000000000e+03 1.180737379687372339e-46
2.371000000000000000e+03 9.266392564714041761e-47
2.372000000000000000e+03 9.038693890500783164e-47
2.373000000000000000e+03 9.898772137018186684e-47
2.374000000000000000e+03 9.254995516153849169e-47
2.375000000000000000e+03 1.024234595695270128e-46
2.376000000000000000e+03 1.152485896776555646e-46
2.377000000000000000e+03 1.123778390120179868e-46
2.378000000000000000e+03 1.310027526741435456e-46
2.379000000000000000e+03 1.325986033004602463e-46
2.380000000000000000e+03 1.077361037948300112e-46
2.381000000000000000e+03 1.164926550789342793e-46
2.382000000000000000e+03 1.251423507085823578e-46
2.383000000000000000e+03 1.278695069951131178e-45
2.384000000000000000e+03 6.384038179627746863e-45
2.385000000000000000e+03 2.397815061512820663e-45
2.386000000000000000e+03 1.358739401136280107e-46
2.387000000000000000e+03 1.053500024589557030e-46
2.388000000000000000e+03 1.010744828309902963e-46
2.389000000000000000e+03 2.503424497627486330e-46
2.390000000000000000e+03 1.722816103779906142e-45
2.391000000000000000e+03 5.354216351903460835e-45
2.392000000000000000e+03 8.148800196084450902e-45
2.393000000000000000e+03 3.475982124407692741e-45
2.394000000000000000e+03 2.017008003903774676e-45
2.395000000000000000e+03 8.992291918005473420e-45
2.396000000000000000e+03 4.439074035652414980e-45
2.397000000000000000e+03 4.105470546120925495e-46
2.398000000000000000e+03 1.331103717942814061e-46
2.399000000000000000e+03 1.367610728026493026e-46
2.400000000000000000e+03 1.215302073179877381e-46
2.401000000000000000e+03 1.665375257717383100e-45
2.402000000000000000e+03 4.868960619963632865e-45
2.403000000000000000e+03 9.996541166725504788e-46
2.404000000000000000e+03 1.216610830676962537e-46
2.405000000000000000e+03 1.259597111111915151e-46
2.406000000000000000e+03 1.097334515905160051e-46
2.407000000000000000e+03 1.493339034519244445e-46
2.408000000000000000e+03 5.454511717113934672e-45
2.409000000000000000e+03 1.434672511923014358e-44
2.410000000000000000e+03 3.605069837902057890e-45
2.411000000000000000e+03 1.174807543306755062e-45
2.412000000000000000e+03 9.309368145382442124e-46
2.413000000000000000e+03 8.217389643870925114e-46
2.414000000000000000e+03 2.645915289750080539e-45
2.415000000000000000e+03 1.746537646519584942e-45
2.416000000000000000e+03 1.945924434825319948e-46
2.417000000000000000e+03 1.046972710577587224e-46
2.418000000000000000e+03 1.091628062073366297e-46
2.419000000000000000e+03 1.313558851829979782e-46
2.420000000000000000e+03 1.170341822884885193e-45
2.421000000000000000e+03 1.772632156212251584e-45
2.422000000000000000e+03 2.669241350636458450e-46
2.423000000000000000e+03 1.225234404289187092e-46
2.424000000000000000e+03 1.218588688659071486e-46
2.425000000000000000e+03 1.099118610857758531e-46
2.426000000000000000e+03 1.126313294817910616e-46
2.427000000000000000e+03 9.029626626774019787e-47
2.428000000000000000e+03 9.449290333708542899e-47
2.429000000000000000e+03 1.363100212359063492e-46
2.430000000000000000e+03 1.460380696123473243e-46
2.431000000000000000e+03 2.599166365228049941e-45
2.432000000000000000e+03 6.345456448031014745e-45
2.433000000000000000e+03 1.110025299675987845e-45
2.434000000000000000e+03 5.749713292128842442e-46
2.435000000000000000e+03 7.495289768038432749e-45
2.436000000000000000e+03 6.362723780056643189e-45
2.437000000000000000e+03 3.276505275833293963e-46
2.438000000000000000e+03 1.467321123601751069e-45
2.439000000000000000e+03 3.652935530153186927e-45
2.440000000000000000e+03 7.092390957938378806e-46
2.441000000000000000e+03 1.245296997311798584e-46
2.442000000000000000e+03 1.272085851669410806e-46
2.443000000000000000e+03 1.461079755151011590e-46
2.444000000000000000e+03 1.238416009894949112e-46
2.445000000000000000e+03 1.259048327796166601e-46
2.446000000000000000e+03 1.222593383651883510e-46
2.447000000000000000e+03 1.447270510934700090e-46
2.448000000000000000e+03 2.125945006159771345e-46
2.449000000000000000e+03 7.887649094702540123e-46
2.450000000000000000e+03 4.561737106736194398e-46
2.451000000000000000e+03 1.190552374324100972e-46
2.452000000000000000e+03 1.177952085682496638e-46
2.453000000000000000e+03 1.076967614310257237e-46
2.454000000000000000e+03 1.121570359384643688e-46
2.455000000000000000e+03 1.005831394761425506e-46
2.456000000000000000e+03 9.668075651037909149e-47
2.457000000000000000e+03 1.012191839752642694e-46
2.458000000000000000e+03 1.764819775010569785e-46
2.459000000000000000e+03 1.635287206110152358e-46
2.460000000000000000e+03 1.017683824128836738e-46
2.461000000000000000e+03 1.191513811421898702e-46
2.462000000000000000e+03 1.171478868359199706e-46
2.463000000000000000e+03 1.083233398875078197e-46
2.464000000000000000e+03 1.056522968046265969e-46
2.465000000000000000e+03 1.277880544734544766e-46
2.466000000000000000e+03 1.319260226063428036e-46
2.467000000000000000e+03 1.229508291568135978e-46
2.468000000000000000e+03 1.163692458419151003e-46
2.469000000000000000e+03 1.314171409736330474e-46
2.470000000000000000e+03 1.245516236189872611e-46
2.471000000000000000e+03 1.077193277915683858e-46
2.472000000000000000e+03 1.447089488590869185e-46
2.473000000000000000e+03 1.372379956296909353e-46
2.474000000000000000e+03 1.187530915015086242e-46
2.475000000000000000e+03 1.081607438184191206e-46
2.476000000000000000e+03 1.011202812826552061e-46
2.477000000000000000e+03 1.145640583284585849e-46
2.478000000000000000e+03 1.296671042081591407e-46
2.479000000000000000e+03 1.428599970938438682e-46
2.480000000000000000e+03 1.365589357142267341e-46
2.481000000000000000e+03 8.939116789969437244e-47
2.482000000000000000e+03 8.409159956294161641e-47
2.483000000000000000e+03 1.019415879397289679e-46
2.484000000000000000e+03 1.116996241413428342e-46
2.485000000000000000e+03 1.418396147006050271e-46
2.486000000000000000e+03 1.334428142059259224e-46
2.487000000000000000e+03 1.141410078903483818e-46
2.488000000000000000e+03 1.190096693126445976e-46
2.489000000000000000e+03 1.059345529316619532e-46
2.490000000000000000e+03 1.004153930027462969e-46
2.491000000000000000e+03 1.113959240304924298e-46
2.492000000000000000e+03 1.280877342773605153e-46
2.493000000000000000e+03 1.333678753506364872e-46
2.494000000000000000e+03 1.407891483584792253e-46
2.495000000000000000e+03 1.258287739985883379e-46
2.496000000000000000e+03 1.251770134790783560e-46
2.497000000000000000e+03 1.154412391861557151e-46
2.498000000000000000e+03 1.151584834564165594e-46
2.499000000000000000e+03 1.147613847042117464e-46
2.500000000000000000e+03 1.001359034947381618e-46
2.501000000000000000e+03 1.114470704671317465e-46
2.502000000000000000e+03 1.252311035840793900e-46
2.503000000000000000e+03 1.008762309509238807e-46
2.504000000000000000e+03 8.399500988759864207e-47
2.505000000000000000e+03 8.988083917769663119e-47
2.506000000000000000e+03 1.333081729151401781e-46
2.507000000000000000e+03 1.456376298645126009e-46
2.508000000000000000e+03 1.421382564066766138e-46
2.509000000000000000e+03 1.702324240955342069e-46
2.510000000000000000e+03 1.607068803581432871e-46
2.511000000000000000e+03 1.139161912975216823e-46
2.512000000000000000e+03 1.049365913375371666e-46
2.513000000000000000e+03 1.111136127539858647e-46
2.514000000000000000e+03 1.126627578730254768e-46
2.515000000000000000e+03 1.078630897360403553e-46
2.516000000000000000e+03 1.410838130478838964e-46
2.517000000000000000e+03 1.541858447965425203e-46
2.518000000000000000e+03 1.162035925330985564e-46
2.519000000000000000e+03 1.045605590267251777e-46
2.520000000000000000e+03 1.196072899893783374e-46
2.521000000000000000e+03 1.264574723234095837e-46
2.522000000000000000e+03 1.355210634694493742e-46
2.523000000000000000e+03 1.465460637507911799e-46
2.524000000000000000e+03 1.011122023884316509e-46
2.525000000000000000e+03 1.093475334341287902e-46
2.526000000000000000e+03 1.459284563733547473e-46
2.527000000000000000e+03 1.277406746577398117e-46
2.528000000000000000e+03 1.229215246062190951e-46
2.529000000000000000e+03 1.420564912082213460e-46
2.530000000000000000e+03 1.518534731283044699e-46
2.531000000000000000e+03 1.198058105545831665e-46
2.532000000000000000e+03 1.175602143237742324e-46
2.533000000000000000e+03 1.144391828916315563e-46
2.534000000000000000e+03 1.199334391211523620e-46
2.535000000000000000e+03 1.136366452550479609e-46
2.536000000000000000e+03 1.401599395766769065e-46
2.537000000000000000e+03 1.622436872590521178e-46
2.538000000000000000e+03 1.546212567440442756e-46
2.539000000000000000e+03 1.796825777626545645e-46
2.540000000000000000e+03 2.313490017704569376e-46
2.541000000000000000e+03 2.644984524566563488e-46
2.542000000000000000e+03 2.929553398246133491e-46
2.543000000000000000e+03 2.389574363595583404e-46
2.544000000000000000e+03 1.871125399532268288e-46
2.545000000000000000e+03 1.499677039735486478e-46
2.546000000000000000e+03 1.390866154663899960e-46
2.547000000000000000e+03 1.453098190692306421e-46
2.548000000000000000e+03 1.334828235075575877e-46
2.549000000000000000e+03 1.223221326843813632e-46
2.550000000000000000e+03 1.297932724198509288e-46
2.551000000000000000e+03 1.097969689384805065e-46
2.552000000000000000e+03 1.237372040764943992e-46
2.553000000000000000e+03 1.330000271843261627e-46
2.554000000000000000e+03 1.409615418462790857e-46
2.555000000000000000e+03 1.350580662483463794e-46
2.556000000000000000e+03 1.671158630876519797e-46
2.557000000000000000e+03 1.659683379529376138e-46
2.558000000000000000e+03 1.312519401114829704e-46
2.559000000000000000e+03 1.139063971606312562e-46
2.560000000000000000e+03 1.077571223921294174e-46
2.561000000000000000e+03 1.199513961406790117e-46
2.562000000000000000e+03 1.402036129145081574e-46
2.563000000000000000e+03 1.413527943982075404e-46
2.564000000000000000e+03 1.173683567159542972e-46
2.565000000000000000e+03 1.080178279949069682e-46
2.566000000000000000e+03 1.368993850292789450e-46
2.567000000000000000e+03 1.084484570727139593e-46
2.568000000000000000e+03 1.089896973359464447e-46
2.569000000000000000e+03 1.183623966480474785e-46
2.570000000000000000e+03 1.002891028899519080e-46
2.571000000000000000e+03 1.166238446932201674e-46
2.572000000000000000e+03 1.438795421000838795e-46
2.573000000000000000e+03 1.125062677065565483e-46
2.574000000000000000e+03 1.184593131021012523e-46
2.575000000000000000e+03 1.459183314502042004e-46
2.576000000000000000e+03 1.503094611479915074e-46
2.577000000000000000e+03 1.405056817498648386e-46
2.578000000000000000e+03 1.474196824262242206e-46
2.579000000000000000e+03 1.578764815418674336e-46
2.580000000000000000e+03 1.642732980574881848e-46
2.581000000000000000e+03 1.293302485418876070e-46
2.582000000000000000e+03 1.142362545916325219e-46
2.583000000000000000e+03 1.280814232132445981e-46
2.584000000000000000e+03 1.293287614897708268e-46
2.585000000000000000e+03 1.098674176741379596e-46
2.586000000000000000e+03 1.326226356216955187e-46
2.587000000000000000e+03 1.252605288842840010e-46
2.588000000000000000e+03 1.420150540368601523e-46
2.589000000000000000e+03 1.793441910152331679e-46
2.590000000000000000e+03 1.807912040405239163e-46
2.591000000000000000e+03 1.053186479185260560e-46
2.592000000000000000e+03 9.876130042360204389e-47
2.593000000000000000e+03 1.314520107030759271e-46
2.594000000000000000e+03 1.521635020213814526e-46
2.595000000000000000e+03 1.834586968912867630e-46
2.596000000000000000e+03 1.901973288524036611e-46
2.597000000000000000e+03 1.717034573560473829e-46
2.598000000000000000e+03 1.323220603734307681e-46
2.599000000000000000e+03 1.202552801432331478e-46
2.600000000000000000e+03 1.175438146947938477e-46
2.601000000000000000e+03 1.282586198099439699e-46
2.602000000000000000e+03 1.528778470385824497e-46
2.603000000000000000e+03 1.421326528810754823e-46
2.604000000000000000e+03 1.482321475115240793e-46
2.605000000000000000e+03 1.427767572815582223e-46
2.606000000000000000e+03 1.450373884416505633e-46
2.607000000000000000e+03 1.477638283120525673e-46
2.608000000000000000e+03 1.440907292307498624e-46
2.609000000000000000e+03 1.438565321334673573e-46
2.610000000000000000e+03 1.310920731478318294e-46
2.611000000000000000e+03 1.318240092431222770e-46
2.612000000000000000e+03 1.257194515390494519e-46
2.613000000000000000e+03 1.010424487220037586e-46
2.614000000000000000e+03 1.165503354273773282e-46
2.615000000000000000e+03 1.363058034853070056e-46
2.616000000000000000e+03 1.260852492495849005e-46
2.617000000000000000e+03 1.474372951455104952e-46
2.618000000000000000e+03 1.213399750602802146e-46
2.619000000000000000e+03 1.010331894296195359e-46
2.620000000000000000e+03 1.465813705326424095e-46
2.621000000000000000e+03 1.399574029239256252e-46
2.622000000000000000e+03 1.165764520164149963e-46
2.623000000000000000e+03 1.105120257383800254e-46
2.624000000000000000e+03 1.177576011352278613e-46
2.625000000000000000e+03 1.177010137450766083e-46
2.626000000000000000e+03 1.470572855974562502e-46
2.627000000000000000e+03 1.587248857694073172e-46
2.628000000000000000e+03 1.389172861742154144e-46
2.629000000000000000e+03 1.453401673347412578e-46
2.630000000000000000e+03 1.267923807980409411e-46
2.631000000000000000e+03 1.484705361009612414e-46
2.632000000000000000e+03 1.361058109478029134e-46
2.633000000000000000e+03 1.341965024463378041e-46
2.634000000000000000e+03 1.375163980927545970e-46
2.635000000000000000e+03 1.287000404262159849e-46
2.636000000000000000e+03 1.371597545957573535e-46
2.637000000000000000e+03 1.266206916150440760e-46
2.638000000000000000e+03 1.233154549645129878e-46
2.639000000000000000e+03 1.405316863666915686e-46
2.640000000000000000e+03 1.446403914336648199e-46
2.641000000000000000e+03 1.273328391344603166e-46
2.642000000000000000e+03 1.138879520737303371e-46
2.643000000000000000e+03 9.428117872438908824e-47
2.644000000000000000e+03 1.384680507884789343e-46
2.645000000000000000e+03 1.707979237657080247e-46
2.646000000000000000e+03 2.014016016378234002e-46
2.647000000000000000e+03 1.374722787629408780e-46
2.648000000000000000e+03 1.549234542691426764e-46
2.649000000000000000e+03 1.468552654636717955e-46
2.650000000000000000e+03 1.079094884250610485e-46
2.651000000000000000e+03 1.188123097309887938e-46
2.652000000000000000e+03 1.672957774504835245e-46
2.653000000000000000e+03 1.358936049591408922e-46
2.654000000000000000e+03 1.150347015394982846e-46
2.655000000000000000e+03 1.318727218549345779e-46
2.656000000000000000e+03 1.269741669260099912e-46
2.657000000000000000e+03 1.222829192663697567e-46
2.658000000000000000e+03 1.551633042679170029e-46
2.659000000000000000e+03 1.489929966844406115e-46
2.660000000000000000e+03 1.608698533492445959e-46
2.661000000000000000e+03 1.285927335062353188e-46
2.662000000000000000e+03 1.033136291718210526e-46
2.663000000000000000e+03 1.225949235534406520e-46
2.664000000000000000e+03 1.517234905763624124e-46
2.665000000000000000e+03 1.641483253137072401e-46
2.666000000000000000e+03 1.835978347408905353e-46
2.667000000000000000e+03 1.827739406387757344e-46
2.668000000000000000e+03 1.631440015637134507e-46
2.669000000000000000e+03 1.085319547037934240e-46
2.670000000000000000e+03 1.171598007191427426e-46
2.671000000000000000e+03 1.479399939826984582e-46
2.672000000000000000e+03 1.397030926561608705e-46
2.673000000000000000e+03 1.294761534508388172e-46
2.674000000000000000e+03 1.556472255840402408e-46
2.675000000000000000e+03 1.457243236477175741e-46
2.676000000000000000e+03 1.297431405229752052e-46
2.677000000000000000e+03 1.237723996826963010e-46
2.678000000000000000e+03 1.506535001175775860e-46
2.679000000000000000e+03 1.581906518480003643e-46
2.680000000000000000e+03 1.306206652758198719e-46
2.681000000000000000e+03 1.203195902101260803e-46
2.682000000000000000e+03 1.161569795447691102e-46
2.683000000000000000e+03 1.439728572624969378e-46
2.684000000000000000e+03 1.197839952373987871e-46
2.685000000000000000e+03 1.228292480405554728e-46
2.686000000000000000e+03 1.656845183291616856e-46
2.687000000000000000e+03 1.883583811137775256e-46
2.688000000000000000e+03 1.864264258829840151e-46
2.689000000000000000e+03 1.682963428832589625e-46
2.690000000000000000e+03 1.879855557955813255e-46
2.691000000000000000e+03 1.629982781401491799e-46
2.692000000000000000e+03 1.494108455929235215e-46
2.693000000000000000e+03 1.520514974286537137e-46
2.694000000000000000e+03 1.428555330330576749e-46
2.695000000000000000e+03 1.244387268459107118e-46
2.696000000000000000e+03 1.296259638871164482e-46
2.697000000000000000e+03 1.614163788635997632e-46
2.698000000000000000e+03 1.264394881625290135e-46
2.699000000000000000e+03 1.605382656769349871e-46
2.700000000000000000e+03 1.761383040694697465e-46
2.701000000000000000e+03 1.699581882281631743e-46
2.702000000000000000e+03 1.834076252041592533e-46
2.703000000000000000e+03 1.590858827810016969e-46
2.704000000000000000e+03 1.397478587888817128e-46
2.705000000000000000e+03 1.146993993904383432e-46
2.706000000000000000e+03 1.249881755759544061e-46
2.707000000000000000e+03 1.486074679837856927e-46
2.708000000000000000e+03 1.578906819404643915e-46
2.709000000000000000e+03 1.601794087469838092e-46
2.710000000000000000e+03 1.850891787325652660e-46
2.711000000000000000e+03 1.778901392135253093e-46
2.712000000000000000e+03 1.516520751262269650e-46
2.713000000000000000e+03 1.599632697715698537e-46
2.714000000000000000e+03 1.541675314031640506e-46
2.715000000000000000e+03 1.720148661901734020e-46
2.716000000000000000e+03 1.543611505419983117e-46
2.717000000000000000e+03 1.373281080870894713e-46
2.718000000000000000e+03 1.219560188074461527e-46
2.719000000000000000e+03 1.186435332652870801e-46
2.720000000000000000e+03 1.166068381004600202e-46
2.721000000000000000e+03 1.168024894376409938e-46
2.722000000000000000e+03 1.209918904088218783e-46
2.723000000000000000e+03 1.532907319561320101e-46
2.724000000000000000e+03 1.655989303099482860e-46
2.725000000000000000e+03 1.584497899681517965e-46
2.726000000000000000e+03 1.468374994653030377e-46
2.727000000000000000e+03 1.289855248618100679e-46
2.728000000000000000e+03 1.152324658381293390e-46
2.729000000000000000e+03 1.322358944949195420e-46
2.730000000000000000e+03 1.189633340788046024e-46
2.731000000000000000e+03 1.310758825718852449e-46
2.732000000000000000e+03 1.532806735269129501e-46
2.733000000000000000e+03 1.348043140503805726e-46
2.734000000000000000e+03 1.254245937006095612e-46
2.735000000000000000e+03 1.258551612260207492e-46
2.736000000000000000e+03 1.507333156724543378e-46
2.737000000000000000e+03 1.447877508886319417e-46
2.738000000000000000e+03 1.519707147355877813e-46
2.739000000000000000e+03 1.434091533396815609e-46
2.740000000000000000e+03 1.355844077349825711e-46
2.741000000000000000e+03 1.630093938489511833e-46
2.742000000000000000e+03 1.566010185271797279e-46
2.743000000000000000e+03 1.668660084817536035e-46
2.744000000000000000e+03 1.513959235062559469e-46
2.745000000000000000e+03 1.685467108453901232e-46
2.746000000000000000e+03 1.445507662706597369e-46
2.747000000000000000e+03 1.260417437540130874e-46
2.748000000000000000e+03 1.421597411918343051e-46
2.749000000000000000e+03 1.548373637483979227e-46
2.750000000000000000e+03 1.414676383239569113e-46
2.751000000000000000e+03 1.403038737680848003e-46
2.752000000000000000e+03 1.461854998069145585e-46
2.753000000000000000e+03 1.469687763929156405e-46
2.754000000000000000e+03 1.598395367282231592e-46
2.755000000000000000e+03 1.697878115913479303e-46
2.756000000000000000e+03 1.778185018144904127e-46
2.757000000000000000e+03 1.728171444447103145e-46
2.758000000000000000e+03 1.688918119893302693e-46
2.759000000000000000e+03 1.707715693890521654e-46
2.760000000000000000e+03 1.819341949560501772e-46
2.761000000000000000e+03 1.603823474559727646e-46
2.762000000000000000e+03 1.386985455406650236e-46
2.763000000000000000e+03 1.217828142859114162e-46
2.764000000000000000e+03 1.439096624892517577e-46
2.765000000000000000e+03 1.371942649265183926e-46
2.766000000000000000e+03 1.400912682995176696e-46
2.767000000000000000e+03 1.677955650713486214e-46
2.768000000000000000e+03 1.353900120039354118e-46
2.769000000000000000e+03 1.580816066324715798e-46
2.770000000000000000e+03 1.778255568004060196e-46
2.771000000000000000e+03 1.700058148106216111e-46
2.772000000000000000e+03 1.391475999175487268e-46
2.773000000000000000e+03 1.388631362893998486e-46
2.774000000000000000e+03 1.908050119957428069e-46
2.775000000000000000e+03 1.520935287699221605e-46
2.776000000000000000e+03 1.444971262969790402e-46
2.777000000000000000e+03 1.080095522561126515e-46
2.778000000000000000e+03 9.927713464409890936e-47
2.779000000000000000e+03 1.288484347355645909e-46
2.780000000000000000e+03 1.400252000742129404e-46
2.781000000000000000e+03 1.415652399808869308e-46
2.782000000000000000e+03 1.272118319898267987e-46
2.783000000000000000e+03 1.829069345790486386e-46
2.784000000000000000e+03 1.617396353018930399e-46
2.785000000000000000e+03 1.833780049487142859e-46
2.786000000000000000e+03 2.367610613322165285e-46
2.787000000000000000e+03 1.695036226940617802e-46
2.788000000000000000e+03 1.447972096907370287e-46
2.789000000000000000e+03 1.628295176519192047e-46
2.790000000000000000e+03 1.762548485669521763e-46
2.791000000000000000e+03 1.581695925409613139e-46
2.792000000000000000e+03 1.530481087921845328e-46
2.793000000000000000e+03 1.642394144085383653e-46
2.794000000000000000e+03 1.377447263125834842e-46
2.795000000000000000e+03 1.376524292209528728e-46
2.796000000000000000e+03 1.662248312488746051e-46
2.797000000000000000e+03 1.783312297859087190e-46
2.798000000000000000e+03 1.799964138408949009e-46
2.799000000000000000e+03 1.821724852562740031e-46
2.800000000000000000e+03 1.307675802298336383e-46
2.801000000000000000e+03 1.297535340959437117e-46
2.802000000000000000e+03 1.810869362536506849e-46
2.803000000000000000e+03 1.839422108274062874e-46
2.804000000000000000e+03 1.832921689292387076e-46
2.805000000000000000e+03 1.680397776574218458e-46
2.806000000000000000e+03 1.259412892818420903e-46
2.807000000000000000e+03 1.342714066631052890e-46
2.808000000000000000e+03 1.381561627646312339e-46
2.809000000000000000e+03 1.528254905085171351e-46
2.810000000000000000e+03 1.553187227714271859e-46
2.811000000000000000e+03 1.374133752028932787e-46
2.812000000000000000e+03 1.586894607679386854e-46
2.813000000000000000e+03 1.369335426859796650e-46
2.814000000000000000e+03 1.284246097964732305e-46
2.815000000000000000e+03 1.401670395904664541e-46
2.816000000000000000e+03 1.778472243671475976e-46
2.817000000000000000e+03 1.281547691588335661e-46
2.818000000000000000e+03 1.265418323746605673e-46
2.819000000000000000e+03 1.249447426463656580e-46
2.820000000000000000e+03 1.639591700745398032e-46
2.821000000000000000e+03 1.699702604967321311e-46
2.822000000000000000e+03 1.386151700975612101e-46
2.823000000000000000e+03 1.738976409198278428e-46
2.824000000000000000e+03 1.802840391578711510e-46
2.825000000000000000e+03 4.920354155321157871e-46
2.826000000000000000e+03 8.259161772758397907e-46
2.827000000000000000e+03 7.236390883275926804e-46
2.828000000000000000e+03 9.664982554582581035e-46
2.829000000000000000e+03 2.145814409401057506e-46
2.830000000000000000e+03 1.337619497090175227e-46
2.831000000000000000e+03 1.369494028652615201e-46
2.832000000000000000e+03 1.603645005437840702e-46
2.833000000000000000e+03 1.817806551225541232e-46
2.834000000000000000e+03 1.631214756542483719e-46
2.835000000000000000e+03 1.292650432902199049e-46
2.836000000000000000e+03 1.513725947086953123e-46
2.837000000000000000e+03 1.578233528648339911e-46
2.838000000000000000e+03 1.457497877684485364e-46
2.839000000000000000e+03 1.263742667285328107e-46
2.840000000000000000e+03 1.307029633247669666e-46
2.841000000000000000e+03 1.456313691150629492e-46
2.842000000000000000e+03 1.739062755444295676e-46
2.843000000000000000e+03 2.109520082640362012e-46
2.844000000000000000e+03 1.866972620866538210e-46
2.845000000000000000e+03 1.667226462270712743e-46
2.846000000000000000e+03 1.484716748304828772e-46
2.847000000000000000e+03 1.584912242452506008e-46
2.848000000000000000e+03 1.671886718074121483e-46
2.849000000000000000e+03 1.729390002694217396e-46
2.850000000000000000e+03 1.535976929362653433e-46
2.851000000000000000e+03 1.416907239278929298e-46
2.852000000000000000e+03 1.202123433968841673e-46
2.853000000000000000e+03 1.265084917017996858e-46
2.854000000000000000e+03 4.058092821637364366e-46
2.855000000000000000e+03 8.170380412013719756e-46
2.856000000000000000e+03 2.673178469944031424e-46
2.857000000000000000e+03 2.924212940068094831e-46
2.858000000000000000e+03 1.095194918168962348e-45
2.859000000000000000e+03 1.122553315570106297e-45
2.860000000000000000e+03 1.085531718402682295e-45
2.861000000000000000e+03 1.889083932739632513e-45
2.862000000000000000e+03 1.976612462508546219e-45
2.863000000000000000e+03 4.179734425122443102e-46
2.864000000000000000e+03 1.320252371283126870e-46
2.865000000000000000e+03 1.606009916858128562e-46
2.866000000000000000e+03 8.018931486771494486e-46
2.867000000000000000e+03 1.297326418747497662e-45
2.868000000000000000e+03 3.335359075987595097e-45
2.869000000000000000e+03 3.435722695686260218e-45
2.870000000000000000e+03 8.475146996210161195e-46
2.871000000000000000e+03 4.937853024745161914e-46
2.872000000000000000e+03 2.247243950326376223e-45
2.873000000000000000e+03 2.340315288439573529e-45
2.874000000000000000e+03 1.359537029084807162e-45
2.875000000000000000e+03 5.781616982241440059e-46
2.876000000000000000e+03 2.655140279781508560e-46
2.877000000000000000e+03 2.288750195471527125e-46
2.878000000000000000e+03 1.703348446641355431e-46
2.879000000000000000e+03 1.451663276643363476e-46
2.880000000000000000e+03 1.656153701671705394e-46
2.881000000000000000e+03 5.797723897148485608e-46
2.882000000000000000e+03 3.356074469709867886e-45
2.883000000000000000e+03 3.240555660683868031e-45
2.884000000000000000e+03 6.445213311955122539e-45
2.885000000000000000e+03 1.591977955656770293e-45
2.886000000000000000e+03 1.735149787663685871e-46
2.887000000000000000e+03 1.981817166809556536e-46
2.888000000000000000e+03 1.632857916309822344e-46
2.889000000000000000e+03 1.966992278411701558e-46
2.890000000000000000e+03 4.067706031503106877e-46
2.891000000000000000e+03 2.766607542583671509e-46
2.892000000000000000e+03 3.893851864574399069e-46
2.893000000000000000e+03 3.506495156669039944e-46
2.894000000000000000e+03 6.609423676378064543e-46
2.895000000000000000e+03 7.965950012087861124e-46
2.896000000000000000e+03 3.270519282564664210e-46
2.897000000000000000e+03 1.700458069195150016e-46
2.898000000000000000e+03 1.556250914522664359e-46
2.899000000000000000e+03 1.353842350271991411e-46
2.900000000000000000e+03 1.382559405761644090e-46
2.901000000000000000e+03 1.626663553238474658e-46
2.902000000000000000e+03 1.795446472320919221e-46
2.903000000000000000e+03 1.671760887713552422e-46
2.904000000000000000e+03 1.528867710353695273e-46
2.905000000000000000e+03 1.742346635449904192e-46
2.906000000000000000e+03 1.592776633320309791e-46
2.907000000000000000e+03 1.659938900000088323e-46
2.908000000000000000e+03 1.522933699075081598e-46
2.909000000000000000e+03 1.660563896784282563e-46
2.910000000000000000e+03 1.717822276439929510e-46
2.911000000000000000e+03 1.446956189059306488e-46
2.912000000000000000e+03 1.532498336088028977e-46
2.913000000000000000e+03 1.492752549272509114e-46
2.914000000000000000e+03 1.463543890166950014e-46
2.915000000000000000e+03 1.888966814180365011e-46
2.916000000000000000e+03 1.969457854594116008e-46
2.917000000000000000e+03 1.486087974419077761e-46
2.918000000000000000e+03 1.596131142896703283e-46
2.919000000000000000e+03 1.543868096379256930e-46
2.920000000000000000e+03 1.371131081780207900e-46
2.921000000000000000e+03 1.800048756357002555e-46
2.922000000000000000e+03 1.701736348140019452e-46
2.923000000000000000e+03 1.870968253856467936e-46
2.924000000000000000e+03 1.827351376219138563e-46
2.925000000000000000e+03 1.539489690744150792e-46
2.926000000000000000e+03 1.475750189652578472e-46
2.927000000000000000e+03 1.559166345361142400e-46
2.928000000000000000e+03 1.635716898057670957e-46
2.929000000000000000e+03 1.580332709186659655e-46
2.930000000000000000e+03 1.921833136678722370e-46
2.931000000000000000e+03 1.923655636667761611e-46
2.932000000000000000e+03 1.725799175159080011e-46
2.933000000000000000e+03 1.624170142829171695e-46
2.934000000000000000e+03 1.679184689600234399e-46
2.935000000000000000e+03 1.661008524699917744e-46
2.936000000000000000e+03 1.540373458787541782e-46
2.937000000000000000e+03 1.395793276851204664e-46
2.938000000000000000e+03 1.394869392181495419e-46
2.939000000000000000e+03 1.540657358925199274e-46
2.940000000000000000e+03 1.658889561235572470e-46
2.941000000000000000e+03 1.969341732760467206e-46
2.942000000000000000e+03 1.960585423285497833e-46
2.943000000000000000e+03 1.884153212832956623e-46
2.944000000000000000e+03 1.774683641101335419e-46
2.945000000000000000e+03 1.836566390378084586e-46
2.946000000000000000e+03 1.867752468714463330e-46
2.947000000000000000e+03 2.134183369897243771e-46
2.948000000000000000e+03 2.305478974709343782e-46
2.949000000000000000e+03 1.916688952153769968e-46
2.950000000000000000e+03 1.822072629047217584e-46
2.951000000000000000e+03 2.201604110185892811e-46
2.952000000000000000e+03 1.932168131850692943e-46
2.953000000000000000e+03 2.142096928073883617e-46
2.954000000000000000e+03 2.000514901578445964e-46
2.955000000000000000e+03 1.552581876618686289e-46
2.956000000000000000e+03 1.102630562086686559e-46
2.957000000000000000e+03 1.530246157242193434e-46
2.958000000000000000e+03 1.670537773363455021e-46
2.959000000000000000e+03 1.673911594440805989e-46
2.960000000000000000e+03 1.878481712535222595e-46
2.961000000000000000e+03 1.637380380194599248e-46
2.962000000000000000e+03 1.533210432131016229e-46
2.963000000000000000e+03 1.849325873261663119e-46
2.964000000000000000e+03 2.405748960856938871e-46
2.965000000000000000e+03 2.399934683138017660e-46
2.966000000000000000e+03 1.660315371413784125e-46
2.967000000000000000e+03 1.462632436418780567e-46
2.968000000000000000e+03 1.886098050638259126e-46
2.969000000000000000e+03 1.616147245747944665e-46
2.970000000000000000e+03 1.465318115849145866e-46
2.971000000000000000e+03 1.573459194870323899e-46
2.972000000000000000e+03 1.701390859485627359e-46
2.973000000000000000e+03 1.664651629119982412e-46
2.974000000000000000e+03 1.806247307989940238e-46
2.975000000000000000e+03 2.050622329940461683e-46
2.976000000000000000e+03 2.057232661061587105e-46
2.977000000000000000e+03 2.166185819909284995e-46
2.978000000000000000e+03 1.721155069068273697e-46
2.979000000000000000e+03 1.998443251911083096e-46
2.980000000000000000e+03 2.069020682733027020e-46
2.981000000000000000e+03 1.907394655935327994e-46
2.982000000000000000e+03 1.830050917287306976e-46
2.983000000000000000e+03 1.622587329554790911e-46
2.984000000000000000e+03 1.500158641994634051e-46
2.985000000000000000e+03 1.564593764446957183e-46
2.986000000000000000e+03 1.793565835634243665e-46
2.987000000000000000e+03 3.360109282034299293e-46
2.988000000000000000e+03 2.394610795746180984e-46
2.989000000000000000e+03 2.010617759838372728e-46
2.990000000000000000e+03 2.012067980587026966e-46
2.991000000000000000e+03 1.628381144404392517e-46
2.992000000000000000e+03 1.725440709746934757e-46
2.993000000000000000e+03 1.509373172548338204e-46
2.994000000000000000e+03 1.837216860977335430e-46
2.995000000000000000e+03 1.732696274315818700e-46
2.996000000000000000e+03 1.523829810608312583e-46
2.997000000000000000e+03 1.827924348710496859e-46
2.998000000000000000e+03 1.764730231552055037e-46
2.999000000000000000e+03 2.180233019512155566e-46
3.000000000000000000e+03 2.367579211723108447e-46
3.001000000000000000e+03 2.483445838201432505e-46
3.002000000000000000e+03 2.221916130465809408e-46
3.003000000000000000e+03 1.999480676762721506e-46
3.004000000000000000e+03 1.922142571599062154e-46
3.005000000000000000e+03 1.677111227553409140e-46
3.006000000000000000e+03 1.634608482427610195e-46
3.007000000000000000e+03 1.722354953200603298e-46
3.008000000000000000e+03 1.614277573430390330e-46
3.009000000000000000e+03 1.826909400063307283e-46
3.010000000000000000e+03 1.711053980298611062e-46
3.011000000000000000e+03 1.545637397919984350e-46
3.012000000000000000e+03 1.728695456392734143e-46
3.013000000000000000e+03 1.974535423014013088e-46
3.014000000000000000e+03 1.700556098366410872e-46
3.015000000000000000e+03 1.775255495535318514e-46
3.016000000000000000e+03 1.840621953419287326e-46
3.017000000000000000e+03 2.357193819472468628e-46
3.018000000000000000e+03 1.747153059965232998e-46
3.019000000000000000e+03 1.255128950871232061e-46
3.020000000000000000e+03 1.767404360580802257e-46
3.021000000000000000e+03 2.138830798546644526e-46
3.022000000000000000e+03 1.636479406941342069e-46
3.023000000000000000e+03 1.446691590377102116e-46
3.024000000000000000e+03 1.652248078434567747e-46
3.025000000000000000e+03 1.738698190461850198e-46
3.026000000000000000e+03 1.852616092673737954e-46
3.027000000000000000e+03 1.715179513535140685e-46
3.028000000000000000e+03 1.722771972349441821e-46
3.029000000000000000e+03 2.061866314021325486e-46
3.030000000000000000e+03 2.120749755353323184e-46
3.031000000000000000e+03 1.960418822506951434e-46
3.032000000000000000e+03 1.598339927837806819e-46
3.033000000000000000e+03 1.446065985740876188e-46
3.034000000000000000e+03 1.544614545511142255e-46
3.035000000000000000e+03 1.813311907908458292e-46
3.036000000000000000e+03 1.742593652053302111e-46
3.037000000000000000e+03 1.559769337894985668e-46
3.038000000000000000e+03 2.105024389123886022e-46
3.039000000000000000e+03 2.166474616105443106e-46
3.040000000000000000e+03 1.673846522237246933e-46
3.041000000000000000e+03 1.566997568249900114e-46
3.042000000000000000e+03 1.988973714507994295e-46
3.043000000000000000e+03 1.747328752334431224e-46
3.044000000000000000e+03 1.560928038029578354e-46
3.045000000000000000e+03 1.777649344163371946e-46
3.046000000000000000e+03 2.226934000095649145e-46
3.047000000000000000e+03 2.036141575756844570e-46
3.048000000000000000e+03 1.735502401081270432e-46
3.049000000000000000e+03 1.773499838949351810e-46
3.050000000000000000e+03 2.141147304382770852e-46
3.051000000000000000e+03 2.254073895557629869e-46
3.052000000000000000e+03 1.917159077057442899e-46
3.053000000000000000e+03 1.627853273082946420e-46
3.054000000000000000e+03 1.770887284803390833e-46
3.055000000000000000e+03 1.915730154082975426e-46
3.056000000000000000e+03 2.122558525306673932e-46
3.057000000000000000e+03 1.956187777802758906e-46
3.058000000000000000e+03 1.959187984750845185e-46
3.059000000000000000e+03 1.857817642422283579e-46
3.060000000000000000e+03 1.918458074417932344e-46
3.061000000000000000e+03 1.857550833188885547e-46
3.062000000000000000e+03 2.338201774660574424e-46
3.063000000000000000e+03 2.237210223736993953e-46
3.064000000000000000e+03 1.747202395411534186e-46
3.065000000000000000e+03 1.637316532887496705e-46
3.066000000000000000e+03 1.552885683142629897e-46
3.067000000000000000e+03 1.983006361264213828e-46
3.068000000000000000e+03 1.900521692580098075e-46
3.069000000000000000e+03 1.864681262665559128e-46
3.070000000000000000e+03 1.999197935554958724e-46
3.071000000000000000e+03 2.116662613847764713e-46
3.072000000000000000e+03 2.349965767789661026e-46
3.073000000000000000e+03 2.231233889453670418e-46
3.074000000000000000e+03 1.902305481921682059e-46
3.075000000000000000e+03 1.733264831293736869e-46
3.076000000000000000e+03 1.531107459459373489e-46
3.077000000000000000e+03 1.978136163318691844e-46
3.078000000000000000e+03 1.793860324275137079e-46
3.079000000000000000e+03 1.620638799134061581e-46
3.080000000000000000e+03 1.597233207488923073e-46
3.081000000000000000e+03 1.787291229577299249e-46
3.082000000000000000e+03 1.822233889809096083e-46
3.083000000000000000e+03 1.532568333465426113e-46
3.084000000000000000e+03 1.994854162379974928e-46
3.085000000000000000e+03 2.188110339886877322e-46
3.086000000000000000e+03 1.633676544859191091e-46
3.087000000000000000e+03 1.729796266079114910e-46
3.088000000000000000e+03 2.116542128464980848e-46
3.089000000000000000e+03 1.907951811984268330e-46
3.090000000000000000e+03 1.464196869041600788e-46
3.091000000000000000e+03 1.679860886201162124e-46
3.092000000000000000e+03 1.835296130019277846e-46
3.093000000000000000e+03 1.635863296556863747e-46
3.094000000000000000e+03 1.802229662276147573e-46
3.095000000000000000e+03 2.239462096054481096e-46
3.096000000000000000e+03 2.280603691899137679e-46
3.097000000000000000e+03 2.142369935110656805e-46
3.098000000000000000e+03 1.931257683994291438e-46
3.099000000000000000e+03 1.927582144362481233e-46
3.100000000000000000e+03 2.053258034714460115e-46
3.101000000000000000e+03 1.765550261303842715e-46
3.102000000000000000e+03 1.679580242853183929e-46
3.103000000000000000e+03 1.726642880720507633e-46
3.104000000000000000e+03 1.575614401298229364e-46
3.105000000000000000e+03 1.981905623794995603e-46
3.106000000000000000e+03 1.616104246138263081e-46
3.107000000000000000e+03 1.620239039329410493e-46
3.108000000000000000e+03 1.886264460278326059e-46
3.109000000000000000e+03 1.810563546634523607e-46
3.110000000000000000e+03 1.706147101307102100e-46
3.111000000000000000e+03 1.586746726978557498e-46
3.112000000000000000e+03 1.934633438973343208e-46
3.113000000000000000e+03 1.958809677363023830e-46
3.114000000000000000e+03 2.231424469402595874e-46
3.115000000000000000e+03 2.328001932960691055e-46
3.116000000000000000e+03 2.137499711389948887e-46
3.117000000000000000e+03 2.204059233561058790e-46
3.118000000000000000e+03 1.929147426077622288e-46
3.119000000000000000e+03 2.120706841018321208e-46
3.120000000000000000e+03 2.082265801490494276e-46
3.121000000000000000e+03 2.555027665448662550e-46
3.122000000000000000e+03 2.159418009800384289e-46
3.123000000000000000e+03 1.720581650980906118e-46
3.124000000000000000e+03 1.805098887732185922e-46
3.125000000000000000e+03 1.926015776463539417e-46
3.126000000000000000e+03 1.716200190784242458e-46
3.127000000000000000e+03 1.559959057302752231e-46
3.128000000000000000e+03 1.784023999184868081e-46
3.129000000000000000e+03 2.154950982026908361e-46
3.130000000000000000e+03 1.845744565081540089e-46
3.131000000000000000e+03 1.672045116981411535e-46
3.132000000000000000e+03 1.826676708091545592e-46
3.133000000000000000e+03 2.025621966404135279e-46
3.134000000000000000e+03 1.836511956000818528e-46
3.135000000000000000e+03 1.971511524121578587e-46
3.136000000000000000e+03 2.110213963328505498e-46
3.137000000000000000e+03 2.063411336414455382e-46
3.138000000000000000e+03 2.033124045698267144e-46
3.139000000000000000e+03 1.966793034124904386e-46
3.140000000000000000e+03 2.085823800113942457e-46
3.141000000000000000e+03 1.816292956291385128e-46
3.142000000000000000e+03 1.850523469691366282e-46
3.143000000000000000e+03 1.853641294461040485e-46
3.144000000000000000e+03 1.726626520852502269e-46
3.145000000000000000e+03 1.923256425662119157e-46
3.146000000000000000e+03 1.595159549950669334e-46
3.147000000000000000e+03 1.885414336749960300e-46
3.148000000000000000e+03 1.946626400567344815e-46
3.149000000000000000e+03 1.723825159083137455e-46
3.150000000000000000e+03 2.007609893474485402e-46
3.151000000000000000e+03 2.075346693465673692e-46
3.152000000000000000e+03 2.193133069501623463e-46
3.153000000000000000e+03 2.100979771519927479e-46
3.154000000000000000e+03 1.772003848807586315e-46
3.155000000000000000e+03 1.876987329980707339e-46
3.156000000000000000e+03 2.098138122251646610e-46
3.157000000000000000e+03 2.950837073654915841e-46
3.158000000000000000e+03 2.618232470381885178e-46
3.159000000000000000e+03 2.158754209292443342e-46
3.160000000000000000e+03 2.690372310892202238e-46
3.161000000000000000e+03 2.358737335146145400e-46
3.162000000000000000e+03 1.739306280853328219e-46
3.163000000000000000e+03 1.897432216091640047e-46
3.164000000000000000e+03 2.399261798429645244e-46
3.165000000000000000e+03 1.992894480284611993e-46
3.166000000000000000e+03 2.670737912403064761e-46
3.167000000000000000e+03 2.307974030299879623e-46
3.168000000000000000e+03 1.050387902269716254e-45
3.169000000000000000e+03 4.774280104521775751e-45
3.170000000000000000e+03 2.089532248584404021e-45
3.171000000000000000e+03 2.177974493199096642e-46
3.172000000000000000e+03 2.219988738851191673e-46
3.173000000000000000e+03 2.309177672748652460e-46
3.174000000000000000e+03 1.934690064792447258e-46
3.175000000000000000e+03 1.798796493775114752e-46
3.176000000000000000e+03 1.885764966107827326e-46
3.177000000000000000e+03 2.040912947267771820e-46
3.178000000000000000e+03 7.171059422323458193e-46
3.179000000000000000e+03 3.131190952633005179e-45
3.180000000000000000e+03 1.317204154970360315e-45
3.181000000000000000e+03 1.920601087604558804e-46
3.182000000000000000e+03 1.790107200753170586e-46
3.183000000000000000e+03 1.882142125487405999e-46
3.184000000000000000e+03 1.786056774329838001e-46
3.185000000000000000e+03 1.472356930330983445e-46
3.186000000000000000e+03 2.012704414027437920e-46
3.187000000000000000e+03 2.020655439025991092e-46
3.188000000000000000e+03 1.391182349321776411e-46
3.189000000000000000e+03 1.712044760754494002e-46
3.190000000000000000e+03 1.923786621738480493e-46
3.191000000000000000e+03 2.020580683834320950e-46
3.192000000000000000e+03 1.953917204392544984e-46
3.193000000000000000e+03 1.847681562022454173e-46
3.194000000000000000e+03 2.233626474015652040e-46
3.195000000000000000e+03 2.262247469145711059e-46
3.196000000000000000e+03 2.032697757397071930e-46
3.197000000000000000e+03 1.984753292723303306e-46
3.198000000000000000e+03 2.222813459041839655e-46
3.199000000000000000e+03 2.281267780076848566e-46
3.200000000000000000e+03 2.160137306656296136e-46
3.201000000000000000e+03 2.234211509232688685e-46
3.202000000000000000e+03 1.982897734854147102e-46
3.203000000000000000e+03 2.099147141063231109e-46
3.204000000000000000e+03 2.439185505818509670e-46
3.205000000000000000e+03 2.223481297753887978e-46
3.206000000000000000e+03 2.299872995450870512e-46
3.207000000000000000e+03 2.143415581844441093e-46
3.208000000000000000e+03 2.006270881413360188e-46
3.209000000000000000e+03 1.969269613954454640e-46
3.210000000000000000e+03 1.817177599214717249e-46
3.211000000000000000e+03 1.986964029651962433e-46
3.212000000000000000e+03 2.045313842242206635e-46
3.213000000000000000e+03 2.078825633420353029e-46
3.214000000000000000e+03 2.330933177316847661e-46
3.215000000000000000e+03 2.121964077978816316e-46
3.216000000000000000e+03 2.361442382525458857e-46
3.217000000000000000e+03 2.582379669616677146e-46
3.218000000000000000e+03 2.003398311557200238e-46
3.219000000000000000e+03 1.845039192443512646e-46
3.220000000000000000e+03 1.940796263472086850e-46
3.221000000000000000e+03 1.871586393069282094e-46
3.222000000000000000e+03 2.055605456528597378e-46
3.223000000000000000e+03 1.684127690855108735e-46
3.224000000000000000e+03 1.617652436382256378e-46
3.225000000000000000e+03 1.996332667838832296e-46
3.226000000000000000e+03 1.905940886766668706e-46
3.227000000000000000e+03 1.699155931771494187e-46
3.228000000000000000e+03 1.893198563406315734e-46
3.229000000000000000e+03 1.793893725045046895e-46
3.230000000000000000e+03 1.691690408263382585e-46
3.231000000000000000e+03 1.732647813433086186e-46
3.232000000000000000e+03 1.983999604682507688e-46
3.233000000000000000e+03 1.749054485716995320e-46
3.234000000000000000e+03 1.994844374974378496e-46
3.235000000000000000e+03 2.772321241230188575e-46
3.236000000000000000e+03 2.055549495069436336e-46
3.237000000000000000e+03 2.272640514051785501e-46
3.238000000000000000e+03 2.089565232173629029e-46
3.239000000000000000e+03 1.777155062213602521e-46
3.240000000000000000e+03 1.936292829257819141e-46
3.241000000000000000e+03 1.822951382628036977e-46
3.242000000000000000e+03 1.816210969808274012e-46
3.243000000000000000e+03 2.048007151365848918e-46
3.244000000000000000e+03 2.307218821436654444e-46
3.245000000000000000e+03 2.670834282313109760e-46
3.246000000000000000e+03 2.683776317605802966e-46
3.247000000000000000e+03 2.538830614628663266e-46
3.248000000000000000e+03 2.565349115434433187e-46
3.249000000000000000e+03 2.335035853731369992e-46
3.250000000000000000e+03 1.827433188200529388e-46
3.251000000000000000e+03 1.897435616174464581e-46
3.252000000000000000e+03 2.118955398242686096e-46
3.253000000000000000e+03 2.503616626810233460e-46
3.254000000000000000e+03 2.523826030753222976e-46
3.255000000000000000e+03 1.765490523717085821e-46
3.256000000000000000e+03 2.174128941286445217e-46
3.257000000000000000e+03 2.530123159689727018e-46
3.258000000000000000e+03 2.390696701137544558e-46
3.259000000000000000e+03 2.008001810188709387e-46
3.260000000000000000e+03 1.459078941338988311e-46
3.261000000000000000e+03 1.887953714962860975e-46
3.262000000000000000e+03 2.046456123938834019e-46
3.263000000000000000e+03 1.965587906906435682e-46
3.264000000000000000e+03 2.427265579140444878e-46
3.265000000000000000e+03 2.726740103582752584e-46
3.266000000000000000e+03 2.080450946341328926e-46
3.267000000000000000e+03 2.017818464505761704e-46
3.268000000000000000e+03 2.115524751552670338e-46
3.269000000000000000e+03 6.816316811957688632e-46
3.270000000000000000e+03 1.063519519544324004e-45
3.271000000000000000e+03 5.276978818577650964e-46
3.272000000000000000e+03 7.109705513765772422e-46
3.273000000000000000e+03 2.464600469953668805e-46
3.274000000000000000e+03 2.134511299272378687e-46
3.275000000000000000e+03 2.321327041815104428e-46
3.276000000000000000e+03 2.284269946938990416e-46
3.277000000000000000e+03 2.263026840367063915e-46
3.278000000000000000e+03 1.832184472309451038e-46
3.279000000000000000e+03 1.935094678274507372e-46
3.280000000000000000e+03 2.245668910150734841e-46
3.281000000000000000e+03 2.444673038224804970e-46
3.282000000000000000e+03 2.218296921950562563e-46
3.283000000000000000e+03 3.070517047708491768e-46
3.284000000000000000e+03 1.239104203799915332e-45
3.285000000000000000e+03 8.955134889521569599e-46
3.286000000000000000e+03 2.520609440394499532e-46
3.287000000000000000e+03 1.822693630314444126e-46
3.288000000000000000e+03 2.256366415326239728e-46
3.289000000000000000e+03 2.253231368117685492e-46
3.290000000000000000e+03 3.963800883704730042e-46
3.291000000000000000e+03 5.394130130565525556e-46
3.292000000000000000e+03 1.347891343486212838e-45
3.293000000000000000e+03 8.974227910617904470e-46
3.294000000000000000e+03 2.043678251051472061e-46
3.295000000000000000e+03 2.267979269039321266e-46
3.296000000000000000e+03 2.543514299739638970e-46
3.297000000000000000e+03 2.521230851004765450e-46
3.298000000000000000e+03 8.302655409956090372e-46
3.299000000000000000e+03 8.332854311519523192e-46
3.300000000000000000e+03 2.770517592288316786e-46
3.301000000000000000e+03 2.647458592168937703e-46
3.302000000000000000e+03 2.400733273975443513e-46
3.303000000000000000e+03 2.315090675568337844e-46
3.304000000000000000e+03 2.392182568125978946e-46
3.305000000000000000e+03 2.171276083239202335e-46
3.306000000000000000e+03 2.748842980365240997e-46
3.307000000000000000e+03 3.502568214688008698e-46
3.308000000000000000e+03 2.821133530137307195e-46
3.309000000000000000e+03 2.863584479689746033e-46
3.310000000000000000e+03 2.075135347126579309e-46
3.311000000000000000e+03 2.146364501041192968e-46
3.312000000000000000e+03 2.071383140154520192e-46
3.313000000000000000e+03 2.029637444362305336e-46
3.314000000000000000e+03 2.549390793203659802e-46
3.315000000000000000e+03 2.862914100200210465e-46
3.316000000000000000e+03 2.424851226426616584e-46
3.317000000000000000e+03 2.390237044318402079e-46
3.318000000000000000e+03 2.300008893116500149e-46
3.319000000000000000e+03 2.154442328608165688e-46
3.320000000000000000e+03 2.600722220158921376e-46
3.321000000000000000e+03 4.326659521812262389e-46
3.322000000000000000e+03 9.943217029474691422e-46
3.323000000000000000e+03 5.236014970343755854e-46
3.324000000000000000e+03 1.840327793441365324e-46
3.325000000000000000e+03 2.145494734473108194e-46
3.326000000000000000e+03 1.871340371681146651e-46
3.327000000000000000e+03 2.843345848523551074e-46
3.328000000000000000e+03 1.017813075514868955e-45
3.329000000000000000e+03 1.291661607807976077e-45
3.330000000000000000e+03 6.479142987905890585e-46
3.331000000000000000e+03 5.232062635256324889e-46
3.332000000000000000e+03 8.047865876831070905e-46
3.333000000000000000e+03 6.894186955587899362e-46
3.334000000000000000e+03 7.097244998073853905e-46
3.335000000000000000e+03 3.601506926546569445e-46
3.336000000000000000e+03 7.767586675907321469e-46
3.337000000000000000e+03 5.162467445346534707e-46
3.338000000000000000e+03 1.127979694600936636e-45
3.339000000000000000e+03 2.585869143060294015e-45
3.340000000000000000e+03 4.512213086740294817e-45
3.341000000000000000e+03 1.194224477916232888e-45
3.342000000000000000e+03 2.444086075007754685e-46
3.343000000000000000e+03 2.207648196821123030e-46
3.344000000000000000e+03 2.084241003163441641e-46
3.345000000000000000e+03 2.110329810750185479e-46
3.346000000000000000e+03 2.350977470527587868e-46
3.347000000000000000e+03 2.553060781638460191e-46
3.348000000000000000e+03 3.330654558380721465e-46
3.349000000000000000e+03 3.572972488890872180e-46
3.350000000000000000e+03 2.289639288554381139e-46
3.351000000000000000e+03 1.958549743280386569e-46
3.352000000000000000e+03 2.147991132801342579e-46
3.353000000000000000e+03 2.136146924685766289e-46
3.354000000000000000e+03 2.047913257995534538e-46
3.355000000000000000e+03 2.300008603186721251e-46
3.356000000000000000e+03 2.313662148880581859e-46
3.357000000000000000e+03 2.035779307048070816e-46
3.358000000000000000e+03 1.989431522431646146e-46
3.359000000000000000e+03 2.018549614699206492e-46
3.360000000000000000e+03 2.409507319418610258e-46
3.361000000000000000e+03 5.549818990107221956e-46
3.362000000000000000e+03 9.190501858841014776e-46
3.363000000000000000e+03 3.036286270508351819e-46
3.364000000000000000e+03 2.510895392049770828e-46
3.365000000000000000e+03 3.951180399500499628e-46
3.366000000000000000e+03 4.043138600026843300e-46
3.367000000000000000e+03 2.723747193138061388e-46
3.368000000000000000e+03 1.957929465158874730e-45
3.369000000000000000e+03 4.569266342635686862e-45
3.370000000000000000e+03 8.741319525845456769e-46
3.371000000000000000e+03 1.727827776281384846e-46
3.372000000000000000e+03 2.190721572628792832e-46
3.373000000000000000e+03 1.013315859849176174e-45
3.374000000000000000e+03 9.934010178035076732e-46
3.375000000000000000e+03 2.339111455529526162e-46
3.376000000000000000e+03 2.396266422518927820e-46
3.377000000000000000e+03 1.017569769423848630e-45
3.378000000000000000e+03 2.387800669071473453e-45
3.379000000000000000e+03 6.630040233697750019e-46
3.380000000000000000e+03 2.380110246375264245e-46
3.381000000000000000e+03 1.871258712319292638e-46
3.382000000000000000e+03 1.943484805057939720e-46
3.383000000000000000e+03 2.630349609530709001e-46
3.384000000000000000e+03 7.385270583575723556e-46
3.385000000000000000e+03 5.097962228035868107e-46
3.386000000000000000e+03 2.705848646459406691e-46
3.387000000000000000e+03 4.066707161432409675e-46
3.388000000000000000e+03 2.718362281670358913e-45
3.389000000000000000e+03 2.356092645823177061e-45
3.390000000000000000e+03 3.608944156095722853e-45
3.391000000000000000e+03 2.347937902726799413e-44
3.392000000000000000e+03 1.113234178432710237e-44
3.393000000000000000e+03 5.328213036814798404e-46
3.394000000000000000e+03 2.506587160718739291e-46
3.395000000000000000e+03 2.208539455057577664e-46
3.396000000000000000e+03 2.439439495659148305e-46
3.397000000000000000e+03 2.544059820531246705e-46
3.398000000000000000e+03 2.550704318642585613e-46
3.399000000000000000e+03 3.100859977848512758e-46
3.400000000000000000e+03 3.260339456206703113e-46
3.401000000000000000e+03 2.316289105744554935e-46
3.402000000000000000e+03 1.741298006992559765e-46
3.403000000000000000e+03 2.191993475847534764e-46
3.404000000000000000e+03 2.707419460051112937e-46
3.405000000000000000e+03 2.660686891104625543e-46
3.406000000000000000e+03 2.331213009302893432e-46
3.407000000000000000e+03 2.268190705855504915e-46
3.408000000000000000e+03 2.026845028293527023e-46
3.409000000000000000e+03 2.072294322062926589e-46
3.410000000000000000e+03 1.989793719480961458e-46
3.411000000000000000e+03 2.121105346921459292e-46
3.412000000000000000e+03 2.267298064782705213e-46
3.413000000000000000e+03 2.192735267047489473e-46
3.414000000000000000e+03 2.431728479998359287e-46
3.415000000000000000e+03 2.046029646241268352e-46
3.416000000000000000e+03 2.138703583011059803e-46
3.417000000000000000e+03 2.096552469414338960e-46
3.418000000000000000e+03 2.035736458802571951e-46
3.419000000000000000e+03 1.857229866483260882e-46
3.420000000000000000e+03 2.606721054243094683e-46
3.421000000000000000e+03 2.566331643538920524e-46
3.422000000000000000e+03 2.556484360785634954e-46
3.423000000000000000e+03 2.471413955225546996e-46
3.424000000000000000e+03 2.962124899956775546e-46
3.425000000000000000e+03 2.452741893443158519e-46
3.426000000000000000e+03 1.664022158812488848e-46
3.427000000000000000e+03 2.014340909214629181e-46
3.428000000000000000e+03 2.488646287135194422e-46
3.429000000000000000e+03 2.538219383737747180e-46
3.430000000000000000e+03 2.125199935340219553e-46
3.431000000000000000e+03 2.259097010206795016e-46
3.432000000000000000e+03 2.813888085759225123e-46
3.433000000000000000e+03 2.939496070213209930e-46
3.434000000000000000e+03 2.015733108202222467e-46
3.435000000000000000e+03 2.164155136739419224e-46
3.436000000000000000e+03 2.254179740769378329e-46
3.437000000000000000e+03 1.968239032638237082e-46
3.438000000000000000e+03 2.458205553134039290e-46
3.439000000000000000e+03 2.657213976447098041e-46
3.440000000000000000e+03 2.594027309964256875e-46
3.441000000000000000e+03 2.394502277536844986e-46
3.442000000000000000e+03 2.370281175447529949e-46
3.443000000000000000e+03 2.091247323711818711e-46
3.444000000000000000e+03 2.379517783190055371e-46
3.445000000000000000e+03 2.475451463736693008e-46
3.446000000000000000e+03 2.280631084519364473e-46
3.447000000000000000e+03 2.417366026679660266e-46
3.448000000000000000e+03 2.350092165176712225e-46
3.449000000000000000e+03 2.209309226052360964e-46
3.450000000000000000e+03 2.539611833653117093e-46
3.451000000000000000e+03 2.830034744123568259e-46
3.452000000000000000e+03 2.752598251465083831e-46
3.453000000000000000e+03 2.198457617122690454e-46
3.454000000000000000e+03 2.235911688785557958e-46
3.455000000000000000e+03 2.330850048187047203e-46
3.456000000000000000e+03 2.517320164475626203e-46
3.457000000000000000e+03 2.328537263869443396e-46
3.458000000000000000e+03 2.402969856639001385e-46
3.459000000000000000e+03 2.429607733417760955e-46
3.460000000000000000e+03 2.143364875878366450e-46
3.461000000000000000e+03 2.072879864171158283e-46
3.462000000000000000e+03 2.131509786178459266e-46
3.463000000000000000e+03 2.708200190636641145e-46
3.464000000000000000e+03 2.722431360933672843e-46
3.465000000000000000e+03 2.404612945471033049e-46
3.466000000000000000e+03 2.425428075496491942e-46
3.467000000000000000e+03 2.819006902878256441e-46
3.468000000000000000e+03 2.680388658695792896e-46
3.469000000000000000e+03 2.232460842752640282e-46
3.470000000000000000e+03 2.269530792906422778e-46
3.471000000000000000e+03 2.286601241968040922e-46
3.472000000000000000e+03 2.465288514512731036e-46
3.473000000000000000e+03 2.900561927783801223e-46
3.474000000000000000e+03 3.033713982054191649e-46
3.475000000000000000e+03 2.939668896317919798e-46
3.476000000000000000e+03 2.825123226034554452e-46
3.477000000000000000e+03 2.286185884086498243e-46
3.478000000000000000e+03 2.440285367218745706e-46
3.479000000000000000e+03 2.717119174104257302e-46
3.480000000000000000e+03 2.576723515520381921e-46
3.481000000000000000e+03 2.469161776328777823e-46
3.482000000000000000e+03 2.737865550416364604e-46
3.483000000000000000e+03 2.524193450118339048e-46
3.484000000000000000e+03 2.127102868960058545e-46
3.485000000000000000e+03 2.589626041765448060e-46
3.486000000000000000e+03 2.377424934733995140e-46
3.487000000000000000e+03 2.508349067145051585e-46
3.488000000000000000e+03 2.329508001625871228e-46
3.489000000000000000e+03 1.959580399636933036e-46
3.490000000000000000e+03 2.037264345849375647e-46
3.491000000000000000e+03 2.108623476218717490e-46
3.492000000000000000e+03 2.184631427141738378e-46
3.493000000000000000e+03 2.647599278887947847e-46
3.494000000000000000e+03 2.310053138534580196e-46
3.495000000000000000e+03 1.739001771352221204e-46
3.496000000000000000e+03 1.581641879129920120e-46
3.497000000000000000e+03 1.644166199535001958e-46
3.498000000000000000e+03 1.576110411327388608e-46
3.499000000000000000e+03 1.887262175748209384e-46
3.500000000000000000e+03 2.243076755279951421e-46
3.501000000000000000e+03 2.698844814708875570e-46
3.502000000000000000e+03 2.433445271300928008e-46
3.503000000000000000e+03 2.282165857344569540e-46
3.504000000000000000e+03 2.117139417120314537e-46
3.505000000000000000e+03 1.862430419614303053e-46
3.506000000000000000e+03 2.439384786138931214e-46
3.507000000000000000e+03 2.963377841908840470e-46
3.508000000000000000e+03 2.898547238007305107e-46
3.509000000000000000e+03 2.500730676175091429e-46
3.510000000000000000e+03 2.623893406346307228e-46
3.511000000000000000e+03 2.472913314685141417e-46
3.512000000000000000e+03 2.610439619355915659e-46
3.513000000000000000e+03 2.832473468787904723e-46
3.514000000000000000e+03 2.357130774839673782e-46
3.515000000000000000e+03 1.711475118042279412e-46
3.516000000000000000e+03 2.247787591238575466e-46
3.517000000000000000e+03 2.418116329851504303e-46
3.518000000000000000e+03 2.202573459560431577e-46
3.519000000000000000e+03 2.122627390722364883e-46
3.520000000000000000e+03 1.930937162756060138e-46
3.521000000000000000e+03 1.907877266045862852e-46
3.522000000000000000e+03 2.138518904062258933e-46
3.523000000000000000e+03 2.612519475451077805e-46
3.524000000000000000e+03 2.701378859699063494e-46
3.525000000000000000e+03 2.381088699538673646e-46
3.526000000000000000e+03 2.318959285255043937e-46
3.527000000000000000e+03 2.141880996986008348e-46
3.528000000000000000e+03 2.273225586389908713e-46
3.529000000000000000e+03 2.787710784929368684e-46
3.530000000000000000e+03 2.634245874869966555e-46
3.531000000000000000e+03 2.624824867194926299e-46
3.532000000000000000e+03 2.545201931364135919e-46
3.533000000000000000e+03 2.637035262543704679e-46
3.534000000000000000e+03 2.193685052129337510e-46
3.535000000000000000e+03 1.909686280449949910e-46
3.536000000000000000e+03 2.172095259398318906e-46
3.537000000000000000e+03 2.220466469299635707e-46
3.538000000000000000e+03 2.617136347809109830e-46
3.539000000000000000e+03 2.667530689778169034e-46
3.540000000000000000e+03 2.647469554961767014e-46
3.541000000000000000e+03 2.878220576866538085e-46
3.542000000000000000e+03 2.284039162116918440e-46
3.543000000000000000e+03 2.127109521346373743e-46
3.544000000000000000e+03 2.209318710310258740e-46
3.545000000000000000e+03 2.508193824287016003e-46
3.546000000000000000e+03 2.262918951572288183e-46
3.547000000000000000e+03 2.155081902074581317e-46
3.548000000000000000e+03 1.833737649849462573e-46
3.549000000000000000e+03 2.461145665502592772e-46
3.550000000000000000e+03 2.916288194399482378e-46
3.551000000000000000e+03 2.897959142724417562e-46
3.552000000000000000e+03 2.813580469178369825e-46
3.553000000000000000e+03 2.700793249286287239e-46
3.554000000000000000e+03 2.352865369861852620e-46
3.555000000000000000e+03 2.497499666994942960e-46
3.556000000000000000e+03 2.711822333728592720e-46
3.557000000000000000e+03 2.443370141256594252e-46
3.558000000000000000e+03 2.885075683415698215e-46
3.559000000000000000e+03 3.423743864392476468e-46
3.560000000000000000e+03 3.090202283966834542e-46
3.561000000000000000e+03 2.729576615550549471e-46
3.562000000000000000e+03 3.045868162087799519e-46
3.563000000000000000e+03 2.664558873922676830e-46
3.564000000000000000e+03 2.376129755312228531e-46
3.565000000000000000e+03 1.918772673915503902e-46
3.566000000000000000e+03 1.877233381049396690e-46
3.567000000000000000e+03 2.701461440571785437e-46
3.568000000000000000e+03 2.624019995897495046e-46
3.569000000000000000e+03 2.889348205919209921e-46
3.570000000000000000e+03 2.312424535351109518e-46
3.571000000000000000e+03 2.451694809064868347e-46
3.572000000000000000e+03 2.281367236695184199e-46
3.573000000000000000e+03 2.507612164551441216e-46
3.574000000000000000e+03 2.125747060507203542e-46
3.575000000000000000e+03 2.298551849457426436e-46
3.576000000000000000e+03 2.466269588686255790e-46
3.577000000000000000e+03 2.292633637622020188e-46
3.578000000000000000e+03 2.663836913088736447e-46
3.579000000000000000e+03 2.477576948505247047e-46
3.580000000000000000e+03 2.182287497576599558e-46
3.581000000000000000e+03 2.092783393503122173e-46
3.582000000000000000e+03 2.656502872620429860e-46
3.583000000000000000e+03 2.461900367161848320e-46
3.584000000000000000e+03 2.477344267033144979e-46
3.585000000000000000e+03 2.488782654299032667e-46
3.586000000000000000e+03 2.228143103576961150e-46
3.587000000000000000e+03 2.650391229041218683e-46
3.588000000000000000e+03 2.491395376630943060e-46
3.589000000000000000e+03 2.137547378705984286e-46
3.590000000000000000e+03 2.312362005812937382e-46
3.591000000000000000e+03 2.190706040585679583e-46
3.592000000000000000e+03 1.771609427305064016e-46
3.593000000000000000e+03 2.003032269645469291e-46
3.594000000000000000e+03 2.457146491864236399e-46
3.595000000000000000e+03 2.467586616134151848e-46
3.596000000000000000e+03 1.973907905890491225e-46
3.597000000000000000e+03 2.306607850211867983e-46
3.598000000000000000e+03 2.474036204160982377e-46
3.599000000000000000e+03 2.082718480868164645e-46
3.600000000000000000e+03 2.307453323705105710e-46
3.601000000000000000e+03 2.740425515413670292e-46
3.602000000000000000e+03 2.563934883061654179e-46
3.603000000000000000e+03 2.311766707781105905e-46
3.604000000000000000e+03 2.440867543388319281e-46
3.605000000000000000e+03 2.789445793494264481e-46
3.606000000000000000e+03 3.508251436989750081e-46
3.607000000000000000e+03 2.754041222737587763e-45
3.608000000000000000e+03 5.909822529197643064e-45
3.609000000000000000e+03 7.830245377189286703e-45
3.610000000000000000e+03 2.571182158450354869e-45
3.611000000000000000e+03 2.068741876182496023e-46
3.612000000000000000e+03 2.225260816419493963e-46
3.613000000000000000e+03 3.057564179095526620e-46
3.614000000000000000e+03 2.706253059270362121e-46
3.615000000000000000e+03 2.471103643768256607e-46
3.616000000000000000e+03 3.458881497492249585e-46
3.617000000000000000e+03 1.108375720580003094e-45
3.618000000000000000e+03 6.309048773122259417e-44
3.619000000000000000e+03 8.507329960205522964e-43
3.620000000000000000e+03 5.783138065963134618e-43
3.621000000000000000e+03 1.027447136227200669e-44
3.622000000000000000e+03 7.526416574971697414e-46
3.623000000000000000e+03 3.211519286458658723e-46
3.624000000000000000e+03 3.272782549306415899e-46
3.625000000000000000e+03 3.113547674206101925e-46
3.626000000000000000e+03 2.739250148165803506e-46
3.627000000000000000e+03 2.844121142102739047e-46
3.628000000000000000e+03 2.529151286611275793e-46
3.629000000000000000e+03 1.816721254403890998e-46
3.630000000000000000e+03 2.204514329567167791e-46
3.631000000000000000e+03 2.145840626085852393e-46
3.632000000000000000e+03 1.697007846235641744e-46
3.633000000000000000e+03 2.212524554592662258e-46
3.634000000000000000e+03 2.944685144516478747e-46
3.635000000000000000e+03 2.758902903429304740e-46
3.636000000000000000e+03 2.823265217736539342e-46
3.637000000000000000e+03 5.350486999513845848e-46
3.638000000000000000e+03 1.639443986766989786e-45
3.639000000000000000e+03 7.001358867427009300e-46
3.640000000000000000e+03 2.754249691576183825e-46
3.641000000000000000e+03 2.575445421308929556e-46
3.642000000000000000e+03 2.834316272393456476e-46
3.643000000000000000e+03 2.448727541969945111e-46
3.644000000000000000e+03 2.859793571889754217e-46
3.645000000000000000e+03 2.737866201362467496e-46
3.646000000000000000e+03 2.489799267104830164e-46
3.647000000000000000e+03 3.247197564962717245e-46
3.648000000000000000e+03 2.979888133102038688e-46
3.649000000000000000e+03 2.756244410732339893e-46
3.650000000000000000e+03 2.720126804458732517e-46
3.651000000000000000e+03 3.051875265181569585e-46
3.652000000000000000e+03 3.581664622956231997e-46
3.653000000000000000e+03 2.850269028460361126e-46
3.654000000000000000e+03 2.513131208582774135e-46
3.655000000000000000e+03 2.964654264845006137e-46
3.656000000000000000e+03 2.970739310191503738e-46
3.657000000000000000e+03 2.670086929371294464e-46
3.658000000000000000e+03 2.216207598450354853e-46
3.659000000000000000e+03 1.938278388764953527e-46
3.660000000000000000e+03 2.507106589200754073e-46
3.661000000000000000e+03 3.036216880298927056e-46
3.662000000000000000e+03 2.823023169746522179e-46
3.663000000000000000e+03 2.495951722803308667e-46
3.664000000000000000e+03 2.435845872267469623e-46
3.665000000000000000e+03 2.372719275172185034e-46
3.666000000000000000e+03 2.222836356595487697e-46
3.667000000000000000e+03 2.702664729375887884e-46
3.668000000000000000e+03 3.664681750319147223e-46
3.669000000000000000e+03 3.548191633960190733e-46
3.670000000000000000e+03 2.947678172802674117e-46
3.671000000000000000e+03 2.623245801170770260e-46
3.672000000000000000e+03 2.185965706173045844e-46
3.673000000000000000e+03 2.036187841026817164e-46
3.674000000000000000e+03 2.351609273012578459e-46
3.675000000000000000e+03 2.682803303502653216e-46
3.676000000000000000e+03 2.867820523300812226e-46
3.677000000000000000e+03 2.633000988659892975e-46
3.678000000000000000e+03 3.003454507117662552e-46
3.679000000000000000e+03 2.595469533455855427e-46
3.680000000000000000e+03 2.672774461546610602e-46
3.681000000000000000e+03 2.797172100844742650e-46
3.682000000000000000e+03 2.741913123373102672e-46
3.683000000000000000e+03 3.079938846762474443e-46
3.684000000000000000e+03 2.678979639396269453e-46
3.685000000000000000e+03 2.818767749584829553e-46
3.686000000000000000e+03 2.452650343336541565e-46
3.687000000000000000e+03 2.863423816367358312e-46
3.688000000000000000e+03 2.741275994869293666e-46
3.689000000000000000e+03 2.690219383573248992e-46
3.690000000000000000e+03 2.563175113852381866e-46
3.691000000000000000e+03 1.771898923999520908e-46
3.692000000000000000e+03 1.959309422974666059e-46
3.693000000000000000e+03 2.509343709683458092e-46
3.694000000000000000e+03 2.510951749410419267e-46
3.695000000000000000e+03 2.569299435417516900e-46
3.696000000000000000e+03 2.434491026661044763e-46
3.697000000000000000e+03 2.808228383164081578e-46
3.698000000000000000e+03 2.791468728668599961e-46
3.699000000000000000e+03 2.128395318179169676e-46
3.700000000000000000e+03 2.095285267374094226e-46
3.701000000000000000e+03 2.390250465637980283e-46
3.702000000000000000e+03 2.515855047701121813e-46
3.703000000000000000e+03 2.426440438632041169e-46
3.704000000000000000e+03 2.803192651732322552e-46
3.705000000000000000e+03 2.953222900341626900e-46
3.706000000000000000e+03 2.372509537221593001e-46
3.707000000000000000e+03 2.287314101525388611e-46
3.708000000000000000e+03 2.469595261350326969e-46
3.709000000000000000e+03 2.882451426449017695e-46
3.710000000000000000e+03 2.496433316181823916e-46
3.711000000000000000e+03 2.257222847040955975e-46
3.712000000000000000e+03 2.685505897080534527e-46
3.713000000000000000e+03 2.915303050749827468e-46
3.714000000000000000e+03 2.892134781573902790e-46
3.715000000000000000e+03 2.736905514126426994e-46
3.716000000000000000e+03 2.922768638895781905e-46
3.717000000000000000e+03 2.700506197489085199e-46
3.718000000000000000e+03 2.968649557354597679e-46
3.719000000000000000e+03 2.928515425670570289e-46
3.720000000000000000e+03 2.678235915069840625e-46
3.721000000000000000e+03 2.471551583764595298e-46
3.722000000000000000e+03 2.696518387202911794e-46
3.723000000000000000e+03 2.578159460782182400e-46
3.724000000000000000e+03 3.084302025912995556e-46
3.725000000000000000e+03 3.298810971523401830e-46
3.726000000000000000e+03 3.346321994738840189e-46
3.727000000000000000e+03 2.774155667568177046e-46
3.728000000000000000e+03 3.246298492891908211e-46
3.729000000000000000e+03 2.690575215821955444e-46
3.730000000000000000e+03 2.528377848569214019e-46
3.731000000000000000e+03 2.205266702660805023e-46
3.732000000000000000e+03 2.241842357020560016e-46
3.733000000000000000e+03 2.450070467588898499e-46
3.734000000000000000e+03 2.544908122074907322e-46
3.735000000000000000e+03 2.150410543147321992e-46
3.736000000000000000e+03 2.447858425025763453e-46
3.737000000000000000e+03 2.726566426898072546e-46
3.738000000000000000e+03 2.847976637000985939e-46
3.739000000000000000e+03 2.394562649416379932e-46
3.740000000000000000e+03 2.451994467003118729e-46
3.741000000000000000e+03 3.576836227609308159e-46
3.742000000000000000e+03 4.561985304785229274e-46
3.743000000000000000e+03 2.079418162205112319e-45
3.744000000000000000e+03 3.475184304637077881e-45
3.745000000000000000e+03 7.567401980786839207e-46
3.746000000000000000e+03 3.406803821944201658e-46
3.747000000000000000e+03 3.427301016791364696e-46
3.748000000000000000e+03 3.588222002334413986e-46
3.749000000000000000e+03 3.708147758436579799e-46
3.750000000000000000e+03 3.265992204028991972e-46
3.751000000000000000e+03 3.756429540119458724e-46
3.752000000000000000e+03 3.313205863532023034e-46
3.753000000000000000e+03 3.248591633222686249e-46
3.754000000000000000e+03 3.456378204765459617e-46
3.755000000000000000e+03 3.075406898132362451e-46
3.756000000000000000e+03 2.559127217123006773e-46
3.757000000000000000e+03 2.394641766184862675e-46
3.758000000000000000e+03 2.534996933912476152e-46
3.759000000000000000e+03 3.036571334803472939e-46
3.760000000000000000e+03 3.345823203719644668e-46
3.761000000000000000e+03 3.737443976666607319e-46
3.762000000000000000e+03 2.906062855576916213e-46
3.763000000000000000e+03 2.768425962588049675e-46
3.764000000000000000e+03 4.346699997212661343e-46
3.765000000000000000e+03 6.243389964068432817e-46
3.766000000000000000e+03 3.415065626912404914e-46
3.767000000000000000e+03 7.820425670298042804e-46
3.768000000000000000e+03 8.859605005637120543e-46
3.769000000000000000e+03 3.023990895156487915e-46
3.770000000000000000e+03 2.292023620245908760e-46
3.771000000000000000e+03 2.717326748958606348e-46
3.772000000000000000e+03 2.697895790657127989e-46
3.773000000000000000e+03 2.185465710396960322e-46
3.774000000000000000e+03 2.691200851567530643e-46
3.775000000000000000e+03 5.011017061381815670e-46
3.776000000000000000e+03 3.694802176506732151e-46
3.777000000000000000e+03 2.558433937917212952e-46
3.778000000000000000e+03 2.260877219205396547e-46
3.779000000000000000e+03 2.101027076268514210e-46
3.780000000000000000e+03 1.987866008805436269e-46
3.781000000000000000e+03 2.179510567853646872e-46
3.782000000000000000e+03 2.339289697032359865e-46
3.783000000000000000e+03 2.133368258484751741e-46
3.784000000000000000e+03 2.445945844575455634e-46
3.785000000000000000e+03 2.559299659623440281e-46
3.786000000000000000e+03 2.392732709439407840e-46
3.787000000000000000e+03 2.615062217396517787e-46
3.788000000000000000e+03 2.983302112980964522e-46
3.789000000000000000e+03 3.409841868841840436e-46
3.790000000000000000e+03 3.226425384107053088e-46
3.791000000000000000e+03 1.011693636347813784e-45
3.792000000000000000e+03 8.949584653742049998e-46
3.793000000000000000e+03 2.800377625050377364e-46
3.794000000000000000e+03 3.523143690369211612e-46
3.795000000000000000e+03 3.185190474750848821e-46
3.796000000000000000e+03 2.556935681980761558e-46
3.797000000000000000e+03 3.085002461652299933e-46
3.798000000000000000e+03 2.466374935064209141e-46
3.799000000000000000e+03 2.688452208445477424e-46
3.800000000000000000e+03 3.099055103800840277e-46
3.801000000000000000e+03 8.037038730953150316e-46
3.802000000000000000e+03 3.290407983368351524e-45
3.803000000000000000e+03 1.845434732040396481e-45
3.804000000000000000e+03 3.674730786211748442e-46
3.805000000000000000e+03 1.025958101351803162e-45
3.806000000000000000e+03 2.671658501547864859e-45
3.807000000000000000e+03 8.463485160289992578e-46
3.808000000000000000e+03 2.851184702840344237e-46
3.809000000000000000e+03 2.864278246551872297e-46
3.810000000000000000e+03 2.843324206078839686e-46
3.811000000000000000e+03 2.951962778572831506e-46
3.812000000000000000e+03 2.927802369063009692e-46
3.813000000000000000e+03 3.361418555688614826e-46
3.814000000000000000e+03 3.568819102579428263e-46
3.815000000000000000e+03 6.778744916928415030e-46
3.816000000000000000e+03 1.168041657469659931e-45
3.817000000000000000e+03 4.989177786587737119e-46
3.818000000000000000e+03 2.988190551923715894e-46
3.819000000000000000e+03 3.288821872310461175e-46
3.820000000000000000e+03 4.202825635796258820e-46
3.821000000000000000e+03 3.487493307695970214e-46
3.822000000000000000e+03 5.434916612117369193e-46
3.823000000000000000e+03 1.690866756547937546e-45
3.824000000000000000e+03 7.891984080935703996e-46
3.825000000000000000e+03 2.968034462509727949e-46
3.826000000000000000e+03 3.124410919303531783e-46
3.827000000000000000e+03 2.724337948097155583e-46
3.828000000000000000e+03 2.870782472874204434e-46
3.829000000000000000e+03 2.734717981519835208e-46
3.830000000000000000e+03 2.424596281992045109e-46
3.831000000000000000e+03 2.495892558497639159e-46
3.832000000000000000e+03 2.331945794219818232e-46
3.833000000000000000e+03 2.624529172433403314e-46
3.834000000000000000e+03 2.847414124001641072e-46
3.835000000000000000e+03 2.985009080777179329e-46
3.836000000000000000e+03 2.799693044397828524e-46
3.837000000000000000e+03 2.341129824271681841e-46
3.838000000000000000e+03 2.880759137224388859e-46
3.839000000000000000e+03 3.034809242275012171e-46
3.840000000000000000e+03 2.906007743117291430e-46
3.841000000000000000e+03 2.235519738402164481e-46
3.842000000000000000e+03 2.971703106078632079e-46
3.843000000000000000e+03 4.681125060843221054e-46
3.844000000000000000e+03 1.044632120413687330e-45
3.845000000000000000e+03 7.218363372640169182e-46
3.846000000000000000e+03 2.633990541091966604e-46
3.847000000000000000e+03 2.063477885638912220e-46
3.848000000000000000e+03 2.399733844046387840e-46
3.849000000000000000e+03 2.648308119357362698e-46
3.850000000000000000e+03 2.971998848446741951e-46
3.851000000000000000e+03 3.137677250153969831e-46
3.852000000000000000e+03 2.937721768717372454e-46
3.853000000000000000e+03 3.097412162705912712e-46
3.854000000000000000e+03 3.101483209361265679e-46
3.855000000000000000e+03 2.019219787773750713e-46
3.856000000000000000e+03 2.422380631880760829e-46
3.857000000000000000e+03 2.717737830331455489e-46
3.858000000000000000e+03 2.888237659228005780e-46
3.859000000000000000e+03 3.142875800000447998e-46
3.860000000000000000e+03 2.872772052057166913e-46
3.861000000000000000e+03 2.847868710811031709e-46
3.862000000000000000e+03 2.640702945075485743e-46
3.863000000000000000e+03 2.587246588454212858e-46
3.864000000000000000e+03 3.170751643515849767e-46
3.865000000000000000e+03 3.002271404452464318e-46
3.866000000000000000e+03 2.676012519534062870e-46
3.867000000000000000e+03 2.641137000536584596e-46
3.868000000000000000e+03 2.849374143016876670e-46
3.869000000000000000e+03 2.911152065099815805e-46
3.870000000000000000e+03 2.930784697149087559e-46
3.871000000000000000e+03 2.827405859802230031e-46
3.872000000000000000e+03 2.112501243825839418e-46
3.873000000000000000e+03 2.649573393414777093e-46
3.874000000000000000e+03 2.282466349375422178e-46
3.875000000000000000e+03 2.587894587034779353e-46
3.876000000000000000e+03 3.171439741067283299e-46
3.877000000000000000e+03 3.259541771656630063e-46
3.878000000000000000e+03 2.673168056631702484e-46
3.879000000000000000e+03 2.711928442704275415e-46
3.880000000000000000e+03 3.009001219462070434e-46
3.881000000000000000e+03 2.799421515233198017e-46
3.882000000000000000e+03 2.434168028110347313e-46
3.883000000000000000e+03 2.682546816532318551e-46
3.884000000000000000e+03 2.801323323870849093e-46
3.885000000000000000e+03 2.908188216214562117e-46
3.886000000000000000e+03 3.171776231165813727e-46
3.887000000000000000e+03 3.344035049868489946e-46
3.888000000000000000e+03 2.605640313065810238e-46
3.889000000000000000e+03 2.171062405110514220e-46
3.890000000000000000e+03 2.621348164634771735e-46
3.891000000000000000e+03 2.687482834473077205e-46
3.892000000000000000e+03 3.125707304828355725e-46
3.893000000000000000e+03 3.385335637206900533e-46
3.894000000000000000e+03 2.674702526719715543e-46
3.895000000000000000e+03 2.229446982295304138e-46
3.896000000000000000e+03 2.443684396559978391e-46
3.897000000000000000e+03 3.012204588512616952e-46
3.898000000000000000e+03 3.432554279221069301e-46
3.899000000000000000e+03 3.389742157124719004e-46
3.900000000000000000e+03 3.934649804721486644e-46
3.901000000000000000e+03 3.745955441850503583e-46
3.902000000000000000e+03 3.002048105480309970e-46
3.903000000000000000e+03 2.347815863828401758e-46
3.904000000000000000e+03 2.657797283102037240e-46
3.905000000000000000e+03 3.007314139681921214e-46
3.906000000000000000e+03 2.794414933740330443e-46
3.907000000000000000e+03 2.761805067249641561e-46
3.908000000000000000e+03 2.536499806643161388e-46
3.909000000000000000e+03 2.505875161397549625e-46
3.910000000000000000e+03 2.239124855392530965e-46
3.911000000000000000e+03 3.056259949874655618e-46
3.912000000000000000e+03 3.390107431483624466e-46
3.913000000000000000e+03 3.356706644540673092e-46
3.914000000000000000e+03 3.244979213565029604e-46
3.915000000000000000e+03 3.052166520062472724e-46
3.916000000000000000e+03 2.939854298502415193e-46
3.917000000000000000e+03 2.607647590854616441e-46
3.918000000000000000e+03 3.088799669114335685e-46
3.919000000000000000e+03 3.444873118971831677e-46
3.920000000000000000e+03 2.869142441804736364e-46
3.921000000000000000e+03 3.221212636383188478e-46
3.922000000000000000e+03 3.098721028053581114e-46
3.923000000000000000e+03 2.874179853417972531e-46
3.924000000000000000e+03 3.439170798618968151e-46
3.925000000000000000e+03 3.325915028782500684e-46
3.926000000000000000e+03 3.442958236217488963e-46
3.927000000000000000e+03 3.184564430308323639e-46
3.928000000000000000e+03 2.688165103675869459e-46
3.929000000000000000e+03 2.855719584847269879e-46
3.930000000000000000e+03 2.679803795609592511e-46
3.931000000000000000e+03 2.843169250671709041e-46
3.932000000000000000e+03 2.614587372606118610e-46
3.933000000000000000e+03 3.108546742770274081e-46
3.934000000000000000e+03 3.130777575336866287e-46
3.935000000000000000e+03 2.795636012273426491e-46
3.936000000000000000e+03 2.762695090600385547e-46
3.937000000000000000e+03 3.427465437071203852e-46
3.938000000000000000e+03 3.473128847986364263e-46
3.939000000000000000e+03 2.898674656581966176e-46
3.940000000000000000e+03 3.070884940941728624e-46
3.941000000000000000e+03 2.853606121960688214e-46
3.942000000000000000e+03 2.458301291280923443e-46
3.943000000000000000e+03 2.559956312658571972e-46
3.944000000000000000e+03 3.317604741249785473e-46
3.945000000000000000e+03 3.957417832057004629e-46
3.946000000000000000e+03 2.753617788990316244e-46
3.947000000000000000e+03 2.532368926886036232e-46
3.948000000000000000e+03 2.556889249590596256e-46
3.949000000000000000e+03 2.811799254385872631e-46
3.950000000000000000e+03 2.792265664076919817e-46
3.951000000000000000e+03 3.202775619438270957e-46
3.952000000000000000e+03 3.393954936562089805e-46
3.953000000000000000e+03 2.805588815631666027e-46
3.954000000000000000e+03 2.962715964584330453e-46
3.955000000000000000e+03 3.079137836455238357e-46
3.956000000000000000e+03 2.831817813426180994e-46
3.957000000000000000e+03 2.921411284310456907e-46
3.958000000000000000e+03 3.288490593629738232e-46
3.959000000000000000e+03 4.491071018598278347e-46
3.960000000000000000e+03 4.188449223647466667e-46
3.961000000000000000e+03 3.222493748711523804e-46
3.962000000000000000e+03 2.888263317069729471e-46
3.963000000000000000e+03 3.108593701056567904e-46
3.964000000000000000e+03 3.222069938078418283e-46
3.965000000000000000e+03 3.591765188242699445e-46
3.966000000000000000e+03 3.562684113421451057e-46
3.967000000000000000e+03 3.059233896511210201e-46
3.968000000000000000e+03 3.127306915341022348e-46
3.969000000000000000e+03 2.931739017658007077e-46
3.970000000000000000e+03 3.213561877506182092e-46
3.971000000000000000e+03 3.366467911344530762e-46
3.972000000000000000e+03 2.601861641432458215e-46
3.973000000000000000e+03 2.899824742756691941e-46
3.974000000000000000e+03 3.189019478676788031e-46
3.975000000000000000e+03 2.850026297028139906e-46
3.976000000000000000e+03 2.985827352055560800e-46
3.977000000000000000e+03 2.597373304663298797e-46
3.978000000000000000e+03 2.297740077421896416e-46
3.979000000000000000e+03 2.810241199447740956e-46
3.980000000000000000e+03 2.943172051842719214e-46
3.981000000000000000e+03 3.394615163677304200e-46
3.982000000000000000e+03 3.363486636759416528e-46
3.983000000000000000e+03 3.179157292120803400e-46
3.984000000000000000e+03 3.737082070153503743e-46
3.985000000000000000e+03 3.391726543215904118e-46
3.986000000000000000e+03 3.346255139993854414e-46
3.987000000000000000e+03 3.505518971203778517e-46
3.988000000000000000e+03 3.141338820949364597e-46
3.989000000000000000e+03 2.751435896260885484e-46
3.990000000000000000e+03 2.479575267797706623e-46
3.991000000000000000e+03 2.994365358960429834e-46
3.992000000000000000e+03 3.006698519223460302e-46
3.993000000000000000e+03 3.207814518754257108e-46
3.994000000000000000e+03 3.079109772351526181e-46
3.995000000000000000e+03 2.668273886597288679e-46
3.996000000000000000e+03 2.731758744915608924e-46
3.997000000000000000e+03 3.244736331407874798e-46
3.998000000000000000e+03 3.431605888624881356e-46
3.999000000000000000e+03 3.310699687589413280e-46
4.000000000000000000e+03 3.732902505732957214e-46
4.001000000000000000e+03 3.342586150912064701e-46
4.002000000000000000e+03 3.384474402338999911e-46
4.003000000000000000e+03 2.753250508085589666e-46
4.004000000000000000e+03 2.291849848653306684e-46
4.005000000000000000e+03 2.909016933351017796e-46
4.006000000000000000e+03 4.165939013860354722e-46
4.007000000000000000e+03 3.400099039914390152e-46
4.008000000000000000e+03 3.208534606724695845e-46
4.009000000000000000e+03 3.190323234253187195e-46
4.010000000000000000e+03 3.275990459114593719e-46
4.011000000000000000e+03 2.528578184904001168e-46
4.012000000000000000e+03 2.705807776987855496e-46
4.013000000000000000e+03 2.440189095179432602e-46
4.014000000000000000e+03 2.993596193908035136e-46
4.015000000000000000e+03 3.273327564001733219e-46
4.016000000000000000e+03 3.257416607069795592e-46
4.017000000000000000e+03 3.211053363203086662e-46
4.018000000000000000e+03 2.607576060122423990e-46
4.019000000000000000e+03 2.951603883623610116e-46
4.020000000000000000e+03 2.257946220022808257e-46
4.021000000000000000e+03 2.154817995755843586e-46
4.022000000000000000e+03 2.796825467620705544e-46
4.023000000000000000e+03 2.864686460423023745e-46
4.024000000000000000e+03 3.505553564687573584e-46
4.025000000000000000e+03 3.230015808068834492e-46
4.026000000000000000e+03 2.733594983941512873e-46
4.027000000000000000e+03 2.851517991453875987e-46
4.028000000000000000e+03 4.058016561369157194e-46
4.029000000000000000e+03 3.513513137866825726e-46
4.030000000000000000e+03 2.861612975991042279e-46
4.031000000000000000e+03 2.973129355793753713e-46
4.032000000000000000e+03 3.141032187881698417e-46
4.033000000000000000e+03 2.748870053100343356e-46
4.034000000000000000e+03 3.029523033019618005e-46
4.035000000000000000e+03 2.943709024305004094e-46
4.036000000000000000e+03 3.156844523426849814e-46
4.037000000000000000e+03 3.094247006576367959e-46
4.038000000000000000e+03 2.858659366410984214e-46
4.039000000000000000e+03 2.595590867286842069e-46
4.040000000000000000e+03 3.695921421021416052e-46
4.041000000000000000e+03 3.425999406198372291e-46
4.042000000000000000e+03 3.505637520575139220e-46
4.043000000000000000e+03 2.801559574339731164e-46
4.044000000000000000e+03 2.341361843769763239e-46
4.045000000000000000e+03 2.274212848447927849e-46
4.046000000000000000e+03 2.582663059250654522e-46
4.047000000000000000e+03 3.053339242871471638e-46
4.048000000000000000e+03 2.970182436424850822e-46
4.049000000000000000e+03 2.898630383797022913e-46
4.050000000000000000e+03 3.502694654875671203e-46
4.051000000000000000e+03 3.328437475264174411e-46
4.052000000000000000e+03 3.662029260186767526e-46
4.053000000000000000e+03 3.597674678646849712e-46
4.054000000000000000e+03 3.577072038578567393e-46
4.055000000000000000e+03 3.165749362533795874e-46
4.056000000000000000e+03 2.392228461409649930e-46
4.057000000000000000e+03 2.661958109117068882e-46
4.058000000000000000e+03 3.234972682889613576e-46
4.059000000000000000e+03 2.894810358574069669e-46
4.060000000000000000e+03 2.911321911436729720e-46
4.061000000000000000e+03 2.770613891331948464e-46
4.062000000000000000e+03 2.716213739929407667e-46
4.063000000000000000e+03 2.785107977722143743e-46
4.064000000000000000e+03 3.413745681989150675e-46
4.065000000000000000e+03 3.854413818977426334e-46
4.066000000000000000e+03 3.884609259421379551e-46
4.067000000000000000e+03 3.458716588942995467e-46
4.068000000000000000e+03 3.233431523648940571e-46
4.069000000000000000e+03 2.742319910896177843e-46
4.070000000000000000e+03 2.984930356129429944e-46
4.071000000000000000e+03 3.407912461371219604e-46
4.072000000000000000e+03 3.334703764474629165e-46
4.073000000000000000e+03 2.639255503495782483e-46
4.074000000000000000e+03 3.057423936936299009e-46
4.075000000000000000e+03 3.010816861378750805e-46
4.076000000000000000e+03 3.404921264256473181e-46
4.077000000000000000e+03 3.989598413458877297e-46
4.078000000000000000e+03 3.684575411071824309e-46
4.079000000000000000e+03 3.577674408492954859e-46
4.080000000000000000e+03 3.926589045074375077e-46
4.081000000000000000e+03 4.091045634077705434e-46
4.082000000000000000e+03 3.203741872099973451e-46
4.083000000000000000e+03 2.681346990761584056e-46
4.084000000000000000e+03 3.763591131450769546e-46
4.085000000000000000e+03 3.795641041617463648e-46
4.086000000000000000e+03 3.673454001318030053e-46
4.087000000000000000e+03 3.209556032501531729e-46
4.088000000000000000e+03 3.771218278963696399e-46
4.089000000000000000e+03 4.654605178218092223e-46
4.090000000000000000e+03 3.475706674344718947e-46
4.091000000000000000e+03 3.425568675224341225e-46
4.092000000000000000e+03 3.438415533113580989e-46
4.093000000000000000e+03 3.175149734700347816e-46
4.094000000000000000e+03 5.026086914184226082e-46
4.095000000000000000e+03 1.595314011338498552e-45
4.096000000000000000e+03 2.948185392719621649e-45
4.097000000000000000e+03 1.623309452469711482e-45
4.098000000000000000e+03 5.017652507344808245e-46
4.099000000000000000e+03 3.963489585431995031e-46
4.100000000000000000e+03 3.530579441093099951e-46
4.101000000000000000e+03 3.573836796360335298e-46
4.102000000000000000e+03 4.122966942743231957e-46
4.103000000000000000e+03 3.746122419917289432e-46
4.104000000000000000e+03 3.870779819950183884e-46
4.105000000000000000e+03 4.609602835899603259e-46
4.106000000000000000e+03 4.625623349587863628e-46
4.107000000000000000e+03 4.579961359910108361e-46
4.108000000000000000e+03 4.521639798076872379e-46
4.109000000000000000e+03 3.885917129493743103e-46
4.110000000000000000e+03 3.423612275390304866e-46
4.111000000000000000e+03 3.425902821703274927e-46
4.112000000000000000e+03 3.212934227661438408e-46
4.113000000000000000e+03 3.489263688549980516e-46
4.114000000000000000e+03 4.298016933257969721e-46
4.115000000000000000e+03 3.851110234028783844e-46
4.116000000000000000e+03 3.885434195473753951e-46
4.117000000000000000e+03 3.522253175339950710e-46
4.118000000000000000e+03 3.133777268418048317e-46
4.119000000000000000e+03 3.711642780335416350e-46
4.120000000000000000e+03 4.484039796588301010e-46
4.121000000000000000e+03 4.162470095679642129e-46
4.122000000000000000e+03 3.215224007427498010e-46
4.123000000000000000e+03 3.318946995080701835e-46
4.124000000000000000e+03 4.488396874944296301e-46
4.125000000000000000e+03 3.447112574990009300e-46
4.126000000000000000e+03 3.104074379795148263e-46
4.127000000000000000e+03 3.546080354913903216e-46
4.128000000000000000e+03 3.275395643908914686e-46
4.129000000000000000e+03 2.873603988333989254e-46
4.130000000000000000e+03 3.481228403680873770e-46
4.131000000000000000e+03 3.894445476552494884e-46
4.132000000000000000e+03 3.538214333310691657e-46
4.133000000000000000e+03 3.288430858140111039e-46
4.134000000000000000e+03 3.593853334558670878e-46
4.135000000000000000e+03 3.224692530209051882e-46
4.136000000000000000e+03 3.226466167201064793e-46
4.137000000000000000e+03 3.121369755074000670e-46
4.138000000000000000e+03 2.934067262271953287e-46
4.139000000000000000e+03 2.461897598771165248e-46
4.140000000000000000e+03 2.252138768887404728e-46
4.141000000000000000e+03 2.877653675237418289e-46
4.142000000000000000e+03 3.279730868473880300e-46
4.143000000000000000e+03 3.474517133574200964e-46
4.144000000000000000e+03 3.381442349897490394e-46
4.145000000000000000e+03 4.031232389039065225e-46
4.146000000000000000e+03 4.566324701606720008e-46
4.147000000000000000e+03 4.695171329908514839e-46
4.148000000000000000e+03 4.636392556245077246e-46
4.149000000000000000e+03 4.115091384331568292e-46
4.150000000000000000e+03 4.090962694175229163e-46
4.151000000000000000e+03 3.908039833373125950e-46
4.152000000000000000e+03 3.790781265034333997e-46
4.153000000000000000e+03 3.347184809035514725e-46
4.154000000000000000e+03 2.650293806944376694e-46
4.155000000000000000e+03 3.324195330312594482e-46
4.156000000000000000e+03 4.100851857032781469e-46
4.157000000000000000e+03 4.324759403338103663e-46
4.158000000000000000e+03 3.490302931572161772e-46
4.159000000000000000e+03 3.529466485710490001e-46
4.160000000000000000e+03 4.002448179570901268e-46
4.161000000000000000e+03 4.280569631283715716e-46
4.162000000000000000e+03 5.460935453339241075e-46
4.163000000000000000e+03 5.459367613214807850e-46
4.164000000000000000e+03 4.021550721833612722e-46
4.165000000000000000e+03 4.318657771091347461e-46
4.166000000000000000e+03 4.391738107623005400e-46
4.167000000000000000e+03 5.111574267897550611e-46
4.168000000000000000e+03 7.071230227025098446e-46
4.169000000000000000e+03 5.033241040004862512e-46
4.170000000000000000e+03 3.752735010811845354e-46
4.171000000000000000e+03 4.600403430781296816e-46
4.172000000000000000e+03 5.813817456052434661e-46
4.173000000000000000e+03 5.502657687908794957e-46
4.174000000000000000e+03 6.192397677607727494e-46
4.175000000000000000e+03 6.180536984496137969e-46
4.176000000000000000e+03 5.704450606171589908e-46
4.177000000000000000e+03 5.350417713563308413e-46
4.178000000000000000e+03 5.053409825271046509e-46
4.179000000000000000e+03 4.533940145376622151e-46
4.180000000000000000e+03 4.592837324059031081e-46
4.181000000000000000e+03 4.218232698421336119e-46
4.182000000000000000e+03 4.198063396494087176e-46
4.183000000000000000e+03 4.555478638177382390e-46
4.184000000000000000e+03 3.437386715360940600e-46
4.185000000000000000e+03 3.228730346828828712e-46
4.186000000000000000e+03 3.705820406121180893e-46
4.187000000000000000e+03 5.447218683998113951e-46
4.188000000000000000e+03 9.841459507862988083e-46
4.189000000000000000e+03 2.428327616100147705e-45
4.190000000000000000e+03 3.944788973130662912e-45
4.191000000000000000e+03 2.622326382544943635e-45
4.192000000000000000e+03 1.138301898895528531e-45
4.193000000000000000e+03 6.905953638078579472e-46
4.194000000000000000e+03 5.003856854961706280e-46
4.195000000000000000e+03 4.295825941543099471e-46
4.196000000000000000e+03 4.143995145182924243e-46
4.197000000000000000e+03 4.656869528018325439e-46
4.198000000000000000e+03 5.162630255358898559e-46
4.199000000000000000e+03 5.314118485350434574e-46
4.200000000000000000e+03 5.604298788873942649e-46
4.201000000000000000e+03 6.751342023420426948e-46
4.202000000000000000e+03 7.419752909028310770e-46
4.203000000000000000e+03 5.495386343014500581e-46
4.204000000000000000e+03 5.530730499361749714e-46
4.205000000000000000e+03 6.604185811864877876e-46
4.206000000000000000e+03 6.800072602552156064e-46
4.207000000000000000e+03 7.060250470505670152e-46
4.208000000000000000e+03 5.669254676108575701e-46
4.209000000000000000e+03 5.500651785375135738e-46
4.210000000000000000e+03 5.133427086567546785e-46
4.211000000000000000e+03 5.517577184657172548e-46
4.212000000000000000e+03 6.614548734264721566e-46
4.213000000000000000e+03 5.798039445212704894e-46
4.214000000000000000e+03 5.292800639642650625e-46
4.215000000000000000e+03 5.290635194446346640e-46
4.216000000000000000e+03 4.933218221591736242e-46
4.217000000000000000e+03 8.378679187155034503e-46
4.218000000000000000e+03 7.068771443844856433e-46
4.219000000000000000e+03 6.839703892980442875e-46
4.220000000000000000e+03 1.200274331548918989e-45
4.221000000000000000e+03 8.038780010241629546e-46
4.222000000000000000e+03 6.501356590414699034e-46
4.223000000000000000e+03 1.089801489517880885e-45
4.224000000000000000e+03 1.151575838373927723e-45
4.225000000000000000e+03 5.158411185086526843e-46
4.226000000000000000e+03 5.239378397145243762e-46
4.227000000000000000e+03 5.028852503315028152e-46
4.228000000000000000e+03 3.859645269655129845e-46
4.229000000000000000e+03 3.494154191352718959e-46
4.230000000000000000e+03 4.483575917664204101e-46
4.231000000000000000e+03 4.271183660990334651e-46
4.232000000000000000e+03 3.697568010208034406e-46
4.233000000000000000e+03 9.277841919364099432e-46
4.234000000000000000e+03 9.548546050997879622e-46
4.235000000000000000e+03 4.029819773211830261e-46
4.236000000000000000e+03 3.708415289427869972e-46
4.237000000000000000e+03 3.802340145442289608e-46
4.238000000000000000e+03 4.055520143042329372e-46
4.239000000000000000e+03 3.229747162174804197e-46
4.240000000000000000e+03 3.064945523985578618e-46
4.241000000000000000e+03 3.513562129646749981e-46
4.242000000000000000e+03 2.703822115799216908e-46
4.243000000000000000e+03 3.190820147121921638e-46
4.244000000000000000e+03 4.317744510204466638e-46
4.245000000000000000e+03 2.878321655275091027e-46
4.246000000000000000e+03 2.486126385036124761e-46
4.247000000000000000e+03 2.842782617292335196e-46
4.248000000000000000e+03 3.257743247012394962e-46
4.249000000000000000e+03 3.355851190685028240e-46
4.250000000000000000e+03 3.730308705479399815e-46
4.251000000000000000e+03 3.371845660684989133e-46
4.252000000000000000e+03 3.520536783198107517e-46
4.253000000000000000e+03 3.115262321249469235e-46
4.254000000000000000e+03 5.302230702383881895e-46
4.255000000000000000e+03 6.907490646968835996e-46
4.256000000000000000e+03 5.553313365853157679e-46
4.257000000000000000e+03 3.521218405015730292e-46
4.258000000000000000e+03 5.723961802688850775e-46
4.259000000000000000e+03 5.630054413892914782e-46
4.260000000000000000e+03 3.882582130540279239e-46
4.261000000000000000e+03 6.624885585006908833e-46
4.262000000000000000e+03 4.746428129309477765e-46
4.263000000000000000e+03 3.518158603025075548e-46
4.264000000000000000e+03 3.469317253656363163e-46
4.265000000000000000e+03 3.640181173163236918e-46
4.266000000000000000e+03 3.918853358315599185e-46
4.267000000000000000e+03 3.903723902279494772e-46
4.268000000000000000e+03 5.905947054119908804e-46
4.269000000000000000e+03 9.968620241038453998e-46
4.270000000000000000e+03 3.981248904917701201e-46
4.271000000000000000e+03 4.214788720396384777e-46
4.272000000000000000e+03 4.525957741631114004e-46
4.273000000000000000e+03 3.639196758178300793e-46
4.274000000000000000e+03 3.564657140551913347e-46
4.275000000000000000e+03 3.586655386429808823e-46
4.276000000000000000e+03 3.677221671442022376e-46
4.277000000000000000e+03 3.304721884453856109e-46
4.278000000000000000e+03 3.489812377243412507e-46
4.279000000000000000e+03 3.263944807450294680e-46
4.280000000000000000e+03 3.793930142353528247e-46
4.281000000000000000e+03 3.507762812466139667e-46
4.282000000000000000e+03 3.818355769537782651e-46
4.283000000000000000e+03 4.747990302106961122e-46
4.284000000000000000e+03 4.461777409784565900e-46
4.285000000000000000e+03 7.605000133957836597e-46
4.286000000000000000e+03 8.301953222369477269e-46
4.287000000000000000e+03 3.391091407295225613e-46
4.288000000000000000e+03 2.951582875402313885e-46
4.289000000000000000e+03 3.525032424364099118e-46
4.290000000000000000e+03 4.405791300542299655e-46
4.291000000000000000e+03 3.195103571879277286e-46
4.292000000000000000e+03 3.175487674283033962e-46
4.293000000000000000e+03 3.864725589381996363e-46
4.294000000000000000e+03 3.555879162436562567e-46
4.295000000000000000e+03 3.402701206681563248e-46
4.296000000000000000e+03 3.438006560698553981e-46
4.297000000000000000e+03 3.479055276455716229e-46
4.298000000000000000e+03 3.231294765066022408e-46
4.299000000000000000e+03 2.689313389855245943e-46
4.300000000000000000e+03 3.336454262822980788e-46
4.301000000000000000e+03 3.116419585786175078e-46
4.302000000000000000e+03 3.933990294722196377e-46
4.303000000000000000e+03 4.010666103239690447e-46
4.304000000000000000e+03 4.782107856512767532e-46
4.305000000000000000e+03 1.457936490149998357e-45
4.306000000000000000e+03 6.988594030003532984e-46
4.307000000000000000e+03 1.475466824169744680e-45
4.308000000000000000e+03 9.098790924328980621e-46
4.309000000000000000e+03 2.754872840049600396e-46
4.310000000000000000e+03 3.093739803621657380e-46
4.311000000000000000e+03 3.041817245414571916e-46
4.312000000000000000e+03 3.972376227185678875e-46
4.313000000000000000e+03 4.016965286763584647e-46
4.314000000000000000e+03 3.900712740372694221e-46
4.315000000000000000e+03 3.244104645514734182e-46
4.316000000000000000e+03 3.193229080630297838e-46
4.317000000000000000e+03 3.186908163048185884e-46
4.318000000000000000e+03 3.848994450166315259e-46
4.319000000000000000e+03 3.385331304468658150e-46
4.320000000000000000e+03 2.852264485799731452e-46
4.321000000000000000e+03 2.666152352044902076e-46
4.322000000000000000e+03 2.877588425874143848e-46
4.323000000000000000e+03 2.752108687720826568e-46
4.324000000000000000e+03 2.642529773113908156e-46
4.325000000000000000e+03 3.029515855330333821e-46
4.326000000000000000e+03 3.013562583016369763e-46
4.327000000000000000e+03 3.632800123498196359e-46
4.328000000000000000e+03 5.114827667469689717e-46
4.329000000000000000e+03 7.107494918556668967e-46
4.330000000000000000e+03 5.071241951564715335e-46
4.331000000000000000e+03 3.523814431211555055e-46
4.332000000000000000e+03 3.132797633887646092e-46
4.333000000000000000e+03 3.051499835399236597e-46
4.334000000000000000e+03 3.394546658723227384e-46
4.335000000000000000e+03 4.127499767633077114e-46
4.336000000000000000e+03 4.245140039609688282e-46
4.337000000000000000e+03 3.795171922902118980e-46
4.338000000000000000e+03 3.630737436806977520e-46
4.339000000000000000e+03 3.347296788519079991e-46
4.340000000000000000e+03 3.540788471944173454e-46
4.341000000000000000e+03 4.926583224478073968e-46
4.342000000000000000e+03 3.975158497603551731e-46
4.343000000000000000e+03 2.997543431979184569e-46
4.344000000000000000e+03 2.722280923697567249e-46
4.345000000000000000e+03 3.209122389854390138e-46
4.346000000000000000e+03 3.789796047862042482e-46
4.347000000000000000e+03 4.119304577693695248e-46
4.348000000000000000e+03 3.994767514176811543e-46
4.349000000000000000e+03 3.843202434287189882e-46
4.350000000000000000e+03 2.576781645883960640e-46
4.351000000000000000e+03 2.674425778003853368e-46
4.352000000000000000e+03 3.505614915589453228e-46
4.353000000000000000e+03 3.999306955373175476e-46
4.354000000000000000e+03 3.862296668656988042e-46
4.355000000000000000e+03 4.096531650645529268e-46
4.356000000000000000e+03 4.408524192280078257e-46
4.357000000000000000e+03 4.283243385711523341e-46
4.358000000000000000e+03 4.218338761194593095e-46
4.359000000000000000e+03 3.474645076407390081e-46
4.360000000000000000e+03 3.732847843393438234e-46
4.361000000000000000e+03 3.855715033554626610e-46
4.362000000000000000e+03 4.126819580359375921e-46
4.363000000000000000e+03 3.251236683070132691e-46
4.364000000000000000e+03 3.251706333148799003e-46
4.365000000000000000e+03 4.028101161483142078e-46
4.366000000000000000e+03 4.060745350390305834e-46
4.367000000000000000e+03 3.709231688605865325e-46
4.368000000000000000e+03 3.338330005975073232e-46
4.369000000000000000e+03 3.390712639206690628e-46
4.370000000000000000e+03 5.093198564289700674e-46
4.371000000000000000e+03 4.962129199381186934e-46
4.372000000000000000e+03 4.019870347915395530e-46
4.373000000000000000e+03 3.378736146940521572e-46
4.374000000000000000e+03 2.752896184460004551e-46
4.375000000000000000e+03 3.132327669354919973e-46
4.376000000000000000e+03 3.314705079649596850e-46
4.377000000000000000e+03 3.190785337147306114e-46
4.378000000000000000e+03 3.666793631419726570e-46
4.379000000000000000e+03 3.617151928237089255e-46
4.380000000000000000e+03 3.288704787607341905e-46
4.381000000000000000e+03 3.434920877569002527e-46
4.382000000000000000e+03 2.975947545008965993e-46
4.383000000000000000e+03 2.672801865836446451e-46
4.384000000000000000e+03 3.433987473497849982e-46
4.385000000000000000e+03 3.871226473764621064e-46
4.386000000000000000e+03 4.063535679832218239e-46
4.387000000000000000e+03 3.927678312940551373e-46
4.388000000000000000e+03 3.845528356104116421e-46
4.389000000000000000e+03 3.905172633539354747e-46
4.390000000000000000e+03 4.095187798118969473e-46
4.391000000000000000e+03 4.091643644369092014e-46
4.392000000000000000e+03 3.965494099682910264e-46
4.393000000000000000e+03 4.291791932827288657e-46
4.394000000000000000e+03 3.350763855191361299e-46
4.395000000000000000e+03 3.406241009370862731e-46
4.396000000000000000e+03 4.530827267766219833e-46
4.397000000000000000e+03 3.894223224942965072e-46
4.398000000000000000e+03 4.051936293568917865e-46
4.399000000000000000e+03 3.696947876678139497e-46
4.400000000000000000e+03 3.832455994491973964e-46
4.401000000000000000e+03 3.502651749185138704e-46
4.402000000000000000e+03 3.415308603426709125e-46
4.403000000000000000e+03 3.593892291990826496e-46
4.404000000000000000e+03 4.048154823355988245e-46
4.405000000000000000e+03 3.949623939686972964e-46
4.406000000000000000e+03 3.935032905875608228e-46
4.407000000000000000e+03 4.235633195796120682e-46
4.408000000000000000e+03 4.054423523940040736e-46
4.409000000000000000e+03 3.424898239499303332e-46
4.410000000000000000e+03 3.798095037388835894e-46
4.411000000000000000e+03 4.410502833115413755e-46
4.412000000000000000e+03 3.625343707592709302e-46
4.413000000000000000e+03 4.157460313453542181e-46
4.414000000000000000e+03 3.991552902298139482e-46
4.415000000000000000e+03 3.391729286977678725e-46
4.416000000000000000e+03 4.234362898021892365e-46
4.417000000000000000e+03 3.758605471823807591e-46
4.418000000000000000e+03 3.211114599855172245e-46
4.419000000000000000e+03 3.851135170556836783e-46
4.420000000000000000e+03 3.558560107295124526e-46
4.421000000000000000e+03 3.552746339622372987e-46
4.422000000000000000e+03 2.838417561182145258e-46
4.423000000000000000e+03 3.395358439492659779e-46
4.424000000000000000e+03 6.765443003055525582e-46
4.425000000000000000e+03 1.656383473521574543e-45
4.426000000000000000e+03 7.448345854358038868e-46
4.427000000000000000e+03 3.424370760967779818e-46
4.428000000000000000e+03 3.386061286363870420e-46
4.429000000000000000e+03 3.693541578699590735e-46
4.430000000000000000e+03 3.208795379405616229e-46
4.431000000000000000e+03 3.418140853991249387e-46
4.432000000000000000e+03 3.562155800060145342e-46
4.433000000000000000e+03 3.737041223032695630e-46
4.434000000000000000e+03 3.531646675606808027e-46
4.435000000000000000e+03 3.657181286999875840e-46
4.436000000000000000e+03 3.496787185729238590e-46
4.437000000000000000e+03 3.420715129177906514e-46
4.438000000000000000e+03 3.150868117265697954e-46
4.439000000000000000e+03 3.342620727208353629e-46
4.440000000000000000e+03 3.663029908821977660e-46
4.441000000000000000e+03 4.223547263870192235e-46
4.442000000000000000e+03 4.687377963108242548e-46
4.443000000000000000e+03 3.925249812965599294e-46
4.444000000000000000e+03 4.165135199014992632e-46
4.445000000000000000e+03 4.292918388093837819e-46
4.446000000000000000e+03 3.290938174795429226e-46
4.447000000000000000e+03 4.476205393488070335e-46
4.448000000000000000e+03 3.141640917032381743e-46
4.449000000000000000e+03 3.167859989921870748e-46
4.450000000000000000e+03 3.861324541087744011e-46
4.451000000000000000e+03 4.006096208032478936e-46
4.452000000000000000e+03 3.377160286159744564e-46
4.453000000000000000e+03 3.524708472478371594e-46
4.454000000000000000e+03 3.469156804262624934e-46
4.455000000000000000e+03 3.415960544627894697e-46
4.456000000000000000e+03 3.056789018842168796e-46
4.457000000000000000e+03 3.661695975107682870e-46
4.458000000000000000e+03 3.878419342000662009e-46
4.459000000000000000e+03 3.542175238030337409e-46
4.460000000000000000e+03 3.809898269708859819e-46
4.461000000000000000e+03 3.052556043961058149e-46
4.462000000000000000e+03 3.074921409484511141e-46
4.463000000000000000e+03 3.405480704544878280e-46
4.464000000000000000e+03 3.739469968594819790e-46
4.465000000000000000e+03 3.546659148969212543e-46
4.466000000000000000e+03 3.937995549039670193e-46
4.467000000000000000e+03 4.082715627413332063e-46
4.468000000000000000e+03 3.692549900615671611e-46
4.469000000000000000e+03 3.400750222118912018e-46
4.470000000000000000e+03 3.700067655867106634e-46
4.471000000000000000e+03 4.105596172376656835e-46
4.472000000000000000e+03 3.622968442661852808e-46
4.473000000000000000e+03 3.569605296791915047e-46
4.474000000000000000e+03 3.549352881977844081e-46
4.475000000000000000e+03 4.205017145521561534e-46
4.476000000000000000e+03 3.577566333754978521e-46
4.477000000000000000e+03 3.165014228694854223e-46
4.478000000000000000e+03 3.848474148614843933e-46
4.479000000000000000e+03 4.854256870600534911e-46
4.480000000000000000e+03 4.838291862027211864e-46
4.481000000000000000e+03 4.378034852065252708e-46
4.482000000000000000e+03 3.984584366914767715e-46
4.483000000000000000e+03 3.328396966063062045e-46
4.484000000000000000e+03 3.653958491091556846e-46
4.485000000000000000e+03 3.950435381631993649e-46
4.486000000000000000e+03 3.924046192048721852e-46
4.487000000000000000e+03 3.764430130596105579e-46
4.488000000000000000e+03 3.735405409154812333e-46
4.489000000000000000e+03 3.135146554661688721e-46
4.490000000000000000e+03 3.732486111040862969e-46
4.491000000000000000e+03 4.196206081760375685e-46
4.492000000000000000e+03 4.346025794101637955e-46
4.493000000000000000e+03 3.650353647153354503e-46
4.494000000000000000e+03 2.999582360378806062e-46
4.495000000000000000e+03 3.283558438588335936e-46
4.496000000000000000e+03 4.437114918497393161e-46
4.497000000000000000e+03 4.283364595989076274e-46
4.498000000000000000e+03 3.708956937235997738e-46
4.499000000000000000e+03 4.391441348250680843e-46
4.500000000000000000e+03 5.125812569667921273e-46
4.501000000000000000e+03 3.958089835269783570e-46
4.502000000000000000e+03 3.587739672587083148e-46
4.503000000000000000e+03 3.699844003589732600e-46
4.504000000000000000e+03 3.867575046472870222e-46
4.505000000000000000e+03 5.125101358106686493e-46
4.506000000000000000e+03 4.006065049525843362e-46
4.507000000000000000e+03 3.712957562591892060e-46
4.508000000000000000e+03 4.767000461747235531e-46
4.509000000000000000e+03 3.871481176146257524e-46
4.510000000000000000e+03 4.042591793985244983e-46
4.511000000000000000e+03 4.095243240709962353e-46
4.512000000000000000e+03 3.428544068342860487e-46
4.513000000000000000e+03 3.450480496566103363e-46
4.514000000000000000e+03 4.704513606989909858e-46
4.515000000000000000e+03 3.629797135474539235e-46
4.516000000000000000e+03 3.692876665767773904e-46
4.517000000000000000e+03 4.318660748861290643e-46
4.518000000000000000e+03 4.620847781057162282e-46
4.519000000000000000e+03 4.985986350628934404e-46
4.520000000000000000e+03 3.653042449861424949e-46
4.521000000000000000e+03 3.750324138990520575e-46
4.522000000000000000e+03 4.154800536268363166e-46
4.523000000000000000e+03 4.129893607663681784e-46
4.524000000000000000e+03 4.122190885994060544e-46
4.525000000000000000e+03 3.926981404452728237e-46
4.526000000000000000e+03 3.983257283673033507e-46
4.527000000000000000e+03 4.052037886821444462e-46
4.528000000000000000e+03 3.486726599102754809e-46
4.529000000000000000e+03 3.481199628425607894e-46
4.530000000000000000e+03 3.618677708529107681e-46
4.531000000000000000e+03 3.209311399700370266e-46
4.532000000000000000e+03 4.026077752406282263e-46
4.533000000000000000e+03 3.931564620234114325e-46
4.534000000000000000e+03 3.516565363571429184e-46
4.535000000000000000e+03 3.428033080593158602e-46
4.536000000000000000e+03 3.705907164939752389e-46
4.537000000000000000e+03 3.576917362926681345e-46
4.538000000000000000e+03 3.154991137893888740e-46
4.539000000000000000e+03 3.198924977641914248e-46
4.540000000000000000e+03 3.336511795027105532e-46
4.541000000000000000e+03 3.927765433077362283e-46
4.542000000000000000e+03 3.824321288168509019e-46
4.543000000000000000e+03 4.376844162421307964e-46
4.544000000000000000e+03 4.988846540838960939e-46
4.545000000000000000e+03 4.356385829321982674e-46
4.546000000000000000e+03 5.224930143568825515e-46
4.547000000000000000e+03 4.514620419444732782e-46
4.548000000000000000e+03 4.018602504710692524e-46
4.549000000000000000e+03 3.445459528788849645e-46
4.550000000000000000e+03 3.858269423448983319e-46
4.551000000000000000e+03 3.385235480653242086e-46
4.552000000000000000e+03 3.549124259976359630e-46
4.553000000000000000e+03 3.535191018664340244e-46
4.554000000000000000e+03 3.779989352112966881e-46
4.555000000000000000e+03 4.347654192258228310e-46
4.556000000000000000e+03 4.643808208252951526e-46
4.557000000000000000e+03 3.745870944162262675e-46
4.558000000000000000e+03 3.158806979744791477e-46
4.559000000000000000e+03 3.322989709153729501e-46
4.560000000000000000e+03 4.274770918376723616e-46
4.561000000000000000e+03 4.211111610209931680e-46
4.562000000000000000e+03 3.973964782604887420e-46
4.563000000000000000e+03 3.829853082150949309e-46
4.564000000000000000e+03 3.576756960796741040e-46
4.565000000000000000e+03 4.470518398374941771e-46
4.566000000000000000e+03 4.351925728504118704e-46
4.567000000000000000e+03 3.442047224418921493e-46
4.568000000000000000e+03 3.650646156311139427e-46
4.569000000000000000e+03 4.108453435384195349e-46
4.570000000000000000e+03 4.000040752600045228e-46
4.571000000000000000e+03 4.328718449450259431e-46
4.572000000000000000e+03 3.444550859385443471e-46
4.573000000000000000e+03 3.244972858163797204e-46
4.574000000000000000e+03 4.263495001585427493e-46
4.575000000000000000e+03 3.894359145809103361e-46
4.576000000000000000e+03 4.369585035586051485e-46
4.577000000000000000e+03 4.496263779964982368e-46
4.578000000000000000e+03 3.133053282962018193e-46
4.579000000000000000e+03 3.386014052402360176e-46
4.580000000000000000e+03 3.701615905403838785e-46
4.581000000000000000e+03 4.519629134555776629e-46
4.582000000000000000e+03 4.793781680908657149e-46
4.583000000000000000e+03 4.905080412206229323e-46
4.584000000000000000e+03 3.342790958284415366e-46
4.585000000000000000e+03 4.346479230330613572e-46
4.586000000000000000e+03 5.657875208069615123e-46
4.587000000000000000e+03 5.032314269086379936e-46
4.588000000000000000e+03 4.657392280671125202e-46
4.589000000000000000e+03 4.550778214518736882e-46
4.590000000000000000e+03 4.053758779397524735e-46
4.591000000000000000e+03 4.520636573695523627e-46
4.592000000000000000e+03 3.670246716059616977e-46
4.593000000000000000e+03 4.078558479751319688e-46
4.594000000000000000e+03 4.462808282929429514e-46
4.595000000000000000e+03 4.476624122616267081e-46
4.596000000000000000e+03 4.682908610506757010e-46
4.597000000000000000e+03 4.690353998051105899e-46
4.598000000000000000e+03 3.834220122450026937e-46
4.599000000000000000e+03 4.094527804149313778e-46
4.600000000000000000e+03 3.460553080988619639e-46
4.601000000000000000e+03 3.305066654392196266e-46
4.602000000000000000e+03 4.243905237077058593e-46
4.603000000000000000e+03 4.284899418251736107e-46
4.604000000000000000e+03 4.135794640785239668e-46
4.605000000000000000e+03 4.483083459105227787e-46
4.606000000000000000e+03 3.579727250249671389e-46
4.607000000000000000e+03 3.834263915564122198e-46
4.608000000000000000e+03 4.106288953804564722e-46
4.609000000000000000e+03 3.566209123632810554e-46
4.610000000000000000e+03 4.078101803160337052e-46
4.611000000000000000e+03 3.984266935347217630e-46
4.612000000000000000e+03 3.711589382542346289e-46
4.613000000000000000e+03 4.612403739108653547e-46
4.614000000000000000e+03 4.912996255655856976e-46
4.615000000000000000e+03 4.580986437540535670e-46
4.616000000000000000e+03 3.743536152341332452e-46
4.617000000000000000e+03 4.136327214580439808e-46
4.618000000000000000e+03 3.824775809648118586e-46
4.619000000000000000e+03 3.358032287303626774e-46
4.620000000000000000e+03 3.760872595946306017e-46
4.621000000000000000e+03 4.162108164694722331e-46
4.622000000000000000e+03 3.654278393600784139e-46
4.623000000000000000e+03 3.651005114837565374e-46
4.624000000000000000e+03 3.314960717626563041e-46
4.625000000000000000e+03 3.059887838542293346e-46
4.626000000000000000e+03 3.606773923325045367e-46
4.627000000000000000e+03 4.560189451579076578e-46
4.628000000000000000e+03 4.731545926571054607e-46
4.629000000000000000e+03 4.146794268671411273e-46
4.630000000000000000e+03 3.800574433015482320e-46
4.631000000000000000e+03 4.356139162816901090e-46
4.632000000000000000e+03 4.418605930642936650e-46
4.633000000000000000e+03 4.853203246923565775e-46
4.634000000000000000e+03 4.276583802730944076e-46
4.635000000000000000e+03 3.896635751649884694e-46
4.636000000000000000e+03 3.011901939019752626e-46
4.637000000000000000e+03 3.931207040241782561e-46
4.638000000000000000e+03 4.119296816590839847e-46
4.639000000000000000e+03 3.231244641313518609e-46
4.640000000000000000e+03 3.626054906797237909e-46
4.641000000000000000e+03 4.186835342296194875e-46
4.642000000000000000e+03 4.146847442508968528e-46
4.643000000000000000e+03 4.247787863200477878e-46
4.644000000000000000e+03 4.084362005989347719e-46
4.645000000000000000e+03 3.586456173689775110e-46
4.646000000000000000e+03 3.596982160535411314e-46
4.647000000000000000e+03 3.957742007549612197e-46
4.648000000000000000e+03 4.485204234305297193e-46
4.649000000000000000e+03 4.251871263779970717e-46
4.650000000000000000e+03 4.125797955481343810e-46
4.651000000000000000e+03 4.280337643510228217e-46
4.652000000000000000e+03 4.560653743615152116e-46
4.653000000000000000e+03 4.148821344528964532e-46
4.654000000000000000e+03 3.573821671320066582e-46
4.655000000000000000e+03 3.805526977487241113e-46
4.656000000000000000e+03 4.914823466216590032e-46
4.657000000000000000e+03 5.109289398002080024e-46
4.658000000000000000e+03 3.264230885940910656e-46
4.659000000000000000e+03 3.503780399246534329e-46
4.660000000000000000e+03 4.311726532347543019e-46
4.661000000000000000e+03 4.709196016434067807e-46
4.662000000000000000e+03 5.554740972585699984e-46
4.663000000000000000e+03 3.812137373793046337e-46
4.664000000000000000e+03 3.823339078396302726e-46
4.665000000000000000e+03 4.758049313159478909e-46
4.666000000000000000e+03 4.848022073909413851e-46
4.667000000000000000e+03 4.976037006933277917e-46
4.668000000000000000e+03 4.373550558548782442e-46
4.669000000000000000e+03 1.055592744508272401e-45
4.670000000000000000e+03 1.693120730979352988e-45
4.671000000000000000e+03 5.139871157050554342e-46
4.672000000000000000e+03 4.050611885735838401e-46
4.673000000000000000e+03 4.799323480773264112e-46
4.674000000000000000e+03 4.911343499548445281e-46
4.675000000000000000e+03 4.539907956969909001e-46
4.676000000000000000e+03 3.701203064933147415e-46
4.677000000000000000e+03 4.220143776380299140e-46
4.678000000000000000e+03 3.812630849912069283e-46
4.679000000000000000e+03 3.564030850007229288e-46
4.680000000000000000e+03 4.476418004847782120e-46
4.681000000000000000e+03 4.191440995056141718e-46
4.682000000000000000e+03 3.903054223175957841e-46
4.683000000000000000e+03 4.197312546977179456e-46
4.684000000000000000e+03 4.495861290282452636e-46
4.685000000000000000e+03 4.058113655602202561e-46
4.686000000000000000e+03 4.494388223999563331e-46
4.687000000000000000e+03 3.810949045272558440e-46
4.688000000000000000e+03 4.817210396875544912e-46
4.689000000000000000e+03 5.315521840417659583e-46
4.690000000000000000e+03 3.754458806563758490e-46
4.691000000000000000e+03 4.217279482914563055e-46
4.692000000000000000e+03 4.744281228014643076e-46
4.693000000000000000e+03 4.133400470611671089e-46
4.694000000000000000e+03 4.160267443404806177e-46
4.695000000000000000e+03 5.444323037883639325e-46
4.696000000000000000e+03 5.926409803886592775e-46
4.697000000000000000e+03 7.295497778167720087e-46
4.698000000000000000e+03 7.743832341248011568e-46
4.699000000000000000e+03 5.863681380160652008e-46
4.700000000000000000e+03 9.218440240094980676e-46
4.701000000000000000e+03 7.936789069459104680e-46
4.702000000000000000e+03 4.390041565559888926e-46
4.703000000000000000e+03 4.304799939196327956e-46
4.704000000000000000e+03 3.738419563756262614e-46
4.705000000000000000e+03 4.218902790213766763e-46
4.706000000000000000e+03 4.729081194444641861e-46
4.707000000000000000e+03 4.827360177402805274e-46
4.708000000000000000e+03 4.310489279486051669e-46
4.709000000000000000e+03 4.736456951419521380e-46
4.710000000000000000e+03 4.481994716677084411e-46
4.711000000000000000e+03 4.071324356893668194e-46
4.712000000000000000e+03 4.093874886992810200e-46
4.713000000000000000e+03 4.707197904731584205e-46
4.714000000000000000e+03 5.955038970458700408e-46
4.715000000000000000e+03 4.572632065683044007e-46
4.716000000000000000e+03 4.254167079981142288e-46
4.717000000000000000e+03 4.273733704389542588e-46
4.718000000000000000e+03 1.402795004330230566e-45
4.719000000000000000e+03 1.948922228117620006e-45
4.720000000000000000e+03 5.371734148624088517e-46
4.721000000000000000e+03 4.640783223121317815e-46
4.722000000000000000e+03 6.085432166394398493e-46
4.723000000000000000e+03 9.871716322781285443e-46
4.724000000000000000e+03 1.106290578654811223e-45
4.725000000000000000e+03 6.195118784374528119e-46
4.726000000000000000e+03 6.025019465252359349e-46
4.727000000000000000e+03 5.864981730378353508e-46
4.728000000000000000e+03 4.496219614066559241e-46
4.729000000000000000e+03 4.389284352759320997e-46
4.730000000000000000e+03 5.097222262278702235e-46
4.731000000000000000e+03 4.210580862323451533e-46
4.732000000000000000e+03 3.391497874066802716e-46
4.733000000000000000e+03 3.375327102371338751e-46
4.734000000000000000e+03 4.354181563991444755e-46
4.735000000000000000e+03 4.271552964194693664e-46
4.736000000000000000e+03 3.942615608920832885e-46
4.737000000000000000e+03 3.456509197615313587e-46
4.738000000000000000e+03 3.447208457981862480e-46
4.739000000000000000e+03 3.694926091760092509e-46
4.740000000000000000e+03 3.743858185594613464e-46
4.741000000000000000e+03 4.158181757326653417e-46
4.742000000000000000e+03 4.226017078481007027e-46
4.743000000000000000e+03 4.851387621214541227e-46
4.744000000000000000e+03 4.102390680820128562e-46
4.745000000000000000e+03 4.353218968354035135e-46
4.746000000000000000e+03 4.829346481783951699e-46
4.747000000000000000e+03 4.289373248898968777e-46
4.748000000000000000e+03 5.143537442248509346e-46
4.749000000000000000e+03 5.154722150774502473e-46
4.750000000000000000e+03 4.785140653317091330e-46
4.751000000000000000e+03 5.857343155201542470e-46
4.752000000000000000e+03 5.672379455408861664e-46
4.753000000000000000e+03 5.072460904230069652e-46
4.754000000000000000e+03 4.795237891522913635e-46
4.755000000000000000e+03 4.640040700394925015e-46
4.756000000000000000e+03 4.146659381024923039e-46
4.757000000000000000e+03 4.194386591025252471e-46
4.758000000000000000e+03 4.826034456089685283e-46
4.759000000000000000e+03 4.721286741272184135e-46
4.760000000000000000e+03 4.087610928713852934e-46
4.761000000000000000e+03 4.187734373797228066e-46
4.762000000000000000e+03 5.679238354523586874e-46
4.763000000000000000e+03 5.775099861942049955e-46
4.764000000000000000e+03 5.783216889690431378e-46
4.765000000000000000e+03 1.006932990442813642e-45
4.766000000000000000e+03 5.470948728596014391e-46
4.767000000000000000e+03 3.747744117332067762e-46
4.768000000000000000e+03 3.409209418954310763e-46
4.769000000000000000e+03 4.131316262117252644e-46
4.770000000000000000e+03 4.974373793303633155e-46
4.771000000000000000e+03 5.818215657545777150e-46
4.772000000000000000e+03 5.805723426683090490e-46
4.773000000000000000e+03 7.656099325341136006e-46
4.774000000000000000e+03 8.032285784479028795e-46
4.775000000000000000e+03 8.920410082097054723e-46
4.776000000000000000e+03 6.376155709014984697e-46
4.777000000000000000e+03 7.267376733557326929e-46
4.778000000000000000e+03 4.793227097252556424e-46
4.779000000000000000e+03 4.210636738392210553e-46
4.780000000000000000e+03 4.286456927263392887e-46
4.781000000000000000e+03 5.179957595019501172e-46
4.782000000000000000e+03 3.985944354786458820e-46
4.783000000000000000e+03 4.937815762399517087e-46
4.784000000000000000e+03 5.049764809482877313e-46
4.785000000000000000e+03 4.609589340205386093e-46
4.786000000000000000e+03 5.315267475063836321e-46
4.787000000000000000e+03 4.883599477409081414e-46
4.788000000000000000e+03 5.041022101637346509e-46
4.789000000000000000e+03 4.685433875647115141e-46
4.790000000000000000e+03 4.564254639162079253e-46
4.791000000000000000e+03 4.919298283988369549e-46
4.792000000000000000e+03 4.253766126501829176e-46
4.793000000000000000e+03 4.351724633731040341e-46
4.794000000000000000e+03 4.808227981010949580e-46
4.795000000000000000e+03 7.283486729345510949e-46
4.796000000000000000e+03 4.632857206109499381e-46
4.797000000000000000e+03 4.649220447338999658e-46
4.798000000000000000e+03 5.799554092234162475e-46
4.799000000000000000e+03 5.605770024084665380e-46
4.800000000000000000e+03 4.590268548779638783e-46
4.801000000000000000e+03 4.134745539193847951e-46
4.802000000000000000e+03 4.734889936581315577e-46
4.803000000000000000e+03 4.548302390212631098e-46
4.804000000000000000e+03 4.237249010736401926e-46
4.805000000000000000e+03 4.652879704076783718e-46
4.806000000000000000e+03 4.735939759476491619e-46
4.807000000000000000e+03 4.455576729409126464e-46
4.808000000000000000e+03 4.242592197378181015e-46
4.809000000000000000e+03 5.221650017794486402e-46
4.810000000000000000e+03 5.484018795801431322e-46
4.811000000000000000e+03 4.511306297787223861e-46
4.812000000000000000e+03 4.505400214231251909e-46
4.813000000000000000e+03 4.718176723553623272e-46
4.814000000000000000e+03 5.606902645118120832e-46
4.815000000000000000e+03 5.363307249043852575e-46
4.816000000000000000e+03 4.157266964482285935e-46
4.817000000000000000e+03 5.192378508509972902e-46
4.818000000000000000e+03 4.766282348803669385e-46
4.819000000000000000e+03 4.602011664004610330e-46
4.820000000000000000e+03 4.940830797669607678e-46
4.821000000000000000e+03 4.009862536415058014e-46
4.822000000000000000e+03 3.969140817381653904e-46
4.823000000000000000e+03 3.949463508662475918e-46
4.824000000000000000e+03 3.987771378608509061e-46
4.825000000000000000e+03 3.941804449047401158e-46
4.826000000000000000e+03 4.041973832621904640e-46
4.827000000000000000e+03 3.585293963127861405e-46
4.828000000000000000e+03 4.289723072376745092e-46
4.829000000000000000e+03 4.883332251444148978e-46
4.830000000000000000e+03 4.543298664911220016e-46
4.831000000000000000e+03 5.173406044547790383e-46
4.832000000000000000e+03 5.076814076611474060e-46
4.833000000000000000e+03 4.789167437326597985e-46
4.834000000000000000e+03 4.499211762044648192e-46
4.835000000000000000e+03 3.467441182829710548e-46
4.836000000000000000e+03 4.025071168205015880e-46
4.837000000000000000e+03 3.731715428128636205e-46
4.838000000000000000e+03 3.473225916317919434e-46
4.839000000000000000e+03 4.491677670139569278e-46
4.840000000000000000e+03 4.933344004944988176e-46
4.841000000000000000e+03 4.568714688587968096e-46
4.842000000000000000e+03 4.106120673981824451e-46
4.843000000000000000e+03 5.261524912366714720e-46
4.844000000000000000e+03 5.063976311778167802e-46
4.845000000000000000e+03 4.760549126226330771e-46
4.846000000000000000e+03 5.626070072210916435e-46
4.847000000000000000e+03 5.629557683538652380e-46
4.848000000000000000e+03 5.591854785660705123e-46
4.849000000000000000e+03 4.627397187808455655e-46
4.850000000000000000e+03 5.075396213671688537e-46
4.851000000000000000e+03 5.168048678702186261e-46
4.852000000000000000e+03 4.395402934817480824e-46
4.853000000000000000e+03 4.830999843898824122e-46
4.854000000000000000e+03 4.169429999492583533e-46
4.855000000000000000e+03 4.211985836971908562e-46
4.856000000000000000e+03 4.772218725337135187e-46
4.857000000000000000e+03 6.090645824493282057e-46
4.858000000000000000e+03 5.353751339111607943e-46
4.859000000000000000e+03 4.226819966757253512e-46
4.860000000000000000e+03 3.565967635604886027e-46
4.861000000000000000e+03 4.545840486971690160e-46
4.862000000000000000e+03 4.761879000528557183e-46
4.863000000000000000e+03 6.124544465592765437e-46
4.864000000000000000e+03 5.698843731802633762e-46
4.865000000000000000e+03 4.734475721768786394e-46
4.866000000000000000e+03 4.361556390402750063e-46
4.867000000000000000e+03 4.038822947484488009e-46
4.868000000000000000e+03 4.451892926348989049e-46
4.869000000000000000e+03 5.032395813446102233e-46
4.870000000000000000e+03 5.305274313940063792e-46
4.871000000000000000e+03 5.642663766160157856e-46
4.872000000000000000e+03 4.581070121635493737e-46
4.873000000000000000e+03 4.586462005457587008e-46
4.874000000000000000e+03 5.206886765920017145e-46
4.875000000000000000e+03 4.325988317363064182e-46
4.876000000000000000e+03 4.241910927286921163e-46
4.877000000000000000e+03 3.902275144286677418e-46
4.878000000000000000e+03 4.808684695255994372e-46
4.879000000000000000e+03 5.296862801168843815e-46
4.880000000000000000e+03 4.816872337592061923e-46
4.881000000000000000e+03 4.841633268709803360e-46
4.882000000000000000e+03 5.321500252401364942e-46
4.883000000000000000e+03 4.391583331595124412e-46
4.884000000000000000e+03 3.774632027669074845e-46
4.885000000000000000e+03 3.747667083392788179e-46
4.886000000000000000e+03 4.538508087075283682e-46
4.887000000000000000e+03 3.967083227871106101e-46
4.888000000000000000e+03 4.481256226066132774e-46
4.889000000000000000e+03 3.986767710017486170e-46
4.890000000000000000e+03 4.395789930425582671e-46
4.891000000000000000e+03 5.661303786307876860e-46
4.892000000000000000e+03 5.659920418076412099e-46
4.893000000000000000e+03 4.816640788482119990e-46
4.894000000000000000e+03 4.927708902823801129e-46
4.895000000000000000e+03 5.025973086479308654e-46
4.896000000000000000e+03 5.311408239728336979e-46
4.897000000000000000e+03 5.103872621081496328e-46
4.898000000000000000e+03 4.764174343284587874e-46
4.899000000000000000e+03 4.640142349776373522e-46
4.900000000000000000e+03 3.795291825838955664e-46
4.901000000000000000e+03 4.053135287780016069e-46
4.902000000000000000e+03 4.570588932920885164e-46
4.903000000000000000e+03 4.307055229743520422e-46
4.904000000000000000e+03 5.083475741462218264e-46
4.905000000000000000e+03 4.227373619841358732e-46
4.906000000000000000e+03 4.601401050440749366e-46
4.907000000000000000e+03 5.296689260195596557e-46
4.908000000000000000e+03 5.214360044535586933e-46
4.909000000000000000e+03 4.979997659296427133e-46
4.910000000000000000e+03 5.103621443875667976e-46
4.911000000000000000e+03 5.939660733114604218e-46
4.912000000000000000e+03 6.664650980877560800e-46
4.913000000000000000e+03 5.236614077867576223e-46
4.914000000000000000e+03 3.981716871328860673e-46
4.915000000000000000e+03 3.299490518979417271e-46
4.916000000000000000e+03 3.759312913152287197e-46
4.917000000000000000e+03 4.082775849981805993e-46
4.918000000000000000e+03 4.573698752731345347e-46
4.919000000000000000e+03 3.929026343263656582e-46
4.920000000000000000e+03 3.650541320497675359e-46
4.921000000000000000e+03 4.892396385466546283e-46
4.922000000000000000e+03 5.840884963083950948e-46
4.923000000000000000e+03 5.324159339490182458e-46
4.924000000000000000e+03 5.402675307268984468e-46
4.925000000000000000e+03 5.512283833516689609e-46
4.926000000000000000e+03 4.427510699422000575e-46
4.927000000000000000e+03 4.758276289778865745e-46
4.928000000000000000e+03 5.182648737702569213e-46
4.929000000000000000e+03 5.423547208960139140e-46
4.930000000000000000e+03 5.365936007688642416e-46
4.931000000000000000e+03 4.339041890437931280e-46
4.932000000000000000e+03 4.825685269946755920e-46
4.933000000000000000e+03 5.141476111832135879e-46
4.934000000000000000e+03 5.604666353631825781e-46
4.935000000000000000e+03 4.520370571077371437e-46
4.936000000000000000e+03 4.093221733463592157e-46
4.937000000000000000e+03 4.647069876741494237e-46
4.938000000000000000e+03 4.797841061329690612e-46
4.939000000000000000e+03 4.387335415362556468e-46
4.940000000000000000e+03 4.202773464699165491e-46
4.941000000000000000e+03 4.058264996453552649e-46
4.942000000000000000e+03 3.991903500270885094e-46
4.943000000000000000e+03 4.465969193127569583e-46
4.944000000000000000e+03 4.137409622520229624e-46
4.945000000000000000e+03 3.713783297904943210e-46
4.946000000000000000e+03 4.661930175480034201e-46
4.947000000000000000e+03 5.189703612776520948e-46
4.948000000000000000e+03 5.076221379273122913e-46
4.949000000000000000e+03 5.185646825461337077e-46
4.950000000000000000e+03 4.743599149053028269e-46
4.951000000000000000e+03 5.479454103765091812e-46
4.952000000000000000e+03 5.883764641950418547e-46
4.953000000000000000e+03 5.816651476611688728e-46
4.954000000000000000e+03 4.053677448267249880e-46
4.955000000000000000e+03 5.121229274399853694e-46
4.956000000000000000e+03 5.340052424614587911e-46
4.957000000000000000e+03 4.564594257022509373e-46
4.958000000000000000e+03 4.765354375690444825e-46
4.959000000000000000e+03 5.036691580657285820e-46
4.960000000000000000e+03 4.591817887829379077e-46
4.961000000000000000e+03 5.268992375430722246e-46
4.962000000000000000e+03 4.289782352285040453e-46
4.963000000000000000e+03 4.103891621392430440e-46
4.964000000000000000e+03 4.539982249992567228e-46
4.965000000000000000e+03 5.243092514248432826e-46
4.966000000000000000e+03 5.748706402719434711e-46
4.967000000000000000e+03 5.197232537879849376e-46
4.968000000000000000e+03 5.604929592915849524e-46
4.969000000000000000e+03 5.170139646079958238e-46
4.970000000000000000e+03 5.592280017851809978e-46
4.971000000000000000e+03 5.176341764860258402e-46
4.972000000000000000e+03 4.710478434639037578e-46
4.973000000000000000e+03 4.967213918832002212e-46
4.974000000000000000e+03 4.138567479150635205e-46
4.975000000000000000e+03 3.768730083664173338e-46
4.976000000000000000e+03 4.938351781265941988e-46
4.977000000000000000e+03 4.277174953730985773e-46
4.978000000000000000e+03 4.076452155306538709e-46
4.979000000000000000e+03 4.169054488937257017e-46
4.980000000000000000e+03 3.887637621119940117e-46
4.981000000000000000e+03 4.712003887859451951e-46
4.982000000000000000e+03 5.518023861261771197e-46
4.983000000000000000e+03 5.290125242477134828e-46
4.984000000000000000e+03 4.195898132307030741e-46
4.985000000000000000e+03 5.190308324330138653e-46
4.986000000000000000e+03 5.277534408225349047e-46
4.987000000000000000e+03 4.402187557280241186e-46
4.988000000000000000e+03 4.981561147620915437e-46
4.989000000000000000e+03 4.900233640191468632e-46
4.990000000000000000e+03 4.771506689893622568e-46
4.991000000000000000e+03 5.040019455072634538e-46
4.992000000000000000e+03 5.264624552875781057e-46
4.993000000000000000e+03 4.608868971067683089e-46
4.994000000000000000e+03 4.911166361083821083e-46
4.995000000000000000e+03 5.223877619354644513e-46
4.996000000000000000e+03 4.198509311347309895e-46
4.997000000000000000e+03 4.097112153455625259e-46
4.998000000000000000e+03 4.377701699610982532e-46
4.999000000000000000e+03 4.546717137656296739e-46
5.000000000000000000e+03 4.120003334744033356e-46
5.001000000000000000e+03 4.692400643979489582e-46
5.002000000000000000e+03 5.569739105913012714e-46
5.003000000000000000e+03 6.226459526126206880e-46
5.004000000000000000e+03 6.014354001043744223e-46
5.005000000000000000e+03 5.443592195476422212e-46
5.006000000000000000e+03 4.616073066355416043e-46
5.007000000000000000e+03 4.767116473703358249e-46
5.008000000000000000e+03 5.030864249135791561e-46
5.009000000000000000e+03 4.777612363660258427e-46
5.010000000000000000e+03 4.683755614535482734e-46
5.011000000000000000e+03 4.850100697980266116e-46
5.012000000000000000e+03 4.745257996696993735e-46
5.013000000000000000e+03 4.773084974488802480e-46
5.014000000000000000e+03 4.061648988085621962e-46
5.015000000000000000e+03 4.174145982690104437e-46
5.016000000000000000e+03 3.940993208547592475e-46
5.017000000000000000e+03 4.245479791140358999e-46
5.018000000000000000e+03 3.990797195428665098e-46
5.019000000000000000e+03 3.507079428025208160e-46
5.020000000000000000e+03 4.543180098687135840e-46
5.021000000000000000e+03 4.991454024299349059e-46
5.022000000000000000e+03 4.690448745294629970e-46
5.023000000000000000e+03 4.626861949009802800e-46
5.024000000000000000e+03 3.866168161219634609e-46
5.025000000000000000e+03 3.460660431057309700e-46
5.026000000000000000e+03 4.181395928621223723e-46
5.027000000000000000e+03 5.083439869473283506e-46
5.028000000000000000e+03 5.054321095928268089e-46
5.029000000000000000e+03 4.179349079024410714e-46
5.030000000000000000e+03 4.250856616173420108e-46
5.031000000000000000e+03 4.107473995010040616e-46
5.032000000000000000e+03 4.634254384622116103e-46
5.033000000000000000e+03 4.636483183277037371e-46
5.034000000000000000e+03 4.344639622551051095e-46
5.035000000000000000e+03 4.474790031417364276e-46
5.036000000000000000e+03 4.781780462299051064e-46
5.037000000000000000e+03 5.108637305799815339e-46
5.038000000000000000e+03 5.099001349883310738e-46
5.039000000000000000e+03 4.413404950680417170e-46
5.040000000000000000e+03 5.472350804446809063e-46
5.041000000000000000e+03 6.903593851140212395e-46
5.042000000000000000e+03 5.760195756696654301e-46
5.043000000000000000e+03 6.704844803381309079e-46
5.044000000000000000e+03 7.536715899286474838e-46
5.045000000000000000e+03 6.393648353693467600e-46
5.046000000000000000e+03 5.984014373867241467e-46
5.047000000000000000e+03 5.861536050074742591e-46
5.048000000000000000e+03 5.388412710877800966e-46
5.049000000000000000e+03 4.533689073092035537e-46
5.050000000000000000e+03 4.895171825076541719e-46
5.051000000000000000e+03 5.187196978425093641e-46
5.052000000000000000e+03 4.723724722873255487e-46
5.053000000000000000e+03 5.163385549789196387e-46
5.054000000000000000e+03 5.593375131806439131e-46
5.055000000000000000e+03 4.847760524704886921e-46
5.056000000000000000e+03 4.343758833675265487e-46
5.057000000000000000e+03 4.540679901535149392e-46
5.058000000000000000e+03 5.465189038466626586e-46
5.059000000000000000e+03 5.485139383390728591e-46
5.060000000000000000e+03 4.607630387794471674e-46
5.061000000000000000e+03 4.339151192057018277e-46
5.062000000000000000e+03 4.747057316034731995e-46
5.063000000000000000e+03 5.867331848120021146e-46
5.064000000000000000e+03 4.463175342185406146e-46
5.065000000000000000e+03 5.349800234589235671e-46
5.066000000000000000e+03 5.995982676922168752e-46
5.067000000000000000e+03 4.546429823358718824e-46
5.068000000000000000e+03 4.942453326990144463e-46
5.069000000000000000e+03 4.945914274746453790e-46
5.070000000000000000e+03 5.417356961831908516e-46
5.071000000000000000e+03 5.259518963549866322e-46
5.072000000000000000e+03 4.242788279530883298e-46
5.073000000000000000e+03 5.442579049453924499e-46
5.074000000000000000e+03 6.509646819532383774e-46
5.075000000000000000e+03 5.349673782854408551e-46
5.076000000000000000e+03 3.967601504153699371e-46
5.077000000000000000e+03 4.691341886354766066e-46
5.078000000000000000e+03 5.085644467944179208e-46
5.079000000000000000e+03 5.763070189307299836e-46
5.080000000000000000e+03 5.485872238680940979e-46
5.081000000000000000e+03 6.018020583710869217e-46
5.082000000000000000e+03 5.694414720914036815e-46
5.083000000000000000e+03 5.083833318711605136e-46
5.084000000000000000e+03 4.085978432259671998e-46
5.085000000000000000e+03 3.954537422322607768e-46
5.086000000000000000e+03 4.129053871982823751e-46
5.087000000000000000e+03 4.726141410567096098e-46
5.088000000000000000e+03 4.373259824202059892e-46
5.089000000000000000e+03 4.725940314687928109e-46
5.090000000000000000e+03 4.612063099257433479e-46
5.091000000000000000e+03 4.708212401323638880e-46
5.092000000000000000e+03 4.272997285461984031e-46
5.093000000000000000e+03 5.432473041794737707e-46
5.094000000000000000e+03 6.167878444645562180e-46
5.095000000000000000e+03 4.790068365106607759e-46
5.096000000000000000e+03 5.274966623782336963e-46
5.097000000000000000e+03 5.753392379374510796e-46
5.098000000000000000e+03 4.469488578708565426e-46
5.099000000000000000e+03 5.350260424726432128e-46
5.100000000000000000e+03 5.438321845856230178e-46
5.101000000000000000e+03 5.196578075499259455e-46
5.102000000000000000e+03 5.577424065966599210e-46
5.103000000000000000e+03 6.436132024293464698e-46
5.104000000000000000e+03 6.657834931080031419e-46
5.105000000000000000e+03 5.439700155607706216e-46
5.106000000000000000e+03 4.320849887351993732e-46
5.107000000000000000e+03 5.427055297213005340e-46
5.108000000000000000e+03 5.756644152070088394e-46
5.109000000000000000e+03 5.300843145057570541e-46
5.110000000000000000e+03 4.771482965473993447e-46
5.111000000000000000e+03 5.633384582886596451e-46
5.112000000000000000e+03 5.628431899315329715e-46
5.113000000000000000e+03 4.642368780903779592e-46
5.114000000000000000e+03 4.509853468072320128e-46
5.115000000000000000e+03 4.854989456140406551e-46
5.116000000000000000e+03 4.804083381614397432e-46
5.117000000000000000e+03 5.839331549229773020e-46
5.118000000000000000e+03 5.865417873704918837e-46
5.119000000000000000e+03 5.619433315396954045e-46
5.120000000000000000e+03 4.713614057875051029e-46
5.121000000000000000e+03 4.894361759535698004e-46
5.122000000000000000e+03 5.600949893355002269e-46
5.123000000000000000e+03 5.116376431818145136e-46
5.124000000000000000e+03 4.454581499605498611e-46
5.125000000000000000e+03 4.155907296020427919e-46
5.126000000000000000e+03 5.013341463484336465e-46
5.127000000000000000e+03 5.826336252592893568e-46
5.128000000000000000e+03 5.845639178077778958e-46
5.129000000000000000e+03 4.803215847628721680e-46
5.130000000000000000e+03 5.512658564802664719e-46
5.131000000000000000e+03 5.917269683367191905e-46
5.132000000000000000e+03 4.895973604295083636e-46
5.133000000000000000e+03 5.527754844702982214e-46
5.134000000000000000e+03 4.763489510738460548e-46
5.135000000000000000e+03 3.848173016847721641e-46
5.136000000000000000e+03 5.105881936056671007e-46
5.137000000000000000e+03 6.547480008078623595e-46
5.138000000000000000e+03 6.168243928533258253e-46
5.139000000000000000e+03 6.012387996609849369e-46
5.140000000000000000e+03 6.206739762097758424e-46
5.141000000000000000e+03 1.218149588372158393e-45
5.142000000000000000e+03 9.114980983248695843e-46
5.143000000000000000e+03 6.386543307482423472e-46
5.144000000000000000e+03 5.826728760903158481e-46
5.145000000000000000e+03 4.651641550619995511e-46
5.146000000000000000e+03 5.176669959295630642e-46
5.147000000000000000e+03 1.774855519210137749e-45
5.148000000000000000e+03 2.595658745152721723e-45
5.149000000000000000e+03 1.149919174482933342e-45
5.150000000000000000e+03 7.910667270091992796e-46
5.151000000000000000e+03 6.106433588241911916e-46
5.152000000000000000e+03 4.507744540568264435e-46
5.153000000000000000e+03 4.919660955205818379e-46
5.154000000000000000e+03 5.390226337520570143e-46
5.155000000000000000e+03 5.176012399840840175e-46
5.156000000000000000e+03 4.929946090197148356e-46
5.157000000000000000e+03 5.402414359881482130e-46
5.158000000000000000e+03 5.680240067257510931e-46
5.159000000000000000e+03 6.532571466555415011e-46
5.160000000000000000e+03 6.280501951958752567e-46
5.161000000000000000e+03 5.561903204937599577e-46
5.162000000000000000e+03 5.812286419682562814e-46
5.163000000000000000e+03 7.300053211737010632e-46
5.164000000000000000e+03 6.243528153949236467e-46
5.165000000000000000e+03 6.011464787828105947e-46
5.166000000000000000e+03 5.726100494305622809e-46
5.167000000000000000e+03 5.052237002725266393e-46
5.168000000000000000e+03 5.499030063367658336e-46
5.169000000000000000e+03 5.584912005429423918e-46
5.170000000000000000e+03 5.464193693373053728e-46
5.171000000000000000e+03 6.589332132994456353e-46
5.172000000000000000e+03 6.847056477922638538e-46
5.173000000000000000e+03 7.326738332546155725e-46
5.174000000000000000e+03 8.284638509316624089e-46
5.175000000000000000e+03 6.541904931024577192e-46
5.176000000000000000e+03 7.369664831990127103e-46
5.177000000000000000e+03 6.826337011709404987e-46
5.178000000000000000e+03 6.389063851849774298e-46
5.179000000000000000e+03 7.044096288111495829e-46
5.180000000000000000e+03 8.537436868501331202e-46
5.181000000000000000e+03 8.688711447974829780e-46
5.182000000000000000e+03 7.763728523789307530e-46
5.183000000000000000e+03 6.791831692512984893e-46
5.184000000000000000e+03 6.017599909819367866e-46
5.185000000000000000e+03 2.469875714294487889e-45
5.186000000000000000e+03 5.534365616302692454e-45
5.187000000000000000e+03 5.809544468356230215e-45
5.188000000000000000e+03 1.419282507026192251e-45
5.189000000000000000e+03 7.628260413438750619e-46
5.190000000000000000e+03 1.258816587544019056e-45
5.191000000000000000e+03 9.063709300898294266e-46
5.192000000000000000e+03 8.184229619204268224e-46
5.193000000000000000e+03 7.248921128029234971e-46
5.194000000000000000e+03 7.127463043002704517e-46
5.195000000000000000e+03 8.735366185596605431e-46
5.196000000000000000e+03 7.728996141765779029e-46
5.197000000000000000e+03 9.003223997583666353e-46
5.198000000000000000e+03 3.615915047227885013e-45
5.199000000000000000e+03 4.855237561324901140e-45
5.200000000000000000e+03 1.626164261005164969e-45
5.201000000000000000e+03 1.444459317224951196e-45
5.202000000000000000e+03 1.403906542115090940e-45
5.203000000000000000e+03 1.127049330675750952e-45
5.204000000000000000e+03 1.018957686926774177e-45
5.205000000000000000e+03 1.055831406307423532e-45
5.206000000000000000e+03 7.002606569729347944e-46
5.207000000000000000e+03 5.562676486022552985e-46
5.208000000000000000e+03 6.380908294620762026e-46
5.209000000000000000e+03 1.382792833322159403e-45
5.210000000000000000e+03 4.757369223955242069e-45
5.211000000000000000e+03 2.152534705618492373e-45
5.212000000000000000e+03 7.172217111458150601e-46
5.213000000000000000e+03 6.540470777088151490e-46
5.214000000000000000e+03 6.438086233089379625e-46
5.215000000000000000e+03 5.657289408001759779e-46
5.216000000000000000e+03 6.698111201579349337e-46
5.217000000000000000e+03 5.187249070543785809e-46
5.218000000000000000e+03 4.328518508414115964e-46
5.219000000000000000e+03 5.977363018296759614e-46
5.220000000000000000e+03 5.397481413348870718e-46
5.221000000000000000e+03 5.633142993505770154e-46
5.222000000000000000e+03 5.341897967198272315e-46
5.223000000000000000e+03 4.456642910898294455e-46
5.224000000000000000e+03 4.485701007949877475e-46
5.225000000000000000e+03 5.414636445996628800e-46
5.226000000000000000e+03 5.899540274838430665e-46
5.227000000000000000e+03 5.084061191732100215e-46
5.228000000000000000e+03 4.117813950695031420e-45
5.229000000000000000e+03 1.390606702147303936e-44
5.230000000000000000e+03 3.990320934005896672e-45
5.231000000000000000e+03 7.238785293023202892e-46
5.232000000000000000e+03 4.922857089113556164e-46
5.233000000000000000e+03 5.386572562177783836e-46
5.234000000000000000e+03 7.853173703442524806e-46
5.235000000000000000e+03 1.464825191712899990e-45
5.236000000000000000e+03 9.909202310079409610e-46
5.237000000000000000e+03 6.481611383291215851e-46
5.238000000000000000e+03 7.484373738679141934e-46
5.239000000000000000e+03 1.101360680955222188e-45
5.240000000000000000e+03 6.573264118631811585e-46
5.241000000000000000e+03 5.277388261072584489e-46
5.242000000000000000e+03 6.186320963776009481e-46
5.243000000000000000e+03 5.805831302961533874e-46
5.244000000000000000e+03 5.287801701414618777e-46
5.245000000000000000e+03 5.583348986551509143e-46
5.246000000000000000e+03 5.820605254465547143e-46
5.247000000000000000e+03 5.901049694317948305e-46
5.248000000000000000e+03 6.157040598258902201e-46
5.249000000000000000e+03 6.901651631924839376e-46
5.250000000000000000e+03 6.845943132905296100e-46
5.251000000000000000e+03 5.727184641201348875e-46
5.252000000000000000e+03 5.162033236364718919e-46
5.253000000000000000e+03 6.021730115977755741e-46
5.254000000000000000e+03 6.789590357895765191e-46
5.255000000000000000e+03 6.520111818765610072e-46
5.256000000000000000e+03 7.847472232639837547e-46
5.257000000000000000e+03 1.501355715220397427e-45
5.258000000000000000e+03 9.214234959689273651e-46
5.259000000000000000e+03 4.677704881161310457e-46
5.260000000000000000e+03 6.018242537764242177e-46
5.261000000000000000e+03 5.487513769066106756e-46
5.262000000000000000e+03 6.889214733037543841e-46
5.263000000000000000e+03 6.206541267891186766e-46
5.264000000000000000e+03 6.197750138336935306e-46
5.265000000000000000e+03 6.499367308132964223e-46
5.266000000000000000e+03 7.047913096540867039e-46
5.267000000000000000e+03 6.657511002932373721e-46
5.268000000000000000e+03 7.052576710298694450e-46
5.269000000000000000e+03 6.217053370654095911e-46
5.270000000000000000e+03 6.257874670479684539e-46
5.271000000000000000e+03 7.786828602828191623e-46
5.272000000000000000e+03 7.106797689898197785e-46
5.273000000000000000e+03 6.715334169137391462e-46
5.274000000000000000e+03 7.583234432075332722e-46
5.275000000000000000e+03 7.106863735254460379e-46
5.276000000000000000e+03 6.828158488681083900e-46
5.277000000000000000e+03 5.624192378821502726e-46
5.278000000000000000e+03 5.871927079701241729e-46
5.279000000000000000e+03 5.896442495270132663e-46
5.280000000000000000e+03 5.416904309801752513e-46
5.281000000000000000e+03 5.789483038440396581e-46
5.282000000000000000e+03 5.852518056699322090e-46
5.283000000000000000e+03 5.911318979050464013e-46
5.284000000000000000e+03 6.542366359332669290e-46
5.285000000000000000e+03 5.686770747525484826e-46
5.286000000000000000e+03 5.894980249089955699e-46
5.287000000000000000e+03 6.681923590872517340e-46
5.288000000000000000e+03 7.442709739134508943e-46
5.289000000000000000e+03 6.557053322044212834e-46
5.290000000000000000e+03 6.874116306422272976e-46
5.291000000000000000e+03 6.508992346398522244e-46
5.292000000000000000e+03 7.860873155102662001e-46
5.293000000000000000e+03 7.787369396784598159e-46
5.294000000000000000e+03 7.401051696975351516e-46
5.295000000000000000e+03 9.839840515579183396e-46
5.296000000000000000e+03 1.097135460086594095e-45
5.297000000000000000e+03 8.447631049421657545e-46
5.298000000000000000e+03 7.497888338542478264e-46
5.299000000000000000e+03 8.023854125270258278e-46
5.300000000000000000e+03 7.150124112705866018e-46
5.301000000000000000e+03 7.831142241859347822e-46
5.302000000000000000e+03 8.130945852474460175e-46
5.303000000000000000e+03 6.593353468679930680e-46
5.304000000000000000e+03 7.148877223597693240e-46
5.305000000000000000e+03 7.283928410618919838e-46
5.306000000000000000e+03 6.706654515012429253e-46
5.307000000000000000e+03 8.816915924091708178e-46
5.308000000000000000e+03 8.667294268759668851e-46
5.309000000000000000e+03 8.314811794197089843e-46
5.310000000000000000e+03 7.911076540773191195e-46
5.311000000000000000e+03 9.431855994656112901e-46
5.312000000000000000e+03 7.340592773980896151e-46
5.313000000000000000e+03 8.014235893623127662e-46
5.314000000000000000e+03 1.006268703026079418e-45
5.315000000000000000e+03 9.915446303355165838e-46
5.316000000000000000e+03 9.920302794382133967e-46
5.317000000000000000e+03 1.017797830630052909e-45
5.318000000000000000e+03 9.596406280754371195e-46
5.319000000000000000e+03 1.032241201007318405e-45
5.320000000000000000e+03 8.216634199993141829e-46
5.321000000000000000e+03 8.106661840182811937e-46
5.322000000000000000e+03 9.051362247772624890e-46
5.323000000000000000e+03 1.038752531825445534e-45
5.324000000000000000e+03 9.709733172621141223e-46
5.325000000000000000e+03 9.373839387042741365e-46
5.326000000000000000e+03 9.064290861684952312e-46
5.327000000000000000e+03 8.912094607666614346e-46
5.328000000000000000e+03 1.151277507703674306e-45
5.329000000000000000e+03 1.088762772960281305e-45
5.330000000000000000e+03 9.442524968678976248e-46
5.331000000000000000e+03 9.071385429721817506e-46
5.332000000000000000e+03 8.827613568236011238e-46
5.333000000000000000e+03 8.620979280645570552e-46
5.334000000000000000e+03 1.002586082470977303e-45
5.335000000000000000e+03 1.239393761258268566e-45
5.336000000000000000e+03 9.016928562703784420e-46
5.337000000000000000e+03 8.727846928778599518e-46
5.338000000000000000e+03 9.480719259276895561e-46
5.339000000000000000e+03 1.043904513961845303e-45
5.340000000000000000e+03 1.074769004907583126e-45
5.341000000000000000e+03 8.746262690636534905e-46
5.342000000000000000e+03 7.561171109043593414e-46
5.343000000000000000e+03 9.272729785836035728e-46
5.344000000000000000e+03 8.597632889299795362e-46
5.345000000000000000e+03 7.706081161840368947e-46
5.346000000000000000e+03 8.570693943154379706e-46
5.347000000000000000e+03 9.011937261550975443e-46
5.348000000000000000e+03 1.004854509417554093e-45
5.349000000000000000e+03 1.039690323064165109e-45
5.350000000000000000e+03 9.177901049605418315e-46
5.351000000000000000e+03 8.097135554691994169e-46
5.352000000000000000e+03 6.939601850700632460e-46
5.353000000000000000e+03 7.923911927618449841e-46
5.354000000000000000e+03 8.145583376719239971e-46
5.355000000000000000e+03 7.524892359194139569e-46
5.356000000000000000e+03 9.497332983350825823e-46
5.357000000000000000e+03 1.044176591955459153e-45
5.358000000000000000e+03 9.931951295951097165e-46
5.359000000000000000e+03 8.320653475436206154e-46
5.360000000000000000e+03 9.742471449231207656e-46
5.361000000000000000e+03 7.723799502737655664e-46
5.362000000000000000e+03 6.926343442336248624e-46
5.363000000000000000e+03 7.037284604174213092e-46
5.364000000000000000e+03 7.355241188354187760e-46
5.365000000000000000e+03 7.570281251643078762e-46
5.366000000000000000e+03 8.238520334239213736e-46
5.367000000000000000e+03 8.162096482221215856e-46
5.368000000000000000e+03 7.380899105062667809e-46
5.369000000000000000e+03 7.132622393835375000e-46
5.370000000000000000e+03 6.728925886790068821e-46
5.371000000000000000e+03 7.421633177367061999e-46
5.372000000000000000e+03 8.016720968924220844e-46
5.373000000000000000e+03 8.777075917315622835e-46
5.374000000000000000e+03 7.348892202824372477e-46
5.375000000000000000e+03 6.567068792278419381e-46
5.376000000000000000e+03 6.073329399652871275e-46
5.377000000000000000e+03 7.452537024586742799e-46
5.378000000000000000e+03 7.246444780133877874e-46
5.379000000000000000e+03 6.451904933227110226e-46
5.380000000000000000e+03 5.270829428226987657e-46
5.381000000000000000e+03 5.288128864583237503e-46
5.382000000000000000e+03 5.828915348043610608e-46
5.383000000000000000e+03 6.198742018884094169e-46
5.384000000000000000e+03 7.328440010888691613e-46
5.385000000000000000e+03 7.107009395735227660e-46
5.386000000000000000e+03 6.613885644362975319e-46
5.387000000000000000e+03 5.563574289414523695e-46
5.388000000000000000e+03 5.700678607832696988e-46
5.389000000000000000e+03 5.619385884144722633e-46
5.390000000000000000e+03 6.299906058424786161e-46
5.391000000000000000e+03 5.763479041159997874e-46
5.392000000000000000e+03 6.565443780451359241e-46
5.393000000000000000e+03 6.204536994539968247e-46
5.394000000000000000e+03 8.367483198167721780e-46
5.395000000000000000e+03 8.877252278968413972e-46
5.396000000000000000e+03 7.236786013827150262e-46
5.397000000000000000e+03 6.100139356562204197e-46
5.398000000000000000e+03 6.652246287980825943e-46
5.399000000000000000e+03 5.880793382797013082e-46
5.400000000000000000e+03 5.766175023174679560e-46
5.401000000000000000e+03 6.089850856232673678e-46
5.402000000000000000e+03 6.851645651642004379e-46
5.403000000000000000e+03 5.920980828306602120e-46
5.404000000000000000e+03 5.576538190439352955e-46
5.405000000000000000e+03 4.959615502360601007e-46
5.406000000000000000e+03 5.282120558181825516e-46
5.407000000000000000e+03 6.427598494323295762e-46
5.408000000000000000e+03 5.764943194280463979e-46
5.409000000000000000e+03 5.269446639948992217e-46
5.410000000000000000e+03 5.304405230870808624e-46
5.411000000000000000e+03 5.022943570526352359e-46
5.412000000000000000e+03 6.011108050159393836e-46
5.413000000000000000e+03 6.091504916735731638e-46
5.414000000000000000e+03 5.817607422307397466e-46
5.415000000000000000e+03 6.187277933804785776e-46
5.416000000000000000e+03 6.093571637619801385e-46
5.417000000000000000e+03 4.929599709566553372e-46
5.418000000000000000e+03 7.600170606852114406e-46
5.419000000000000000e+03 8.182563121155927230e-46
5.420000000000000000e+03 5.462931235714863960e-46
5.421000000000000000e+03 4.623437499363653686e-46
5.422000000000000000e+03 5.184608547967848288e-46
5.423000000000000000e+03 5.220236509937226465e-46
5.424000000000000000e+03 4.851291584192125304e-46
5.425000000000000000e+03 4.711152578236392041e-46
5.426000000000000000e+03 5.540042181512186197e-46
5.427000000000000000e+03 5.764227306900728857e-46
5.428000000000000000e+03 6.160702723272956443e-46
5.429000000000000000e+03 6.043440135199167190e-46
5.430000000000000000e+03 5.373094122226619505e-46
5.431000000000000000e+03 5.804578374357671812e-46
5.432000000000000000e+03 6.259410220774685400e-46
5.433000000000000000e+03 5.527844164667638933e-46
5.434000000000000000e+03 6.055391532030071365e-46
5.435000000000000000e+03 6.858128548561077192e-46
5.436000000000000000e+03 6.093635091593742253e-46
5.437000000000000000e+03 5.739939900731982660e-46
5.438000000000000000e+03 5.804331363804223227e-46
5.439000000000000000e+03 6.180094741534666821e-46
5.440000000000000000e+03 6.653553460906678307e-46
5.441000000000000000e+03 6.898622546461853570e-46
5.442000000000000000e+03 5.845872302671154459e-46
5.443000000000000000e+03 5.958098306346511968e-46
5.444000000000000000e+03 6.482044378761992295e-46
5.445000000000000000e+03 6.038026408775425928e-46
5.446000000000000000e+03 5.062592782822589612e-46
5.447000000000000000e+03 4.484296030118378469e-46
5.448000000000000000e+03 4.277055526300035256e-46
5.449000000000000000e+03 5.209939020321906983e-46
5.450000000000000000e+03 6.343251235776719600e-46
5.451000000000000000e+03 6.303486903108194407e-46
5.452000000000000000e+03 5.338024732370727140e-46
5.453000000000000000e+03 5.883841814287193164e-46
5.454000000000000000e+03 6.675442205531162895e-46
5.455000000000000000e+03 5.926686373403606227e-46
5.456000000000000000e+03 6.143625633563291071e-46
5.457000000000000000e+03 5.984839356101585368e-46
5.458000000000000000e+03 4.458691177508227936e-46
5.459000000000000000e+03 4.626015084318791154e-46
5.460000000000000000e+03 4.902790208089186302e-46
5.461000000000000000e+03 4.845869260085658744e-46
5.462000000000000000e+03 5.527797180730346057e-46
5.463000000000000000e+03 5.111540723269724834e-46
5.464000000000000000e+03 4.383476296520001219e-46
5.465000000000000000e+03 6.175180951869260856e-46
5.466000000000000000e+03 6.194666375961368675e-46
5.467000000000000000e+03 7.073688380887269601e-46
5.468000000000000000e+03 6.220974341715125043e-46
5.469000000000000000e+03 5.830545065174069509e-46
5.470000000000000000e+03 6.035071048252433612e-46
5.471000000000000000e+03 5.099648873817687792e-46
5.472000000000000000e+03 5.715304045758757536e-46
5.473000000000000000e+03 6.815196251305935816e-46
5.474000000000000000e+03 7.211766078978856210e-46
5.475000000000000000e+03 6.909848747691830811e-46
5.476000000000000000e+03 5.812670224707512860e-46
5.477000000000000000e+03 6.265694757245000535e-46
5.478000000000000000e+03 6.797584405335710934e-46
5.479000000000000000e+03 7.449228191754135443e-46
5.480000000000000000e+03 6.443467537771494081e-46
5.481000000000000000e+03 6.759487226862455526e-46
5.482000000000000000e+03 5.442307408706974427e-46
5.483000000000000000e+03 4.884762769376593616e-46
5.484000000000000000e+03 4.447974099362862843e-46
5.485000000000000000e+03 4.472187067466317817e-46
5.486000000000000000e+03 4.277577899516898034e-46
5.487000000000000000e+03 6.203449543061706954e-46
5.488000000000000000e+03 6.319213777086104219e-46
5.489000000000000000e+03 6.142137537181584306e-46
5.490000000000000000e+03 5.859032963401819671e-46
5.491000000000000000e+03 5.393382072046246695e-46
5.492000000000000000e+03 6.218237900167870039e-46
5.493000000000000000e+03 6.838791019889534322e-46
5.494000000000000000e+03 6.511149267511465369e-46
5.495000000000000000e+03 5.647981469608939835e-46
5.496000000000000000e+03 6.197514339575539387e-46
5.497000000000000000e+03 6.913310716300104289e-46
5.498000000000000000e+03 5.932705852932790094e-46
5.499000000000000000e+03 5.324691181557800317e-46
5.500000000000000000e+03 6.717302303584661585e-46
5.501000000000000000e+03 7.039886340089643429e-46
5.502000000000000000e+03 7.218207187933946899e-46
5.503000000000000000e+03 6.102953555494471744e-46
5.504000000000000000e+03 6.555175167481285686e-46
5.505000000000000000e+03 6.595267851600499236e-46
5.506000000000000000e+03 6.881324673232636047e-46
5.507000000000000000e+03 6.062834944895898057e-46
5.508000000000000000e+03 4.869407246503910406e-46
5.509000000000000000e+03 3.425947179399010480e-46
5.510000000000000000e+03 4.627725264576964088e-46
5.511000000000000000e+03 5.580670228401574535e-46
5.512000000000000000e+03 5.317728233589282270e-46
5.513000000000000000e+03 5.278669835183231616e-46
5.514000000000000000e+03 5.638129374719839429e-46
5.515000000000000000e+03 5.869621073609580290e-46
5.516000000000000000e+03 5.410150456105440797e-46
5.517000000000000000e+03 6.045924754951119809e-46
5.518000000000000000e+03 6.225272309372337885e-46
5.519000000000000000e+03 5.214244726378332338e-46
5.520000000000000000e+03 6.091315764536217989e-46
5.521000000000000000e+03 6.870233899781593714e-46
5.522000000000000000e+03 9.683500927918285645e-46
5.523000000000000000e+03 8.476983576146639657e-46
5.524000000000000000e+03 5.912111027999429974e-46
5.525000000000000000e+03 6.072595003920932559e-46
5.526000000000000000e+03 6.792620900131239591e-46
5.527000000000000000e+03 8.408259441838000053e-46
5.528000000000000000e+03 7.167671619151106956e-46
5.529000000000000000e+03 6.777350380027428990e-46
5.530000000000000000e+03 6.834687020941479916e-46
5.531000000000000000e+03 6.037689502521327998e-46
5.532000000000000000e+03 5.241625359261115206e-46
5.533000000000000000e+03 5.540714239601500556e-46
5.534000000000000000e+03 7.514335292888820132e-46
5.535000000000000000e+03 6.008411490999156780e-46
5.536000000000000000e+03 6.123177167147594558e-46
5.537000000000000000e+03 6.487274959136604473e-46
5.538000000000000000e+03 6.758832826549167520e-46
5.539000000000000000e+03 6.687548074533557643e-46
5.540000000000000000e+03 5.556633226109159365e-46
5.541000000000000000e+03 5.434044082906848010e-46
5.542000000000000000e+03 7.148623707008820731e-46
5.543000000000000000e+03 5.818154639004762729e-46
5.544000000000000000e+03 6.103500044635768230e-46
5.545000000000000000e+03 6.105571619410898286e-46
5.546000000000000000e+03 6.917454269655954366e-46
5.547000000000000000e+03 7.095349826339520277e-46
5.548000000000000000e+03 6.058852776215824846e-46
5.549000000000000000e+03 5.476051103819046657e-46
5.550000000000000000e+03 6.427816989444341736e-46
5.551000000000000000e+03 5.649369673141329238e-46
5.552000000000000000e+03 6.671821082423714756e-46
5.553000000000000000e+03 7.590317986240435262e-46
5.554000000000000000e+03 5.551246100013993441e-46
5.555000000000000000e+03 5.830721733564051472e-46
5.556000000000000000e+03 5.825411972703938733e-46
5.557000000000000000e+03 5.459086094777414634e-46
5.558000000000000000e+03 5.426216979483146190e-46
5.559000000000000000e+03 5.375859191087928774e-46
5.560000000000000000e+03 6.482509852875869020e-46
5.561000000000000000e+03 6.741853848001455938e-46
5.562000000000000000e+03 6.302796841083014498e-46
5.563000000000000000e+03 6.213437530062038037e-46
5.564000000000000000e+03 6.727620302852649535e-46
5.565000000000000000e+03 6.575119051439727197e-46
5.566000000000000000e+03 6.475043327466279244e-46
5.567000000000000000e+03 5.879671894031771181e-46
5.568000000000000000e+03 6.646254693434797674e-46
5.569000000000000000e+03 5.679713370594590403e-46
5.570000000000000000e+03 6.253385599481026999e-46
5.571000000000000000e+03 6.151463141823913011e-46
5.572000000000000000e+03 5.656633924340847562e-46
5.573000000000000000e+03 6.288844196670650707e-46
5.574000000000000000e+03 6.689012186067033049e-46
5.575000000000000000e+03 5.249137053284337481e-46
5.576000000000000000e+03 5.878899613506385545e-46
5.577000000000000000e+03 6.315955317537105520e-46
5.578000000000000000e+03 5.683803152865897147e-46
5.579000000000000000e+03 6.166820664924217151e-46
5.580000000000000000e+03 6.572562917926664240e-46
5.581000000000000000e+03 5.389423630580566545e-46
5.582000000000000000e+03 4.813672214256291798e-46
5.583000000000000000e+03 4.996177528356421410e-46
5.584000000000000000e+03 6.199362274480422785e-46
5.585000000000000000e+03 5.947483002899069604e-46
5.586000000000000000e+03 5.452135071859799117e-46
5.587000000000000000e+03 6.702768881087870081e-46
5.588000000000000000e+03 6.769689231185066038e-46
5.589000000000000000e+03 7.417096533662108709e-46
5.590000000000000000e+03 7.484250063509243493e-46
5.591000000000000000e+03 5.132489539274877370e-46
5.592000000000000000e+03 6.275515798165799530e-46
5.593000000000000000e+03 6.207897277222003759e-46
5.594000000000000000e+03 1.058739415735639922e-45
5.595000000000000000e+03 1.288759963393769276e-45
5.596000000000000000e+03 6.160698850740437387e-46
5.597000000000000000e+03 6.783914554690280019e-46
5.598000000000000000e+03 6.964899677993777066e-46
5.599000000000000000e+03 6.764366588295281895e-46
5.600000000000000000e+03 7.501556714509812651e-46
5.601000000000000000e+03 6.682519898090271258e-46
5.602000000000000000e+03 6.312073214685776130e-46
5.603000000000000000e+03 6.140270091836718788e-46
5.604000000000000000e+03 6.211609486172523399e-46
5.605000000000000000e+03 7.098948216719941846e-46
5.606000000000000000e+03 8.555350611619378269e-46
5.607000000000000000e+03 7.126566247796180525e-46
5.608000000000000000e+03 6.364149012763333577e-46
5.609000000000000000e+03 7.861508672108870492e-46
5.610000000000000000e+03 7.061409614484748659e-46
5.611000000000000000e+03 5.403959752672608002e-46
5.612000000000000000e+03 8.597363806778135734e-46
5.613000000000000000e+03 7.985022344042813864e-46
5.614000000000000000e+03 6.507482217478130188e-46
5.615000000000000000e+03 5.190215192787455866e-46
5.616000000000000000e+03 6.287096412788894783e-46
5.617000000000000000e+03 6.297617479565471233e-46
5.618000000000000000e+03 5.716562417942301311e-46
5.619000000000000000e+03 6.349002950774103539e-46
5.620000000000000000e+03 6.049073128487103255e-46
5.621000000000000000e+03 6.575247694604672038e-46
5.622000000000000000e+03 7.814782630692751707e-46
5.623000000000000000e+03 7.018998048693175231e-46
5.624000000000000000e+03 6.036320811860310347e-46
5.625000000000000000e+03 4.733499187663319452e-46
5.626000000000000000e+03 4.869642599442688079e-46
5.627000000000000000e+03 6.733222165039691590e-46
5.628000000000000000e+03 7.618917614008866186e-46
5.629000000000000000e+03 6.664814797870391809e-46
5.630000000000000000e+03 6.604109868716850334e-46
5.631000000000000000e+03 7.938854469476557115e-46
5.632000000000000000e+03 7.836766341141282187e-46
5.633000000000000000e+03 8.936551294775845831e-46
5.634000000000000000e+03 6.760291141269797820e-46
5.635000000000000000e+03 6.201088655443725894e-46
5.636000000000000000e+03 7.611707255983228710e-46
5.637000000000000000e+03 7.377054021990052061e-46
5.638000000000000000e+03 7.517842761585487630e-46
5.639000000000000000e+03 7.860472040761628256e-46
5.640000000000000000e+03 9.967599273390000540e-46
5.641000000000000000e+03 9.175707795784489131e-46
5.642000000000000000e+03 9.511677579199120948e-46
5.643000000000000000e+03 7.683515064620913485e-46
5.644000000000000000e+03 8.535775950715497551e-46
5.645000000000000000e+03 7.146444053947967882e-46
5.646000000000000000e+03 7.166438306648897889e-46
5.647000000000000000e+03 6.986323737587354420e-46
5.648000000000000000e+03 6.901052508912410041e-46
5.649000000000000000e+03 5.975488435773085477e-46
5.650000000000000000e+03 6.429875302965585942e-46
5.651000000000000000e+03 8.271507341918048170e-46
5.652000000000000000e+03 1.019635935037560607e-45
5.653000000000000000e+03 1.104553905750309238e-45
5.654000000000000000e+03 1.690384784064976857e-45
5.655000000000000000e+03 7.202866930786458503e-46
5.656000000000000000e+03 6.438424017188297111e-46
5.657000000000000000e+03 6.089738069168178558e-46
5.658000000000000000e+03 6.171990946589863121e-46
5.659000000000000000e+03 6.051918969729969153e-46
5.660000000000000000e+03 5.087532548584679468e-46
5.661000000000000000e+03 5.696522166368680425e-46
5.662000000000000000e+03 5.878611956949027009e-46
5.663000000000000000e+03 5.420206702271649107e-46
5.664000000000000000e+03 4.958939302007287248e-46
5.665000000000000000e+03 6.554452931102400317e-46
5.666000000000000000e+03 6.492989917264176429e-46
5.667000000000000000e+03 6.918018750286774695e-46
5.668000000000000000e+03 6.652894179419550542e-46
5.669000000000000000e+03 6.403792829942122324e-46
5.670000000000000000e+03 7.067897438720886239e-46
5.671000000000000000e+03 6.465033405271597681e-46
5.672000000000000000e+03 5.799231855963075384e-46
5.673000000000000000e+03 6.489131170916822310e-46
5.674000000000000000e+03 6.364896702777505247e-46
5.675000000000000000e+03 5.541367075397030562e-46
5.676000000000000000e+03 7.520925540551282711e-46
5.677000000000000000e+03 9.523918788664403012e-46
5.678000000000000000e+03 7.464173964514285610e-46
5.679000000000000000e+03 5.292065316666532164e-46
5.680000000000000000e+03 6.288104088679686794e-46
5.681000000000000000e+03 6.083202806068987983e-46
5.682000000000000000e+03 6.012929659428362156e-46
5.683000000000000000e+03 6.312415144364035520e-46
5.684000000000000000e+03 8.257701947369833069e-46
5.685000000000000000e+03 7.951760216545035902e-46
5.686000000000000000e+03 6.143920493019996817e-46
5.687000000000000000e+03 5.440530847615347868e-46
5.688000000000000000e+03 7.515703619529187865e-46
5.689000000000000000e+03 7.922567694688297522e-46
5.690000000000000000e+03 6.615472530668248773e-46
5.691000000000000000e+03 5.590123523296363079e-46
5.692000000000000000e+03 7.034430230612410578e-46
5.693000000000000000e+03 6.543630444504246611e-46
5.694000000000000000e+03 6.605403366198538244e-46
5.695000000000000000e+03 5.463574302655893114e-46
5.696000000000000000e+03 5.287721950118514610e-46
5.697000000000000000e+03 6.212270254992575131e-46
5.698000000000000000e+03 6.584435484300605518e-46
5.699000000000000000e+03 7.039211267473763434e-46
5.700000000000000000e+03 1.285001630834805585e-45
5.701000000000000000e+03 1.455559430070456570e-45
5.702000000000000000e+03 5.536252584681435713e-46
5.703000000000000000e+03 5.290328534755403336e-46
5.704000000000000000e+03 6.186942511910268336e-46
5.705000000000000000e+03 6.889662549919502776e-46
5.706000000000000000e+03 8.512740593611783310e-46
5.707000000000000000e+03 7.038452395027920426e-46
5.708000000000000000e+03 5.347640817181695607e-46
5.709000000000000000e+03 5.443392138528379922e-46
5.710000000000000000e+03 5.864826600433615220e-46
5.711000000000000000e+03 7.506450718683261668e-46
5.712000000000000000e+03 7.289195561881651321e-46
5.713000000000000000e+03 5.658775472734740003e-46
5.714000000000000000e+03 6.742120351195467523e-46
5.715000000000000000e+03 6.507731046701309346e-46
5.716000000000000000e+03 6.395489775471017065e-46
5.717000000000000000e+03 6.365045955353765490e-46
5.718000000000000000e+03 5.413497418874468325e-46
5.719000000000000000e+03 7.495142940093946687e-46
5.720000000000000000e+03 7.503458312725384554e-46
5.721000000000000000e+03 5.950777903713045324e-46
5.722000000000000000e+03 7.538122542022179895e-46
5.723000000000000000e+03 6.068142546503708789e-46
5.724000000000000000e+03 6.488774562406043197e-46
5.725000000000000000e+03 5.996010108319669566e-46
5.726000000000000000e+03 5.441202474282197013e-46
5.727000000000000000e+03 6.569939329739944288e-46
5.728000000000000000e+03 6.316718874218213940e-46
5.729000000000000000e+03 6.348571828697129211e-46
5.730000000000000000e+03 5.509094532892777221e-46
5.731000000000000000e+03 5.775135298829594993e-46
5.732000000000000000e+03 7.238821855158009460e-46
5.733000000000000000e+03 6.454042738010794580e-46
5.734000000000000000e+03 6.917662489172582055e-46
5.735000000000000000e+03 6.962317209299143986e-46
5.736000000000000000e+03 6.735242441530497149e-46
5.737000000000000000e+03 6.691182099705396392e-46
5.738000000000000000e+03 5.804679765509798577e-46
5.739000000000000000e+03 6.998781132904515543e-46
5.740000000000000000e+03 6.431269204500351799e-46
5.741000000000000000e+03 6.551978203312963328e-46
5.742000000000000000e+03 6.830749361127213963e-46
5.743000000000000000e+03 6.764612318651289235e-46
5.744000000000000000e+03 6.620480453272665155e-46
5.745000000000000000e+03 6.955523728805516563e-46
5.746000000000000000e+03 6.998815519048761995e-46
5.747000000000000000e+03 7.126470600595543816e-46
5.748000000000000000e+03 6.739396460519453047e-46
5.749000000000000000e+03 7.419495739578681762e-46
5.750000000000000000e+03 7.382224397244793944e-46
5.751000000000000000e+03 7.255821429086184364e-46
5.752000000000000000e+03 6.963180634041973636e-46
5.753000000000000000e+03 7.447939709577134476e-46
5.754000000000000000e+03 6.479971820936339138e-46
5.755000000000000000e+03 6.126175854429607696e-46
5.756000000000000000e+03 5.291007348906866473e-46
5.757000000000000000e+03 4.572912365839819937e-46
5.758000000000000000e+03 5.826568170194070814e-46
5.759000000000000000e+03 7.335373323480732243e-46
5.760000000000000000e+03 6.480322334692965321e-46
5.761000000000000000e+03 6.071164461165500724e-46
5.762000000000000000e+03 6.003953838172431333e-46
5.763000000000000000e+03 6.849492176435162633e-46
5.764000000000000000e+03 6.370541778273324569e-46
5.765000000000000000e+03 5.986259796774452168e-46
5.766000000000000000e+03 6.648044143895586752e-46
5.767000000000000000e+03 6.364332011087051996e-46
5.768000000000000000e+03 6.713820041833276428e-46
5.769000000000000000e+03 7.343948701708439173e-46
5.770000000000000000e+03 7.097972821591707280e-46
5.771000000000000000e+03 7.969393274958920656e-46
5.772000000000000000e+03 7.598821938624919700e-46
5.773000000000000000e+03 7.452562436159355003e-46
5.774000000000000000e+03 6.633399289556750385e-46
5.775000000000000000e+03 7.553965793017030791e-46
5.776000000000000000e+03 8.675993605210411600e-46
5.777000000000000000e+03 8.862466293399605649e-46
5.778000000000000000e+03 8.465255427717189366e-46
5.779000000000000000e+03 7.779178762457843925e-46
5.780000000000000000e+03 7.910602024420361537e-46
5.781000000000000000e+03 6.615333675293784636e-46
5.782000000000000000e+03 6.432324242152702946e-46
5.783000000000000000e+03 7.109648685447063277e-46
5.784000000000000000e+03 7.281369355663916091e-46
5.785000000000000000e+03 6.395344820976474052e-46
5.786000000000000000e+03 5.070558631402987291e-46
5.787000000000000000e+03 5.435267845313831050e-46
5.788000000000000000e+03 5.015102837351132116e-46
5.789000000000000000e+03 6.737503642213293586e-46
5.790000000000000000e+03 7.089278114206614619e-46
5.791000000000000000e+03 7.228366648126583485e-46
5.792000000000000000e+03 5.397465682764598002e-46
5.793000000000000000e+03 6.253637497114145865e-46
5.794000000000000000e+03 7.961309784436660077e-46
5.795000000000000000e+03 6.199492897171527713e-46
5.796000000000000000e+03 5.267406308490842780e-46
5.797000000000000000e+03 6.836049462051557581e-46
5.798000000000000000e+03 9.003100378177884220e-46
5.799000000000000000e+03 7.594694184708043455e-46
5.800000000000000000e+03 8.183214242616448434e-46
5.801000000000000000e+03 7.151103101556631226e-46
5.802000000000000000e+03 6.306124522328061095e-46
5.803000000000000000e+03 4.468887106127731143e-46
5.804000000000000000e+03 5.502803264308581032e-46
5.805000000000000000e+03 6.080601465814510333e-46
5.806000000000000000e+03 8.073981736368371614e-46
5.807000000000000000e+03 8.338510373068317188e-46
5.808000000000000000e+03 7.162367537842181710e-46
5.809000000000000000e+03 5.551104141983073250e-46
5.810000000000000000e+03 6.593611227175562197e-46
5.811000000000000000e+03 7.674458179008650356e-46
5.812000000000000000e+03 6.670804970779245321e-46
5.813000000000000000e+03 6.426592033983291149e-46
5.814000000000000000e+03 6.019333593450023755e-46
5.815000000000000000e+03 6.143099468983162599e-46
5.816000000000000000e+03 7.899812243988672379e-46
5.817000000000000000e+03 8.868529740063462919e-46
5.818000000000000000e+03 7.373162604666107516e-46
5.819000000000000000e+03 6.612365429406953791e-46
5.820000000000000000e+03 6.103286641754110690e-46
5.821000000000000000e+03 6.674936500235022506e-46
5.822000000000000000e+03 5.337699013797178239e-46
5.823000000000000000e+03 6.284195594691461827e-46
5.824000000000000000e+03 8.365410874634898141e-46
5.825000000000000000e+03 9.046408304556517003e-46
5.826000000000000000e+03 7.116024882059974588e-46
5.827000000000000000e+03 6.096197669093109315e-46
5.828000000000000000e+03 6.155633471786096777e-46
5.829000000000000000e+03 4.875316759166404034e-46
5.830000000000000000e+03 6.708570547731581813e-46
5.831000000000000000e+03 8.257875120407044546e-46
5.832000000000000000e+03 6.153804802869228976e-46
5.833000000000000000e+03 6.434727530809988804e-46
5.834000000000000000e+03 6.862658605034203737e-46
5.835000000000000000e+03 6.133983421505637521e-46
5.836000000000000000e+03 6.001413487591816743e-46
5.837000000000000000e+03 7.795778997265188931e-46
5.838000000000000000e+03 6.766125564576334423e-46
5.839000000000000000e+03 7.490550319258404034e-46
5.840000000000000000e+03 8.456250307496158765e-46
5.841000000000000000e+03 8.793814354037289254e-46
5.842000000000000000e+03 7.590294671945356278e-46
5.843000000000000000e+03 7.815955608834766316e-46
5.844000000000000000e+03 1.563899564850731869e-45
5.845000000000000000e+03 2.012302592900569661e-45
5.846000000000000000e+03 1.312246509898197211e-45
5.847000000000000000e+03 6.374537639037681835e-46
5.848000000000000000e+03 6.274134267499815623e-46
5.849000000000000000e+03 7.454190560881653464e-46
5.850000000000000000e+03 7.475748814430378409e-46
5.851000000000000000e+03 6.516560835804993620e-46
5.852000000000000000e+03 6.155482639503545698e-46
5.853000000000000000e+03 5.972982346247044019e-46
5.854000000000000000e+03 6.196159532035251532e-46
5.855000000000000000e+03 6.945993441405019250e-46
5.856000000000000000e+03 6.389711307983135850e-46
5.857000000000000000e+03 6.625342418456985789e-46
5.858000000000000000e+03 7.408891042261304361e-46
5.859000000000000000e+03 6.807612211352245599e-46
5.860000000000000000e+03 7.253223133855083614e-46
5.861000000000000000e+03 7.108645681141441005e-46
5.862000000000000000e+03 7.491792782661769518e-46
5.863000000000000000e+03 6.241174768873164582e-46
5.864000000000000000e+03 7.600471800428532398e-46
5.865000000000000000e+03 6.937978186047278851e-46
5.866000000000000000e+03 6.464827590586942237e-46
5.867000000000000000e+03 9.293046661044917849e-46
5.868000000000000000e+03 7.412476302764512942e-46
5.869000000000000000e+03 5.712386481319506274e-46
5.870000000000000000e+03 6.724491626186154512e-46
5.871000000000000000e+03 6.728723304789306237e-46
5.872000000000000000e+03 5.289152850128045040e-46
5.873000000000000000e+03 5.445769600096697089e-46
5.874000000000000000e+03 5.832774817425312816e-46
5.875000000000000000e+03 7.332572116870691019e-46
5.876000000000000000e+03 7.247444457772831759e-46
5.877000000000000000e+03 6.767751434400487186e-46
5.878000000000000000e+03 7.851362048622705693e-46
5.879000000000000000e+03 7.215480748063528424e-46
5.880000000000000000e+03 6.402597297827917728e-46
5.881000000000000000e+03 5.899964437676707239e-46
5.882000000000000000e+03 7.134712996993578375e-46
5.883000000000000000e+03 6.188730045376748887e-46
5.884000000000000000e+03 7.371854426378313370e-46
5.885000000000000000e+03 7.932019106630299983e-46
5.886000000000000000e+03 7.807677544855690119e-46
5.887000000000000000e+03 8.976796220180496003e-46
5.888000000000000000e+03 6.746227262184980507e-46
5.889000000000000000e+03 7.473700117744021030e-46
5.890000000000000000e+03 7.307423150210541636e-46
5.891000000000000000e+03 6.848814280573600448e-46
5.892000000000000000e+03 7.397385319120933786e-46
5.893000000000000000e+03 8.926560447285368489e-46
5.894000000000000000e+03 7.920052027851780416e-46
5.895000000000000000e+03 6.271946757433980467e-46
5.896000000000000000e+03 7.102067195926805850e-46
5.897000000000000000e+03 6.711853035607494979e-46
5.898000000000000000e+03 6.421526792905443843e-46
5.899000000000000000e+03 8.439836372913210742e-46
5.900000000000000000e+03 8.018467117915731225e-46
5.901000000000000000e+03 7.482793252992980241e-46
5.902000000000000000e+03 7.921191057697751566e-46
5.903000000000000000e+03 7.410257600229365372e-46
5.904000000000000000e+03 7.662214545455603106e-46
5.905000000000000000e+03 6.930936869382642639e-46
5.906000000000000000e+03 6.483548240308260326e-46
5.907000000000000000e+03 6.600433915426503401e-46
5.908000000000000000e+03 6.682375221086237504e-46
5.909000000000000000e+03 6.042423988942425241e-46
5.910000000000000000e+03 6.607394295945604379e-46
5.911000000000000000e+03 6.635902297755192474e-46
5.912000000000000000e+03 7.732902872081452105e-46
5.913000000000000000e+03 6.574446532358053707e-46
5.914000000000000000e+03 4.904768512532006898e-46
5.915000000000000000e+03 6.967138807582001463e-46
5.916000000000000000e+03 7.511678255470652967e-46
5.917000000000000000e+03 6.795310315233655927e-46
5.918000000000000000e+03 6.729136080566843056e-46
5.919000000000000000e+03 5.719529908837159638e-46
5.920000000000000000e+03 7.296147931221103218e-46
5.921000000000000000e+03 9.074898602292724430e-46
5.922000000000000000e+03 8.460596551094270295e-46
5.923000000000000000e+03 7.585624668258278523e-46
5.924000000000000000e+03 7.262813422567466111e-46
5.925000000000000000e+03 6.827926713055678256e-46
5.926000000000000000e+03 6.550345445212928028e-46
5.927000000000000000e+03 7.042931709982083277e-46
5.928000000000000000e+03 6.869357069894697085e-46
5.929000000000000000e+03 7.594811847776044430e-46
5.930000000000000000e+03 6.834145124268690611e-46
5.931000000000000000e+03 6.439678895876028272e-46
5.932000000000000000e+03 9.045587140818417822e-46
5.933000000000000000e+03 1.332600060734763489e-45
5.934000000000000000e+03 3.650360579357277640e-44
5.935000000000000000e+03 2.926524469346899040e-43
5.936000000000000000e+03 2.012137067475957167e-43
5.937000000000000000e+03 7.069379405038515275e-45
5.938000000000000000e+03 7.630818913561164096e-46
5.939000000000000000e+03 8.526125266136001985e-46
5.940000000000000000e+03 8.127844993068435117e-46
5.941000000000000000e+03 1.218891053258839779e-45
5.942000000000000000e+03 1.963876777794802157e-45
5.943000000000000000e+03 2.682794896155785276e-45
5.944000000000000000e+03 7.835451567392460241e-45
5.945000000000000000e+03 2.333366107002448434e-43
5.946000000000000000e+03 9.044044254626608511e-42
5.947000000000000000e+03 1.145257071223214502e-41
5.948000000000000000e+03 7.238426734121780109e-43
5.949000000000000000e+03 1.278982936090032266e-44
5.950000000000000000e+03 2.934029022991841380e-43
5.951000000000000000e+03 8.225406017257251562e-43
5.952000000000000000e+03 2.127257849237913906e-43
5.953000000000000000e+03 2.723596761238157931e-44
5.954000000000000000e+03 7.986977289780779221e-45
5.955000000000000000e+03 9.482365511730235907e-44
5.956000000000000000e+03 6.342162969191556377e-44
5.957000000000000000e+03 3.360011983524546122e-44
5.958000000000000000e+03 2.067862975707079195e-43
5.959000000000000000e+03 9.418678625851671122e-44
5.960000000000000000e+03 7.197995568098366551e-44
5.961000000000000000e+03 2.530864488591651209e-44
5.962000000000000000e+03 1.084536117952869309e-44
5.963000000000000000e+03 4.865431450336844827e-44
5.964000000000000000e+03 3.190626460799039228e-43
5.965000000000000000e+03 1.324575588524353963e-43
5.966000000000000000e+03 1.466884454802655224e-44
5.967000000000000000e+03 9.225012043525745532e-44
5.968000000000000000e+03 7.982996564868734367e-44
5.969000000000000000e+03 3.832961062346606163e-45
5.970000000000000000e+03 1.479165305218589417e-45
5.971000000000000000e+03 2.703146446371231632e-45
5.972000000000000000e+03 3.943476373443881180e-45
5.973000000000000000e+03 1.530013149159030473e-44
5.974000000000000000e+03 1.051215060363827892e-44
5.975000000000000000e+03 1.313967227682798899e-45
5.976000000000000000e+03 9.491207849103163348e-46
5.977000000000000000e+03 1.099822785807160897e-45
5.978000000000000000e+03 9.579048419914526344e-46
5.979000000000000000e+03 7.713769615724614509e-46
5.980000000000000000e+03 8.778591419783084487e-46
5.981000000000000000e+03 1.176653386374661290e-45
5.982000000000000000e+03 1.438767440539749723e-45
5.983000000000000000e+03 9.527420579835804310e-46
5.984000000000000000e+03 1.053636255415391395e-45
5.985000000000000000e+03 9.115884494466192415e-46
5.986000000000000000e+03 9.689874801747704565e-46
5.987000000000000000e+03 1.019820295403456115e-45
5.988000000000000000e+03 1.035708338018310905e-45
5.989000000000000000e+03 8.671002050901588642e-46
5.990000000000000000e+03 7.503164321286744273e-46
5.991000000000000000e+03 7.526759431762476215e-46
5.992000000000000000e+03 1.081908096948589061e-45
5.993000000000000000e+03 8.219795363901747872e-46
5.994000000000000000e+03 6.545437883808589442e-46
5.995000000000000000e+03 6.973705705798897177e-46
5.996000000000000000e+03 6.464743615566173950e-46
5.997000000000000000e+03 6.022031682560075169e-46
5.998000000000000000e+03 6.672465049539305038e-46
5.999000000000000000e+03 8.870366568592487576e-46
6.000000000000000000e+03 9.088832964000235373e-46
6.001000000000000000e+03 8.213597337827478595e-46
6.002000000000000000e+03 7.697900434810147942e-46
6.003000000000000000e+03 8.046431137303032252e-46
6.004000000000000000e+03 9.165601117574825082e-46
6.005000000000000000e+03 1.095890041374308353e-45
6.006000000000000000e+03 9.253216559579684015e-46
6.007000000000000000e+03 7.426364733115504764e-46
6.008000000000000000e+03 8.160159333384114643e-46
6.009000000000000000e+03 8.401652463009876760e-46
6.010000000000000000e+03 8.633113291821319659e-46
6.011000000000000000e+03 8.079981970661603954e-46
6.012000000000000000e+03 6.928386463649846559e-46
6.013000000000000000e+03 6.428059043010217927e-46
6.014000000000000000e+03 8.044647578533425715e-46
6.015000000000000000e+03 1.053793989731212285e-45
6.016000000000000000e+03 1.117961890953776399e-45
6.017000000000000000e+03 1.138888195967960282e-45
6.018000000000000000e+03 9.637687260636960326e-46
6.019000000000000000e+03 8.148249188967748527e-46
6.020000000000000000e+03 8.222100405846798752e-46
6.021000000000000000e+03 8.083103854366140830e-46
6.022000000000000000e+03 9.727427988829598115e-46
6.023000000000000000e+03 7.251950030556715081e-46
6.024000000000000000e+03 5.932164716540700075e-46
6.025000000000000000e+03 7.637654072797468019e-46
6.026000000000000000e+03 7.114243497091889198e-46
6.027000000000000000e+03 7.145270328719066949e-46
6.028000000000000000e+03 8.059336502635160226e-46
6.029000000000000000e+03 1.021715356122389749e-45
6.030000000000000000e+03 1.775767711443854478e-45
6.031000000000000000e+03 1.180922868448707417e-45
6.032000000000000000e+03 6.279175168804165758e-46
6.033000000000000000e+03 5.947941838234373400e-46
6.034000000000000000e+03 6.713447948908915598e-46
6.035000000000000000e+03 6.573593904888226888e-46
6.036000000000000000e+03 8.645823497687130363e-46
6.037000000000000000e+03 2.022468055080711277e-45
6.038000000000000000e+03 5.022382412720206029e-44
6.039000000000000000e+03 1.657738875072417201e-42
6.040000000000000000e+03 1.924720207491174224e-42
6.041000000000000000e+03 1.584457571337350562e-43
6.042000000000000000e+03 2.163716632484090271e-42
6.043000000000000000e+03 2.647685117094970438e-42
6.044000000000000000e+03 5.807935722133710643e-43
6.045000000000000000e+03 3.371622704211871971e-43
6.046000000000000000e+03 9.589616232690493604e-45
6.047000000000000000e+03 1.382249031269633811e-45
6.048000000000000000e+03 1.194570247506464955e-45
6.049000000000000000e+03 6.918163190832123338e-45
6.050000000000000000e+03 3.336315137984056206e-43
6.051000000000000000e+03 7.132460500199350318e-43
6.052000000000000000e+03 9.740186253966341019e-44
6.053000000000000000e+03 1.796363732453547700e-45
6.054000000000000000e+03 1.608519075393204395e-44
6.055000000000000000e+03 8.845331092888415742e-43
6.056000000000000000e+03 1.399701465115620492e-42
6.057000000000000000e+03 1.198925222798078472e-43
6.058000000000000000e+03 1.985536296934534090e-45
6.059000000000000000e+03 8.422488461692868722e-46
6.060000000000000000e+03 7.372555819434823361e-46
6.061000000000000000e+03 2.250454645651889010e-45
6.062000000000000000e+03 3.860191047548971998e-45
6.063000000000000000e+03 1.184341728045184211e-45
6.064000000000000000e+03 7.727591745964718030e-46
6.065000000000000000e+03 8.588221719653978203e-45
6.066000000000000000e+03 2.654640381337524894e-44
6.067000000000000000e+03 7.465178413495797095e-45
6.068000000000000000e+03 7.821471228183202134e-46
6.069000000000000000e+03 8.217199799829222700e-46
6.070000000000000000e+03 8.340737056232049549e-46
6.071000000000000000e+03 9.520382108532719270e-46
6.072000000000000000e+03 8.688242715698832273e-46
6.073000000000000000e+03 1.570573714149281278e-45
6.074000000000000000e+03 1.973218161264682016e-45
6.075000000000000000e+03 9.682351220402752932e-46
6.076000000000000000e+03 8.207158035284667066e-46
6.077000000000000000e+03 7.059106194217262954e-46
6.078000000000000000e+03 5.542883873464194198e-46
6.079000000000000000e+03 5.817525397023457828e-46
6.080000000000000000e+03 6.492174603954951023e-46
6.081000000000000000e+03 7.094080716838359999e-46
6.082000000000000000e+03 6.801166641642164629e-46
6.083000000000000000e+03 6.760897999080119273e-46
6.084000000000000000e+03 7.180037563823521682e-46
6.085000000000000000e+03 6.580920943509895190e-46
6.086000000000000000e+03 8.521641505375906838e-46
6.087000000000000000e+03 9.883574686897609954e-46
6.088000000000000000e+03 1.008519780373610150e-45
6.089000000000000000e+03 4.847247036706288319e-45
6.090000000000000000e+03 1.152546072652449925e-44
6.091000000000000000e+03 6.856740741247544218e-45
6.092000000000000000e+03 1.119538408866948320e-45
6.093000000000000000e+03 8.642800903684852092e-46
6.094000000000000000e+03 2.962910147917657418e-45
6.095000000000000000e+03 5.469213274868727264e-45
6.096000000000000000e+03 1.933242853910385670e-45
6.097000000000000000e+03 6.453591845598022458e-46
6.098000000000000000e+03 7.211074741663277073e-46
6.099000000000000000e+03 7.566383191948511633e-46
6.100000000000000000e+03 8.418372779186342927e-46
6.101000000000000000e+03 1.008149854608725190e-45
6.102000000000000000e+03 8.580394937470517781e-46
6.103000000000000000e+03 7.131718768380977289e-46
6.104000000000000000e+03 7.004375139419236348e-46
6.105000000000000000e+03 5.472092697996542955e-46
6.106000000000000000e+03 6.189885508639722700e-46
6.107000000000000000e+03 7.528790562881207421e-46
6.108000000000000000e+03 7.661083603165237431e-46
6.109000000000000000e+03 9.048699154068968208e-46
6.110000000000000000e+03 2.427882763000216500e-45
6.111000000000000000e+03 1.525672285290545847e-45
6.112000000000000000e+03 8.588343728538312266e-46
6.113000000000000000e+03 9.157491944299189259e-46
6.114000000000000000e+03 2.159934606578007833e-45
6.115000000000000000e+03 1.647419294913067553e-45
6.116000000000000000e+03 2.468044542188130847e-45
6.117000000000000000e+03 4.020417346737811756e-45
6.118000000000000000e+03 1.911813401556396545e-45
6.119000000000000000e+03 6.434954717168140899e-46
6.120000000000000000e+03 6.058328542687098658e-46
6.121000000000000000e+03 6.147068380087890972e-46
6.122000000000000000e+03 7.225302035135517045e-46
6.123000000000000000e+03 8.105784043795838937e-46
6.124000000000000000e+03 9.022455554587832479e-46
6.125000000000000000e+03 2.207515123319986287e-45
6.126000000000000000e+03 6.510408545227114865e-45
6.127000000000000000e+03 2.594677557207026486e-45
6.128000000000000000e+03 7.844776620213228732e-46
6.129000000000000000e+03 7.031466509141327885e-46
6.130000000000000000e+03 7.807553400461467694e-46
6.131000000000000000e+03 1.018576319627655096e-45
6.132000000000000000e+03 1.185770108416918420e-45
6.133000000000000000e+03 8.609247088045546468e-46
6.134000000000000000e+03 7.261232408448501402e-46
6.135000000000000000e+03 8.212944998889627142e-46
6.136000000000000000e+03 8.868618718114820172e-46
6.137000000000000000e+03 8.571260458089123063e-46
6.138000000000000000e+03 7.694315475701608391e-46
6.139000000000000000e+03 6.681866798491225917e-46
6.140000000000000000e+03 7.052440831590837553e-46
6.141000000000000000e+03 9.230568796939522793e-46
6.142000000000000000e+03 7.456687419957433325e-45
6.143000000000000000e+03 7.281025090913267659e-44
6.144000000000000000e+03 1.542150826207571605e-43
6.145000000000000000e+03 7.459839268742897578e-44
6.146000000000000000e+03 6.981957879823804087e-45
6.147000000000000000e+03 8.495836492475514175e-46
6.148000000000000000e+03 8.518144822813119499e-46
6.149000000000000000e+03 9.432444528424962159e-46
6.150000000000000000e+03 7.983349201797493314e-46
6.151000000000000000e+03 6.803293695778469970e-46
6.152000000000000000e+03 7.963288429810062569e-46
6.153000000000000000e+03 7.392169378662630328e-46
6.154000000000000000e+03 7.363257063955832279e-46
6.155000000000000000e+03 8.686600720152297848e-46
6.156000000000000000e+03 9.885402950446071626e-46
6.157000000000000000e+03 7.714622017644679908e-46
6.158000000000000000e+03 7.328163525878746890e-46
6.159000000000000000e+03 6.901041266122661056e-46
6.160000000000000000e+03 6.844510663600355365e-46
6.161000000000000000e+03 8.229697174870029377e-46
6.162000000000000000e+03 9.515518167412103928e-46
6.163000000000000000e+03 7.433631639780713097e-46
6.164000000000000000e+03 9.023392300607820846e-46
6.165000000000000000e+03 1.064146779375416967e-45
6.166000000000000000e+03 1.825991102400272478e-45
6.167000000000000000e+03 1.638036905271354613e-45
6.168000000000000000e+03 1.421563968452510081e-45
6.169000000000000000e+03 1.301347546698025584e-45
6.170000000000000000e+03 8.969348993881862649e-46
6.171000000000000000e+03 8.411413218060789637e-46
6.172000000000000000e+03 7.817274557043847615e-46
6.173000000000000000e+03 7.746298237459131365e-46
6.174000000000000000e+03 7.860448876997343452e-46
6.175000000000000000e+03 8.053557876050031352e-46
6.176000000000000000e+03 6.854486751464712716e-46
6.177000000000000000e+03 5.710198136536699738e-46
6.178000000000000000e+03 6.938948226947704517e-46
6.179000000000000000e+03 1.484562749546884014e-45
6.180000000000000000e+03 6.698195568684429307e-45
6.181000000000000000e+03 4.934566978539259189e-45
6.182000000000000000e+03 8.304829284296652370e-46
6.183000000000000000e+03 6.329193242971124466e-46
6.184000000000000000e+03 7.787753148101422799e-46
6.185000000000000000e+03 7.922051250238301511e-46
6.186000000000000000e+03 8.189675977116928636e-46
6.187000000000000000e+03 7.798937331953851652e-46
6.188000000000000000e+03 7.250145564519575717e-46
6.189000000000000000e+03 7.751678850923587978e-46
6.190000000000000000e+03 9.163870703847577276e-46
6.191000000000000000e+03 7.945110163517479539e-46
6.192000000000000000e+03 6.405117838757795485e-46
6.193000000000000000e+03 7.249135216795439484e-46
6.194000000000000000e+03 7.054673136825470392e-46
6.195000000000000000e+03 7.810480482100241450e-46
6.196000000000000000e+03 8.724468958013512798e-46
6.197000000000000000e+03 6.999607418809415527e-46
6.198000000000000000e+03 6.789756445656887041e-46
6.199000000000000000e+03 6.918682321445593368e-46
6.200000000000000000e+03 7.592674221734910093e-46
6.201000000000000000e+03 7.273707675033103482e-46
6.202000000000000000e+03 7.453027293862222735e-46
6.203000000000000000e+03 8.445631211074360279e-46
6.204000000000000000e+03 6.953333670342157850e-46
6.205000000000000000e+03 5.854193477388385746e-46
6.206000000000000000e+03 5.343196500336448451e-46
6.207000000000000000e+03 6.239383370665333431e-46
6.208000000000000000e+03 7.439711340619825172e-46
6.209000000000000000e+03 7.587549527423106399e-46
6.210000000000000000e+03 8.693551444456605457e-46
6.211000000000000000e+03 8.107710011807794657e-46
6.212000000000000000e+03 9.007156246350901082e-46
6.213000000000000000e+03 1.867218187962207239e-45
6.214000000000000000e+03 1.305009879002902542e-45
6.215000000000000000e+03 6.932182892046009891e-46
6.216000000000000000e+03 6.554738606769922980e-46
6.217000000000000000e+03 7.355720571847820041e-46
6.218000000000000000e+03 7.576103006362993292e-46
6.219000000000000000e+03 6.278721297872701146e-46
6.220000000000000000e+03 7.339094052873578621e-46
6.221000000000000000e+03 8.670693824223583207e-46
6.222000000000000000e+03 8.330429913474149885e-46
6.223000000000000000e+03 7.110336409601006692e-46
6.224000000000000000e+03 6.873590415731155236e-46
6.225000000000000000e+03 6.626140359799368116e-46
6.226000000000000000e+03 6.040681305965626752e-46
6.227000000000000000e+03 7.678258469750882146e-46
6.228000000000000000e+03 8.914515523206839123e-46
6.229000000000000000e+03 7.525967433525727530e-46
6.230000000000000000e+03 8.674931939447730187e-46
6.231000000000000000e+03 1.013908506338354546e-45
6.232000000000000000e+03 8.328506733537764973e-46
6.233000000000000000e+03 7.976689036322383011e-46
6.234000000000000000e+03 8.302312545058617572e-46
6.235000000000000000e+03 8.514819080231023306e-46
6.236000000000000000e+03 7.610607755208326563e-46
6.237000000000000000e+03 6.140127793337004106e-46
6.238000000000000000e+03 5.789937480624723604e-46
6.239000000000000000e+03 1.485004921632427707e-45
6.240000000000000000e+03 4.545492186019024095e-45
6.241000000000000000e+03 2.173058131312122682e-45
6.242000000000000000e+03 7.641910781310722656e-46
6.243000000000000000e+03 6.625847209615646517e-46
6.244000000000000000e+03 7.115791975106981210e-46
6.245000000000000000e+03 7.751563462421686833e-46
6.246000000000000000e+03 9.195256496088580990e-46
6.247000000000000000e+03 7.428980729137391518e-46
6.248000000000000000e+03 6.146287477462312519e-46
6.249000000000000000e+03 6.424793764616831203e-46
6.250000000000000000e+03 6.794807988403463181e-46
6.251000000000000000e+03 6.481535783594192516e-46
6.252000000000000000e+03 6.429167123552424579e-46
6.253000000000000000e+03 6.415798909872197738e-46
6.254000000000000000e+03 7.880926783454869216e-46
6.255000000000000000e+03 8.171161949971487834e-46
6.256000000000000000e+03 7.440077110350311912e-46
6.257000000000000000e+03 8.734948144964561479e-46
6.258000000000000000e+03 9.101358056703623459e-46
6.259000000000000000e+03 8.573109348461951684e-46
6.260000000000000000e+03 8.634376251099795367e-46
6.261000000000000000e+03 8.767131640759174260e-46
6.262000000000000000e+03 8.022025128976984692e-46
6.263000000000000000e+03 6.083346874912100573e-46
6.264000000000000000e+03 5.951874825235869392e-46
6.265000000000000000e+03 6.743564074887155377e-46
6.266000000000000000e+03 8.515598035330553739e-46
6.267000000000000000e+03 8.517793768088184453e-46
6.268000000000000000e+03 7.723689372076126889e-46
6.269000000000000000e+03 7.092405264537638892e-46
6.270000000000000000e+03 6.410132246750015698e-46
6.271000000000000000e+03 7.674293538892400883e-46
6.272000000000000000e+03 7.881860194053786654e-46
6.273000000000000000e+03 7.952086366262092467e-46
6.274000000000000000e+03 7.295625449843065919e-46
6.275000000000000000e+03 7.040260405908384865e-46
6.276000000000000000e+03 7.643546934438212960e-46
6.277000000000000000e+03 8.411419582506047212e-46
6.278000000000000000e+03 8.115256858528176330e-46
6.279000000000000000e+03 7.664156214313098664e-46
6.280000000000000000e+03 8.410690222733310633e-46
6.281000000000000000e+03 5.863198512523346607e-46
6.282000000000000000e+03 5.499915884542355617e-46
6.283000000000000000e+03 7.105330883530887328e-46
6.284000000000000000e+03 6.936051486912046196e-46
6.285000000000000000e+03 6.595200485219041344e-46
6.286000000000000000e+03 7.848233603227854948e-46
6.287000000000000000e+03 7.388480436408258261e-46
6.288000000000000000e+03 6.861330825278933896e-46
6.289000000000000000e+03 7.762533873416363160e-46
6.290000000000000000e+03 7.095670610459073999e-46
6.291000000000000000e+03 7.883178740984528502e-46
6.292000000000000000e+03 8.219538663826638432e-46
6.293000000000000000e+03 9.319082532933541492e-46
6.294000000000000000e+03 7.732087205903202267e-46
6.295000000000000000e+03 6.673189539241823005e-46
6.296000000000000000e+03 7.947487307213739146e-46
6.297000000000000000e+03 8.783587016528648057e-46
6.298000000000000000e+03 6.919087495248742535e-46
6.299000000000000000e+03 6.716884714415320313e-46
6.300000000000000000e+03 8.073807922218202372e-46
6.301000000000000000e+03 8.302868042425043188e-46
6.302000000000000000e+03 6.527783938324162415e-46
6.303000000000000000e+03 8.051648322679278967e-46
6.304000000000000000e+03 8.391346542695407333e-46
6.305000000000000000e+03 8.824728956560887494e-46
6.306000000000000000e+03 7.646601684169742653e-46
6.307000000000000000e+03 8.019228619057590294e-46
6.308000000000000000e+03 9.263777905306577649e-46
6.309000000000000000e+03 8.120571801991221244e-46
6.310000000000000000e+03 8.240979887669534413e-46
6.311000000000000000e+03 8.114061267445470061e-46
6.312000000000000000e+03 6.246629131861345614e-46
6.313000000000000000e+03 7.235677303562910383e-46
6.314000000000000000e+03 8.791877456113862928e-46
6.315000000000000000e+03 7.153405843842192618e-46
6.316000000000000000e+03 5.206165644720498151e-46
6.317000000000000000e+03 4.994349525525887848e-46
6.318000000000000000e+03 6.368061714221737096e-46
6.319000000000000000e+03 7.586793952830901204e-46
6.320000000000000000e+03 6.082589380487012106e-46
6.321000000000000000e+03 7.478917330145622055e-46
6.322000000000000000e+03 7.720138332892848136e-46
6.323000000000000000e+03 7.788135918947349306e-46
6.324000000000000000e+03 7.850357719817663481e-46
6.325000000000000000e+03 7.181865202315013305e-46
6.326000000000000000e+03 6.377804144305298118e-46
6.327000000000000000e+03 7.836611596478408662e-46
6.328000000000000000e+03 8.737516503653052907e-46
6.329000000000000000e+03 7.985337856148393390e-46
6.330000000000000000e+03 7.099827798604893595e-46
6.331000000000000000e+03 7.206636549310351765e-46
6.332000000000000000e+03 6.832371507550305854e-46
6.333000000000000000e+03 5.748964310626805908e-46
6.334000000000000000e+03 6.827714230247233266e-46
6.335000000000000000e+03 7.221535237687413665e-46
6.336000000000000000e+03 7.594398624918220312e-46
6.337000000000000000e+03 8.322259958306124713e-46
6.338000000000000000e+03 8.516296145679709923e-46
6.339000000000000000e+03 9.531763196178354667e-46
6.340000000000000000e+03 8.780439188242679464e-46
6.341000000000000000e+03 7.037057829302472133e-46
6.342000000000000000e+03 7.022018776115345939e-46
6.343000000000000000e+03 6.404464503081582232e-46
6.344000000000000000e+03 6.424888274367374375e-46
6.345000000000000000e+03 7.324367997193187004e-46
6.346000000000000000e+03 8.644656616110490506e-46
6.347000000000000000e+03 7.195811304707658255e-46
6.348000000000000000e+03 8.571363623693142318e-46
6.349000000000000000e+03 7.580502412916475261e-46
6.350000000000000000e+03 7.047240442845718858e-46
6.351000000000000000e+03 7.592347603358428424e-46
6.352000000000000000e+03 7.460871291603708455e-46
6.353000000000000000e+03 7.784902207470964283e-46
6.354000000000000000e+03 7.847960192326882658e-46
6.355000000000000000e+03 6.758695813187420099e-46
6.356000000000000000e+03 9.306093639451003778e-46
6.357000000000000000e+03 9.863296679313454026e-46
6.358000000000000000e+03 8.357910518596330184e-46
6.359000000000000000e+03 7.995456369041812325e-46
6.360000000000000000e+03 9.382145654877326753e-46
6.361000000000000000e+03 9.054259758743858124e-46
6.362000000000000000e+03 7.181399135441685055e-46
6.363000000000000000e+03 7.409886892641542845e-46
6.364000000000000000e+03 8.489504760817090545e-46
6.365000000000000000e+03 8.764874851515062610e-46
6.366000000000000000e+03 7.850287638250158537e-46
6.367000000000000000e+03 6.652002451331631615e-46
6.368000000000000000e+03 7.850095555129046462e-46
6.369000000000000000e+03 1.036508684908384109e-45
6.370000000000000000e+03 9.673630942544990650e-46
6.371000000000000000e+03 9.725650668190198784e-46
6.372000000000000000e+03 1.076822242900353544e-45
6.373000000000000000e+03 1.030557076790541925e-45
6.374000000000000000e+03 1.138831987276797953e-45
6.375000000000000000e+03 1.357744048472415154e-45
6.376000000000000000e+03 1.569968128193222378e-45
6.377000000000000000e+03 1.964271629717176731e-45
6.378000000000000000e+03 2.083391351510440000e-45
6.379000000000000000e+03 1.582178000349848139e-45
6.380000000000000000e+03 1.544053711640303354e-45
6.381000000000000000e+03 1.716022084113820985e-45
6.382000000000000000e+03 1.391379312850704117e-45
6.383000000000000000e+03 1.127768099233993728e-45
6.384000000000000000e+03 1.008622312382868309e-45
6.385000000000000000e+03 8.059078859443410157e-46
6.386000000000000000e+03 1.104090336195556890e-45
6.387000000000000000e+03 1.068185263829256198e-45
6.388000000000000000e+03 8.242117265835976299e-46
6.389000000000000000e+03 8.228798747909356949e-46
6.390000000000000000e+03 8.380731629634287572e-46
6.391000000000000000e+03 9.710422879975198597e-46
6.392000000000000000e+03 8.303806731256463306e-46
6.393000000000000000e+03 7.900063799986485540e-46
6.394000000000000000e+03 7.787826576306361410e-46
6.395000000000000000e+03 9.452180670166870244e-46
6.396000000000000000e+03 9.135321104170434445e-46
6.397000000000000000e+03 6.996835691017837771e-46
6.398000000000000000e+03 8.299351881825753868e-46
6.399000000000000000e+03 8.517625766137435947e-46
6.400000000000000000e+03 8.302525709896359003e-46
6.401000000000000000e+03 9.790077878327754952e-46
6.402000000000000000e+03 1.017731361190210252e-45
6.403000000000000000e+03 9.163070092085497325e-46
6.404000000000000000e+03 7.476769803771491472e-46
6.405000000000000000e+03 9.636253225731190120e-46
6.406000000000000000e+03 8.124567888487125098e-46
6.407000000000000000e+03 7.364873841999879738e-46
6.408000000000000000e+03 6.985024793260879916e-46
6.409000000000000000e+03 7.582901248513217300e-46
6.410000000000000000e+03 6.660617077501006441e-46
6.411000000000000000e+03 6.272827100094190863e-46
6.412000000000000000e+03 7.833131155304211718e-46
6.413000000000000000e+03 6.484900975046391527e-46
6.414000000000000000e+03 6.242064033979255031e-46
6.415000000000000000e+03 7.725886425524083893e-46
6.416000000000000000e+03 8.790902088474472850e-46
6.417000000000000000e+03 8.060074440780189531e-46
6.418000000000000000e+03 7.615338057340450892e-46
6.419000000000000000e+03 9.264342990731649985e-46
6.420000000000000000e+03 9.067242797312402039e-46
6.421000000000000000e+03 7.856998202067152236e-46
6.422000000000000000e+03 7.885265301257213851e-46
6.423000000000000000e+03 8.140623490378077189e-46
6.424000000000000000e+03 8.709647675184746232e-46
6.425000000000000000e+03 6.942329423607230522e-46
6.426000000000000000e+03 6.597058818535221429e-46
6.427000000000000000e+03 7.313467485750359483e-46
6.428000000000000000e+03 8.285953620689758583e-46
6.429000000000000000e+03 6.429897808274005706e-46
6.430000000000000000e+03 7.074344744054930724e-46
6.431000000000000000e+03 7.050453211512497603e-46
6.432000000000000000e+03 6.792483433217136742e-46
6.433000000000000000e+03 7.010110597273870084e-46
6.434000000000000000e+03 6.860920281144902445e-46
6.435000000000000000e+03 8.069611775529423599e-46
6.436000000000000000e+03 8.240270342749807418e-46
6.437000000000000000e+03 6.615460545591947881e-46
6.438000000000000000e+03 7.543271751197715107e-46
6.439000000000000000e+03 8.443390408260311554e-46
6.440000000000000000e+03 7.136663741985432135e-46
6.441000000000000000e+03 7.164994282474020608e-46
6.442000000000000000e+03 7.758803618446994284e-46
6.443000000000000000e+03 7.882142850893224388e-46
6.444000000000000000e+03 7.083445067189207769e-46
6.445000000000000000e+03 6.650618547212825506e-46
6.446000000000000000e+03 7.852056564339058119e-46
6.447000000000000000e+03 7.145616082801014898e-46
6.448000000000000000e+03 6.630740945016822986e-46
6.449000000000000000e+03 7.809289293621951248e-46
6.450000000000000000e+03 8.379316646827017292e-46
6.451000000000000000e+03 6.915628242327664088e-46
6.452000000000000000e+03 7.087967311251038433e-46
6.453000000000000000e+03 6.837668127677168677e-46
6.454000000000000000e+03 6.949620679221292881e-46
6.455000000000000000e+03 7.936683512669246787e-46
6.456000000000000000e+03 7.864941294395549009e-46
6.457000000000000000e+03 7.439169141416406739e-46
6.458000000000000000e+03 7.369747550778502230e-46
6.459000000000000000e+03 6.732659005972072679e-46
6.460000000000000000e+03 5.495719273412147277e-46
6.461000000000000000e+03 6.886032643745327719e-46
6.462000000000000000e+03 8.050985118124532775e-46
6.463000000000000000e+03 7.275031545804671406e-46
6.464000000000000000e+03 8.661531881754568113e-46
6.465000000000000000e+03 8.608373497678948147e-46
6.466000000000000000e+03 7.821690957568273307e-46
6.467000000000000000e+03 9.064685020725929573e-46
6.468000000000000000e+03 8.479533533086916121e-46
6.469000000000000000e+03 9.846034868886855613e-46
6.470000000000000000e+03 1.068178006649187300e-45
6.471000000000000000e+03 7.644921130879329203e-46
6.472000000000000000e+03 6.109059971306793814e-46
6.473000000000000000e+03 6.052215024494770698e-46
6.474000000000000000e+03 6.889579064505588225e-46
6.475000000000000000e+03 5.549399969381943778e-46
6.476000000000000000e+03 5.916549802193485274e-46
6.477000000000000000e+03 6.164902408170910618e-46
6.478000000000000000e+03 6.945146813871035132e-46
6.479000000000000000e+03 8.663800147160437140e-46
6.480000000000000000e+03 7.520839005284277988e-46
6.481000000000000000e+03 8.667730345357304970e-46
6.482000000000000000e+03 8.006105012627332916e-46
6.483000000000000000e+03 7.334849690601085027e-46
6.484000000000000000e+03 6.563064820480017233e-46
6.485000000000000000e+03 6.701604516202869767e-46
6.486000000000000000e+03 5.557614628350252598e-46
6.487000000000000000e+03 5.198983446702010090e-46
6.488000000000000000e+03 7.691793550312036964e-46
6.489000000000000000e+03 7.814884783184370135e-46
6.490000000000000000e+03 7.310101676307873107e-46
6.491000000000000000e+03 8.800164378187996589e-46
6.492000000000000000e+03 7.137207140893624120e-46
6.493000000000000000e+03 6.559246838664053437e-46
6.494000000000000000e+03 6.700259903290790215e-46
6.495000000000000000e+03 7.134284678330866405e-45
6.496000000000000000e+03 2.865833565764796452e-44
6.497000000000000000e+03 8.376682429326008732e-45
6.498000000000000000e+03 6.404343964765275009e-46
6.499000000000000000e+03 7.089749600487931940e-46
6.500000000000000000e+03 8.030287501215503382e-46
6.501000000000000000e+03 8.344405347455838291e-46
6.502000000000000000e+03 7.570763660419426434e-46
6.503000000000000000e+03 1.153405922741578071e-45
6.504000000000000000e+03 1.368233312572434484e-44
6.505000000000000000e+03 1.533944690853440048e-44
6.506000000000000000e+03 1.987746870971480273e-45
6.507000000000000000e+03 8.648873668835058911e-46
6.508000000000000000e+03 9.197720482625246651e-46
6.509000000000000000e+03 8.493878578846757359e-46
6.510000000000000000e+03 7.804318209393933533e-46
6.511000000000000000e+03 7.102777398456005579e-46
6.512000000000000000e+03 2.462086016336277097e-45
6.513000000000000000e+03 5.818712802991777303e-45
6.514000000000000000e+03 2.411229146391109774e-45
6.515000000000000000e+03 9.674405941213703656e-46
6.516000000000000000e+03 7.818187866446816397e-46
6.517000000000000000e+03 7.720126071388353366e-46
6.518000000000000000e+03 1.127559901250177851e-45
6.519000000000000000e+03 9.384428074619905126e-45
6.520000000000000000e+03 1.080563374186676729e-44
6.521000000000000000e+03 1.174550442978381005e-45
6.522000000000000000e+03 9.214384873352428342e-46
6.523000000000000000e+03 9.721400296422152763e-46
6.524000000000000000e+03 8.390769493659084592e-46
6.525000000000000000e+03 7.302340018146583221e-46
6.526000000000000000e+03 7.110737538196518126e-46
6.527000000000000000e+03 7.733754056850323039e-46
6.528000000000000000e+03 7.615238452704970805e-46
6.529000000000000000e+03 6.537324010222117439e-46
6.530000000000000000e+03 7.562254000229684495e-46
6.531000000000000000e+03 7.911215768913745095e-46
6.532000000000000000e+03 8.308421741258203769e-46
6.533000000000000000e+03 8.796386949618163885e-46
6.534000000000000000e+03 7.993883633930918294e-46
6.535000000000000000e+03 7.283108678686221133e-46
6.536000000000000000e+03 7.954563924192587165e-46
6.537000000000000000e+03 7.737254211075666026e-46
6.538000000000000000e+03 7.485874652905595320e-46
6.539000000000000000e+03 1.142260821504667360e-45
6.540000000000000000e+03 1.098740108238384109e-45
6.541000000000000000e+03 7.312609855192782192e-46
6.542000000000000000e+03 8.112643206367867472e-46
6.543000000000000000e+03 1.500146314718717427e-45
6.544000000000000000e+03 2.180354104331434629e-45
6.545000000000000000e+03 8.827387317523736482e-46
6.546000000000000000e+03 2.654660157659480576e-45
6.547000000000000000e+03 1.470186421827413785e-44
6.548000000000000000e+03 7.432093936716067906e-45
6.549000000000000000e+03 8.025298946315202874e-46
6.550000000000000000e+03 6.775936379215449000e-46
6.551000000000000000e+03 8.244477236369783507e-46
6.552000000000000000e+03 7.849578860641485882e-46
6.553000000000000000e+03 6.291480452043973759e-46
6.554000000000000000e+03 5.499772444674462303e-46
6.555000000000000000e+03 3.958731033524041801e-45
6.556000000000000000e+03 1.329827575791074114e-44
6.557000000000000000e+03 4.363454670091963840e-45
6.558000000000000000e+03 7.696104013639441784e-46
6.559000000000000000e+03 5.933122427065676894e-46
6.560000000000000000e+03 6.287388280284198578e-46
6.561000000000000000e+03 8.709026623184124325e-46
6.562000000000000000e+03 8.380421503841186565e-46
6.563000000000000000e+03 7.732800512442731031e-46
6.564000000000000000e+03 7.952986176411199223e-46
6.565000000000000000e+03 1.015277514963223901e-45
6.566000000000000000e+03 1.776464191076927761e-45
6.567000000000000000e+03 8.868926760037588117e-46
6.568000000000000000e+03 7.522850352004523153e-46
6.569000000000000000e+03 6.680254082758145935e-46
6.570000000000000000e+03 1.360952896472334956e-45
6.571000000000000000e+03 2.856187298941221199e-45
6.572000000000000000e+03 1.490876555855031129e-45
6.573000000000000000e+03 8.552723785037565960e-46
6.574000000000000000e+03 8.266356513316190458e-46
6.575000000000000000e+03 7.726083949062045723e-46
6.576000000000000000e+03 7.477602174435980465e-46
6.577000000000000000e+03 8.727020142956097471e-46
6.578000000000000000e+03 1.187960314084644530e-45
6.579000000000000000e+03 8.842123773079354905e-46
6.580000000000000000e+03 1.373957107018831163e-45
6.581000000000000000e+03 1.350289821019372367e-45
6.582000000000000000e+03 7.389031696048956474e-46
6.583000000000000000e+03 6.660474968024857312e-46
6.584000000000000000e+03 5.961179993911771250e-46
6.585000000000000000e+03 5.918016362816173585e-46
6.586000000000000000e+03 6.562722753217001051e-46
6.587000000000000000e+03 8.699930184903138484e-46
6.588000000000000000e+03 3.204568344039269607e-45
6.589000000000000000e+03 2.655518766144535292e-45
6.590000000000000000e+03 9.148515658116342666e-46
6.591000000000000000e+03 8.372007185776855036e-46
6.592000000000000000e+03 7.056529955516985920e-46
6.593000000000000000e+03 7.516321379068984103e-46
6.594000000000000000e+03 7.695553538696622562e-46
6.595000000000000000e+03 8.939301199905685610e-46
6.596000000000000000e+03 9.202745073726503620e-46
6.597000000000000000e+03 9.569205827204898290e-46
6.598000000000000000e+03 1.397102006838868155e-45
6.599000000000000000e+03 1.404576672520999074e-45
6.600000000000000000e+03 8.160194712358582957e-46
6.601000000000000000e+03 7.024071072297978650e-46
6.602000000000000000e+03 8.264360699467176188e-46
6.603000000000000000e+03 8.274216367714358453e-46
6.604000000000000000e+03 7.196045460257750425e-46
6.605000000000000000e+03 8.001290396048238121e-46
6.606000000000000000e+03 7.996331269959316777e-46
6.607000000000000000e+03 8.835020560984620071e-46
6.608000000000000000e+03 8.008382688611214908e-46
6.609000000000000000e+03 7.282297418366296258e-46
6.610000000000000000e+03 6.233958287036279275e-46
6.611000000000000000e+03 5.149120112243180368e-46
6.612000000000000000e+03 4.720232149274331030e-46
6.613000000000000000e+03 6.494509957489738681e-46
6.614000000000000000e+03 6.274627942934910458e-46
6.615000000000000000e+03 6.098944318035566859e-46
6.616000000000000000e+03 7.388553706852352635e-46
6.617000000000000000e+03 6.706850942160556674e-46
6.618000000000000000e+03 5.726246081924487967e-46
6.619000000000000000e+03 7.675894605418392186e-46
6.620000000000000000e+03 1.002653580430864124e-45
6.621000000000000000e+03 9.946109019197985635e-46
6.622000000000000000e+03 8.432619602714287052e-46
6.623000000000000000e+03 6.704208337210201730e-46
6.624000000000000000e+03 6.736087401962020738e-46
6.625000000000000000e+03 7.415428927806602181e-46
6.626000000000000000e+03 7.266068130958090014e-46
6.627000000000000000e+03 6.426149635711623295e-46
6.628000000000000000e+03 7.424072623517355337e-46
6.629000000000000000e+03 9.300248443301813504e-46
6.630000000000000000e+03 6.890930799127690846e-46
6.631000000000000000e+03 7.615282345529928799e-46
6.632000000000000000e+03 8.831219718067803411e-46
6.633000000000000000e+03 8.801771451634899987e-46
6.634000000000000000e+03 6.437084959078143894e-46
6.635000000000000000e+03 7.246260863250365552e-46
6.636000000000000000e+03 7.999604786338053835e-46
6.637000000000000000e+03 7.998402771525939094e-46
6.638000000000000000e+03 8.720693815275246919e-46
6.639000000000000000e+03 9.725414704191311477e-46
6.640000000000000000e+03 1.111601037111356822e-45
6.641000000000000000e+03 7.611890901860662699e-46
6.642000000000000000e+03 6.826629461372742324e-46
6.643000000000000000e+03 6.447381521146250013e-46
6.644000000000000000e+03 6.853568248872072706e-46
6.645000000000000000e+03 8.064855921528929676e-46
6.646000000000000000e+03 9.416547508306475048e-46
6.647000000000000000e+03 2.920842668162518873e-45
6.648000000000000000e+03 2.226269897616317960e-45
6.649000000000000000e+03 1.037340412860632460e-45
6.650000000000000000e+03 6.765325241754812360e-46
6.651000000000000000e+03 1.025781608015016937e-45
6.652000000000000000e+03 9.033295193142078842e-46
6.653000000000000000e+03 6.958418859857186368e-46
6.654000000000000000e+03 7.254732590546918004e-46
6.655000000000000000e+03 7.382011192434677579e-46
6.656000000000000000e+03 5.993164283697613255e-46
6.657000000000000000e+03 6.910474660367356555e-46
6.658000000000000000e+03 9.797226125919750274e-46
6.659000000000000000e+03 1.236820922279991094e-45
6.660000000000000000e+03 7.855572760217944996e-46
6.661000000000000000e+03 6.508886630460403524e-46
6.662000000000000000e+03 5.699618837642068512e-46
6.663000000000000000e+03 6.898651420790936771e-46
6.664000000000000000e+03 7.072425075155155254e-46
6.665000000000000000e+03 6.131608254408955040e-46
6.666000000000000000e+03 6.876585366375520643e-46
6.667000000000000000e+03 7.425785014332298920e-46
6.668000000000000000e+03 6.411393204231311676e-46
6.669000000000000000e+03 6.342293319927341863e-46
6.670000000000000000e+03 5.464471814954231328e-46
6.671000000000000000e+03 6.891738800148668283e-46
6.672000000000000000e+03 7.375665505696919923e-46
6.673000000000000000e+03 7.552209539012122094e-46
6.674000000000000000e+03 7.851166772618805865e-46
6.675000000000000000e+03 6.231871227545812714e-46
6.676000000000000000e+03 6.886146191249861653e-46
6.677000000000000000e+03 7.207849720825207194e-46
6.678000000000000000e+03 6.295974334750389028e-46
6.679000000000000000e+03 5.894277840326627028e-46
6.680000000000000000e+03 5.861345558801298750e-46
6.681000000000000000e+03 6.650714357918776522e-46
6.682000000000000000e+03 6.183986547124651540e-46
6.683000000000000000e+03 6.113581131718511942e-46
6.684000000000000000e+03 6.981507575723672349e-46
6.685000000000000000e+03 8.329601144050136948e-46
6.686000000000000000e+03 6.849003940146933930e-46
6.687000000000000000e+03 7.444575880256802696e-46
6.688000000000000000e+03 7.010289366542399954e-46
6.689000000000000000e+03 7.066333537890719905e-46
6.690000000000000000e+03 1.082388814572962511e-45
6.691000000000000000e+03 1.353106767398241401e-45
6.692000000000000000e+03 8.243785124390814609e-46
6.693000000000000000e+03 9.663212626807635901e-46
6.694000000000000000e+03 7.850596837979882168e-46
6.695000000000000000e+03 5.321556259524715334e-46
6.696000000000000000e+03 7.021320825587175646e-46
6.697000000000000000e+03 6.693974675138255146e-46
6.698000000000000000e+03 6.850526728513969046e-46
6.699000000000000000e+03 7.298963761732665696e-46
6.700000000000000000e+03 7.498413068804940767e-46
6.701000000000000000e+03 7.076305872086478894e-46
6.702000000000000000e+03 7.993674583313195252e-46
6.703000000000000000e+03 7.588354167520873047e-46
6.704000000000000000e+03 7.596044738025972257e-46
6.705000000000000000e+03 7.950757182365590759e-46
6.706000000000000000e+03 6.202892544507492164e-46
6.707000000000000000e+03 8.018017157347456220e-46
6.708000000000000000e+03 7.588819939264836045e-46
6.709000000000000000e+03 8.421131148892742515e-46
6.710000000000000000e+03 7.231844540614392281e-46
6.711000000000000000e+03 5.974170192673963332e-46
6.712000000000000000e+03 5.054625188958209909e-46
6.713000000000000000e+03 7.574078464122727454e-46
6.714000000000000000e+03 1.215689885478329239e-45
6.715000000000000000e+03 1.272019027056874628e-45
6.716000000000000000e+03 8.407795099406674966e-46
6.717000000000000000e+03 6.175887584222616378e-46
6.718000000000000000e+03 5.765453931159477234e-46
6.719000000000000000e+03 7.381250690474522022e-46
6.720000000000000000e+03 6.637334674962032863e-46
6.721000000000000000e+03 6.416827478751986709e-46
6.722000000000000000e+03 6.846201239701817001e-46
6.723000000000000000e+03 6.038674689552459017e-46
6.724000000000000000e+03 7.285420086167836440e-46
6.725000000000000000e+03 7.375589306960311840e-46
6.726000000000000000e+03 4.826037316826672887e-46
6.727000000000000000e+03 5.777123699814255186e-46
6.728000000000000000e+03 7.004623335351768498e-46
6.729000000000000000e+03 6.548779790508692734e-46
6.730000000000000000e+03 5.193055557336034954e-46
6.731000000000000000e+03 4.915496936047244143e-46
6.732000000000000000e+03 6.908266694603212160e-46
6.733000000000000000e+03 5.922769766737294307e-46
6.734000000000000000e+03 4.389972547104242029e-46
6.735000000000000000e+03 5.445234964615586384e-46
6.736000000000000000e+03 6.073774918462201061e-46
6.737000000000000000e+03 5.830803854814520779e-46
6.738000000000000000e+03 6.043890487140521883e-46
6.739000000000000000e+03 6.045298170961991557e-46
6.740000000000000000e+03 5.631944221141081195e-46
6.741000000000000000e+03 6.632092541828620292e-46
6.742000000000000000e+03 6.219312880689361813e-46
6.743000000000000000e+03 5.871321302111621659e-46
6.744000000000000000e+03 6.753831573397782192e-46
6.745000000000000000e+03 6.048916454265350762e-46
6.746000000000000000e+03 4.864891123622176816e-46
6.747000000000000000e+03 5.082601706874171083e-46
6.748000000000000000e+03 6.413942840523577259e-46
6.749000000000000000e+03 6.605555950138457232e-46
6.750000000000000000e+03 6.125855810167267510e-46
6.751000000000000000e+03 6.203620062520932656e-46
6.752000000000000000e+03 5.727763952800289845e-46
6.753000000000000000e+03 5.900993438448869864e-46
6.754000000000000000e+03 6.490092467278118760e-46
6.755000000000000000e+03 6.752304830740215185e-46
6.756000000000000000e+03 7.943857903772375030e-46
6.757000000000000000e+03 8.810910038932068797e-46
6.758000000000000000e+03 6.640849978454480902e-46
6.759000000000000000e+03 5.216767410286501824e-46
6.760000000000000000e+03 5.253363603665489958e-46
6.761000000000000000e+03 5.788232183284501697e-46
6.762000000000000000e+03 6.974055510876965205e-46
6.763000000000000000e+03 5.400400896034044567e-46
6.764000000000000000e+03 5.479529296666229434e-46
6.765000000000000000e+03 5.562345333029650644e-46
6.766000000000000000e+03 6.502531588775020502e-46
6.767000000000000000e+03 6.087450924763176126e-46
6.768000000000000000e+03 5.676580623135578910e-46
6.769000000000000000e+03 6.022822444964014621e-46
6.770000000000000000e+03 5.655867123253188357e-46
6.771000000000000000e+03 5.487040915335624795e-46
6.772000000000000000e+03 6.333347159078096619e-46
6.773000000000000000e+03 6.037970057959167946e-46
6.774000000000000000e+03 5.971860931434301671e-46
6.775000000000000000e+03 7.632870934409714027e-46
6.776000000000000000e+03 7.529214301442059339e-46
6.777000000000000000e+03 7.484540905985781234e-46
6.778000000000000000e+03 6.692521276982176433e-46
6.779000000000000000e+03 4.931700858434814949e-46
6.780000000000000000e+03 5.303419890400860608e-46
6.781000000000000000e+03 6.476824393641327261e-46
6.782000000000000000e+03 5.785551231766163688e-46
6.783000000000000000e+03 7.253661095754989677e-46
6.784000000000000000e+03 7.138937722130008923e-46
6.785000000000000000e+03 6.049730655060460340e-46
6.786000000000000000e+03 7.051090722219357121e-46
6.787000000000000000e+03 6.205358182042692415e-46
6.788000000000000000e+03 6.428037206395322994e-46
6.789000000000000000e+03 6.332455236006197992e-46
6.790000000000000000e+03 5.531762738755064283e-46
6.791000000000000000e+03 5.345588302989419493e-46
6.792000000000000000e+03 6.255433215599371844e-46
6.793000000000000000e+03 6.118400306823671989e-46
6.794000000000000000e+03 5.143823355261500998e-46
6.795000000000000000e+03 5.803515646110476854e-46
6.796000000000000000e+03 6.111685290890687067e-46
6.797000000000000000e+03 4.559872374625958135e-46
6.798000000000000000e+03 4.304935464883278398e-46
6.799000000000000000e+03 5.045707559650981049e-46
6.800000000000000000e+03 5.160354235150255230e-46
6.801000000000000000e+03 5.589372083499954765e-46
6.802000000000000000e+03 7.239285158399237290e-46
6.803000000000000000e+03 7.058279020717890149e-46
6.804000000000000000e+03 5.428490914116139466e-46
6.805000000000000000e+03 5.072797724597029311e-46
6.806000000000000000e+03 4.903563123744306651e-46
6.807000000000000000e+03 4.665316917820129123e-46
6.808000000000000000e+03 6.627922254095593395e-46
6.809000000000000000e+03 7.669968675295869216e-46
6.810000000000000000e+03 5.723505474411535707e-46
6.811000000000000000e+03 4.981421894406053200e-46
6.812000000000000000e+03 4.882618565419694876e-46
6.813000000000000000e+03 5.927910779693889526e-46
6.814000000000000000e+03 5.561081888439979189e-46
6.815000000000000000e+03 6.508730748532025874e-46
6.816000000000000000e+03 6.307676194415002726e-46
6.817000000000000000e+03 5.230357439341437538e-46
6.818000000000000000e+03 6.740431193915850416e-46
6.819000000000000000e+03 5.702835627141801479e-46
6.820000000000000000e+03 5.640921908993627685e-46
6.821000000000000000e+03 6.369453296342019572e-46
6.822000000000000000e+03 5.345274446622807785e-46
6.823000000000000000e+03 4.342437559616532826e-46
6.824000000000000000e+03 4.690424043839979579e-46
6.825000000000000000e+03 5.345569721176102745e-46
6.826000000000000000e+03 5.517114859349012433e-46
6.827000000000000000e+03 4.444172412806803311e-46
6.828000000000000000e+03 5.327530275939583901e-46
6.829000000000000000e+03 4.814573796093534055e-46
6.830000000000000000e+03 5.136310590418562836e-46
6.831000000000000000e+03 6.630047016808041011e-46
6.832000000000000000e+03 6.139397226790938164e-46
6.833000000000000000e+03 6.307883651138577733e-46
6.834000000000000000e+03 7.633017121876812876e-46
6.835000000000000000e+03 5.485465459531262295e-46
6.836000000000000000e+03 5.815883872492555558e-46
6.837000000000000000e+03 6.070530122132343536e-46
6.838000000000000000e+03 5.935002692139719182e-46
6.839000000000000000e+03 6.149646338947278916e-46
6.840000000000000000e+03 4.420261671948095786e-46
6.841000000000000000e+03 3.517422762692316941e-46
6.842000000000000000e+03 4.325235399721011952e-46
6.843000000000000000e+03 5.354817730742573222e-46
6.844000000000000000e+03 4.918196965506020351e-46
6.845000000000000000e+03 6.088705663328256290e-46
6.846000000000000000e+03 5.084142941608725407e-46
6.847000000000000000e+03 5.233376565145397641e-46
6.848000000000000000e+03 6.207756651654124939e-46
6.849000000000000000e+03 4.794902487241853727e-46
6.850000000000000000e+03 5.520087070538048154e-46
6.851000000000000000e+03 6.054367514928974878e-46
6.852000000000000000e+03 4.759684412622609035e-46
6.853000000000000000e+03 5.018408245011672532e-46
6.854000000000000000e+03 5.680093367088136196e-46
6.855000000000000000e+03 5.268811174549514332e-46
6.856000000000000000e+03 4.920734351745112399e-46
6.857000000000000000e+03 4.201962163467832125e-46
6.858000000000000000e+03 4.570419718207687158e-46
6.859000000000000000e+03 5.454500241011725795e-46
6.860000000000000000e+03 5.424379792772380609e-46
6.861000000000000000e+03 4.298729284625504310e-46
6.862000000000000000e+03 5.094685473303473084e-46
6.863000000000000000e+03 6.263677278662495525e-46
6.864000000000000000e+03 5.735745578991262231e-46
6.865000000000000000e+03 6.012358771764286542e-46
6.866000000000000000e+03 5.657962071420175639e-46
6.867000000000000000e+03 6.921224191992595260e-46
6.868000000000000000e+03 5.421601920758093692e-46
6.869000000000000000e+03 5.912672238544681339e-46
6.870000000000000000e+03 6.168699437493994220e-46
6.871000000000000000e+03 4.861956137696508410e-46
6.872000000000000000e+03 4.722115190227553718e-46
6.873000000000000000e+03 4.613298524994195759e-46
6.874000000000000000e+03 4.688957068365118759e-46
6.875000000000000000e+03 5.299140317374936198e-46
6.876000000000000000e+03 5.772198057381078056e-46
6.877000000000000000e+03 3.961563462286589462e-46
6.878000000000000000e+03 4.076911524174688910e-46
6.879000000000000000e+03 5.926663600387639158e-46
6.880000000000000000e+03 5.968769479367375814e-46
6.881000000000000000e+03 6.186678747963923752e-46
6.882000000000000000e+03 5.549296255870637029e-46
6.883000000000000000e+03 4.800953388465267121e-46
6.884000000000000000e+03 7.498842688016075849e-46
6.885000000000000000e+03 6.892765083199754571e-46
6.886000000000000000e+03 5.797456576159139788e-46
6.887000000000000000e+03 5.797065196582622720e-46
6.888000000000000000e+03 5.643413852506855386e-46
6.889000000000000000e+03 5.889319641968357981e-46
6.890000000000000000e+03 6.015616964061716156e-46
6.891000000000000000e+03 5.523104525731809040e-46
6.892000000000000000e+03 4.777737004138608269e-46
6.893000000000000000e+03 5.148889526667433504e-46
6.894000000000000000e+03 4.341104393227554750e-46
6.895000000000000000e+03 3.604958887189416871e-46
6.896000000000000000e+03 3.440110468764328783e-46
6.897000000000000000e+03 3.478451260702082612e-46
6.898000000000000000e+03 4.182331407960619754e-46
6.899000000000000000e+03 4.754232174866974118e-46
6.900000000000000000e+03 4.393437598072766697e-46
6.901000000000000000e+03 4.243745370782838948e-46
6.902000000000000000e+03 4.306617635762963125e-46
6.903000000000000000e+03 5.366382903119711231e-46
6.904000000000000000e+03 6.201124951025587854e-46
6.905000000000000000e+03 6.129554334650567140e-46
6.906000000000000000e+03 6.411570721274438588e-46
6.907000000000000000e+03 6.318664245799355259e-46
6.908000000000000000e+03 5.473669542006382928e-46
6.909000000000000000e+03 4.474685050011886199e-46
6.910000000000000000e+03 4.607984497880296358e-46
6.911000000000000000e+03 5.559151580944753618e-46
6.912000000000000000e+03 6.358411219828990542e-46
6.913000000000000000e+03 5.033206879878442354e-46
6.914000000000000000e+03 4.606606607781453263e-46
6.915000000000000000e+03 4.425099968367802480e-46
6.916000000000000000e+03 4.223260037780078514e-46
6.917000000000000000e+03 5.146459735364757302e-46
6.918000000000000000e+03 5.609383895848853659e-46
6.919000000000000000e+03 4.493763972031579041e-46
6.920000000000000000e+03 4.161533025167389973e-46
6.921000000000000000e+03 4.378365608015920111e-46
6.922000000000000000e+03 5.629755856537643513e-46
6.923000000000000000e+03 6.377447241636694010e-46
6.924000000000000000e+03 6.408914220404303304e-46
6.925000000000000000e+03 5.116124669468561018e-46
6.926000000000000000e+03 4.812780222844966277e-46
6.927000000000000000e+03 4.704434699852706898e-46
6.928000000000000000e+03 3.932559927200654085e-46
6.929000000000000000e+03 4.395775593848649256e-46
6.930000000000000000e+03 4.171524452080241174e-46
6.931000000000000000e+03 4.318002993926115993e-46
6.932000000000000000e+03 3.990309376719135928e-46
6.933000000000000000e+03 5.641194188982431959e-46
6.934000000000000000e+03 4.944554898529128273e-46
6.935000000000000000e+03 4.156803899211523187e-46
6.936000000000000000e+03 4.383799232739160527e-46
6.937000000000000000e+03 4.608736744348062277e-46
6.938000000000000000e+03 5.554201467456347111e-46
6.939000000000000000e+03 4.746862759013482356e-46
6.940000000000000000e+03 4.693454787863851272e-46
6.941000000000000000e+03 5.380099314323097261e-46
6.942000000000000000e+03 4.364392864398736856e-46
6.943000000000000000e+03 4.840363340037289711e-46
6.944000000000000000e+03 3.984490200064670032e-46
6.945000000000000000e+03 4.397851874201630938e-46
6.946000000000000000e+03 6.267297757779518864e-46
6.947000000000000000e+03 5.725103609043788585e-46
6.948000000000000000e+03 4.800794678234497081e-46
6.949000000000000000e+03 4.830081025122491272e-46
6.950000000000000000e+03 5.394667786005888789e-46
6.951000000000000000e+03 5.336294727989115651e-46
6.952000000000000000e+03 4.863361941772542632e-46
6.953000000000000000e+03 4.881884687612184219e-46
6.954000000000000000e+03 5.483373932800920248e-46
6.955000000000000000e+03 4.452962603503984089e-46
6.956000000000000000e+03 4.848990018151583440e-46
6.957000000000000000e+03 4.644731603995285821e-46
6.958000000000000000e+03 3.993063662939958898e-46
6.959000000000000000e+03 3.678471981565899300e-46
6.960000000000000000e+03 3.696845800826372985e-46
6.961000000000000000e+03 4.133033903083969434e-46
6.962000000000000000e+03 4.404070078315002029e-46
6.963000000000000000e+03 4.348153031376505203e-46
6.964000000000000000e+03 4.256148125373261294e-46
6.965000000000000000e+03 3.799651478734307672e-46
6.966000000000000000e+03 4.181221223808497444e-46
6.967000000000000000e+03 3.477471744079865726e-46
6.968000000000000000e+03 3.327869772417646001e-46
6.969000000000000000e+03 3.625206858651162892e-46
6.970000000000000000e+03 4.664923699003468783e-46
6.971000000000000000e+03 4.768908941233501569e-46
6.972000000000000000e+03 4.571856163682193252e-46
6.973000000000000000e+03 3.226814580997662457e-46
6.974000000000000000e+03 3.510114821913868009e-46
6.975000000000000000e+03 4.561800359200505722e-46
6.976000000000000000e+03 4.783517347348045470e-46
6.977000000000000000e+03 4.565279733695889270e-46
6.978000000000000000e+03 4.579946906676337634e-46
6.979000000000000000e+03 4.751398753552777874e-46
6.980000000000000000e+03 4.349366296195400440e-46
6.981000000000000000e+03 3.604080655356995306e-46
6.982000000000000000e+03 5.163794912786800841e-46
6.983000000000000000e+03 7.618736374762572282e-46
6.984000000000000000e+03 5.094093169130374019e-46
6.985000000000000000e+03 4.151786846488894615e-46
6.986000000000000000e+03 4.414748460269909809e-46
6.987000000000000000e+03 4.646602719810041930e-46
6.988000000000000000e+03 5.329462897059493562e-46
6.989000000000000000e+03 5.124864621454090983e-46
6.990000000000000000e+03 4.930127879978570644e-46
6.991000000000000000e+03 6.272909277172092546e-46
6.992000000000000000e+03 5.643665803380282151e-46
6.993000000000000000e+03 3.746786141245653915e-46
6.994000000000000000e+03 4.014697373005779787e-46
6.995000000000000000e+03 4.577167981248142012e-46
6.996000000000000000e+03 4.702765556254314869e-46
6.997000000000000000e+03 3.697531652354707403e-46
6.998000000000000000e+03 3.466101507129661102e-46
6.999000000000000000e+03 3.934726001706334596e-46
7.000000000000000000e+03 3.526210584551133136e-46
7.001000000000000000e+03 3.665722322568032415e-46
7.002000000000000000e+03 3.660590168412002569e-46
7.003000000000000000e+03 3.582834390010704410e-46
7.004000000000000000e+03 3.857890206465345812e-46
7.005000000000000000e+03 3.966467081179550503e-46
7.006000000000000000e+03 4.574885023753469780e-46
7.007000000000000000e+03 3.705694931043453657e-46
7.008000000000000000e+03 3.236404329867651077e-46
7.009000000000000000e+03 4.230594171898636529e-46
7.010000000000000000e+03 4.582905675622417305e-46
7.011000000000000000e+03 4.907581199580212591e-46
7.012000000000000000e+03 4.118395665047995044e-46
7.013000000000000000e+03 4.711163362076714579e-46
7.014000000000000000e+03 4.735659790506978573e-46
7.015000000000000000e+03 4.947749614290700970e-46
7.016000000000000000e+03 4.359657464324329210e-46
7.017000000000000000e+03 3.055621432709730073e-46
7.018000000000000000e+03 3.458447370730238706e-46
7.019000000000000000e+03 4.352937422452420348e-46
7.020000000000000000e+03 4.356581375001436608e-46
7.021000000000000000e+03 3.567629510208036309e-46
7.022000000000000000e+03 3.855790643877614997e-46
7.023000000000000000e+03 3.373307573546382020e-46
7.024000000000000000e+03 3.357744936150081023e-46
7.025000000000000000e+03 4.196843965234651246e-46
7.026000000000000000e+03 4.484333968337481908e-46
7.027000000000000000e+03 4.560030822268674293e-46
7.028000000000000000e+03 6.761585010914281388e-46
7.029000000000000000e+03 4.615483716702307317e-46
7.030000000000000000e+03 3.859775362400980791e-46
7.031000000000000000e+03 3.773030168088925634e-46
7.032000000000000000e+03 3.965264766768539917e-46
7.033000000000000000e+03 4.256455344863203673e-46
7.034000000000000000e+03 5.144533815151259976e-46
7.035000000000000000e+03 8.420897403610258269e-46
7.036000000000000000e+03 8.518522790425033608e-46
7.037000000000000000e+03 5.510147220887245018e-46
7.038000000000000000e+03 4.440665909100893726e-46
7.039000000000000000e+03 5.223672438289395640e-46
7.040000000000000000e+03 5.152888765200028719e-46
7.041000000000000000e+03 4.713236665469673850e-46
7.042000000000000000e+03 3.651818890320388525e-46
7.043000000000000000e+03 4.082705613465008890e-46
7.044000000000000000e+03 6.338917238738643665e-46
7.045000000000000000e+03 5.037986554782755037e-46
7.046000000000000000e+03 2.227931963625519396e-45
7.047000000000000000e+03 3.879828970622217110e-45
7.048000000000000000e+03 7.561810702608279627e-46
7.049000000000000000e+03 3.566139573912758785e-46
7.050000000000000000e+03 4.547667636471086502e-46
7.051000000000000000e+03 3.958417995223692633e-46
7.052000000000000000e+03 2.668929122485064403e-46
7.053000000000000000e+03 3.334603239424209368e-46
7.054000000000000000e+03 4.329314960612007905e-46
7.055000000000000000e+03 8.458340403506503881e-46
7.056000000000000000e+03 5.246203953849314798e-46
7.057000000000000000e+03 4.242149060392630885e-46
7.058000000000000000e+03 4.365427748714370574e-46
7.059000000000000000e+03 3.739425025948474142e-46
7.060000000000000000e+03 4.394877857017342090e-46
7.061000000000000000e+03 5.559021598018896592e-46
7.062000000000000000e+03 5.647087471867091635e-46
7.063000000000000000e+03 3.096741842123561502e-46
7.064000000000000000e+03 3.370993990522462833e-46
7.065000000000000000e+03 3.243463406209829048e-46
7.066000000000000000e+03 3.903046855101889242e-46
7.067000000000000000e+03 5.134019255858683055e-46
7.068000000000000000e+03 3.612632099109270119e-46
7.069000000000000000e+03 4.228765355095288537e-46
7.070000000000000000e+03 5.198317774481537508e-46
7.071000000000000000e+03 7.029963019225099285e-46
7.072000000000000000e+03 4.953187074669158940e-46
7.073000000000000000e+03 3.664406389101493498e-46
7.074000000000000000e+03 3.987542923482077576e-46
7.075000000000000000e+03 3.988430930559125791e-46
7.076000000000000000e+03 3.819341337683911188e-46
7.077000000000000000e+03 3.678130305523812416e-46
7.078000000000000000e+03 1.113451122649094327e-45
7.079000000000000000e+03 9.156775779332355901e-46
7.080000000000000000e+03 4.366639041113646819e-46
7.081000000000000000e+03 5.158514808533826914e-46
7.082000000000000000e+03 5.656183485178710307e-46
7.083000000000000000e+03 3.391408736830914569e-46
7.084000000000000000e+03 3.729346616710924352e-46
7.085000000000000000e+03 3.600008952612359671e-46
7.086000000000000000e+03 3.240254304938821910e-46
7.087000000000000000e+03 3.785611504202116696e-46
7.088000000000000000e+03 3.456611418650890753e-46
7.089000000000000000e+03 3.625183143630208974e-46
7.090000000000000000e+03 3.584616081503048317e-46
7.091000000000000000e+03 3.624529030133172470e-46
7.092000000000000000e+03 4.166403691221613433e-46
7.093000000000000000e+03 3.479128310136914246e-46
7.094000000000000000e+03 3.425207631385520942e-46
7.095000000000000000e+03 2.944596823155728294e-46
7.096000000000000000e+03 3.436638016152263785e-46
7.097000000000000000e+03 4.033096285654856138e-46
7.098000000000000000e+03 3.516771831061737278e-46
7.099000000000000000e+03 3.336423206370478126e-46
7.100000000000000000e+03 3.464469825256402981e-46
7.101000000000000000e+03 3.156734829358898809e-46
7.102000000000000000e+03 3.132885209016420671e-46
7.103000000000000000e+03 3.481979726964481517e-46
7.104000000000000000e+03 3.706836137447078194e-46
7.105000000000000000e+03 3.829415136798789188e-46
7.106000000000000000e+03 3.775557342842833251e-46
7.107000000000000000e+03 3.154525872668903578e-46
7.108000000000000000e+03 3.518961272288133406e-46
7.109000000000000000e+03 2.895973640027435846e-46
7.110000000000000000e+03 3.501442082692129091e-46
7.111000000000000000e+03 3.432740607988827548e-46
7.112000000000000000e+03 3.081428679885648916e-46
7.113000000000000000e+03 2.812483994706400529e-46
7.114000000000000000e+03 5.119052073399978134e-46
7.115000000000000000e+03 1.094896817471858063e-45
7.116000000000000000e+03 4.312415914206948861e-46
7.117000000000000000e+03 3.067680331698895527e-46
7.118000000000000000e+03 3.534496528384172271e-46
7.119000000000000000e+03 2.871701789549369078e-46
7.120000000000000000e+03 2.944426167794199432e-46
7.121000000000000000e+03 2.984632622398882246e-46
7.122000000000000000e+03 2.739231126580450261e-46
7.123000000000000000e+03 2.682730826536900420e-46
7.124000000000000000e+03 3.738194352974227994e-46
7.125000000000000000e+03 4.516339767809225300e-46
7.126000000000000000e+03 4.402033108114974396e-46
7.127000000000000000e+03 3.681123679828611372e-46
7.128000000000000000e+03 3.441457106537909140e-46
7.129000000000000000e+03 3.944507836252195034e-46
7.130000000000000000e+03 3.711457882519496968e-46
7.131000000000000000e+03 3.189139180952975474e-46
7.132000000000000000e+03 2.721463262228706594e-46
7.133000000000000000e+03 3.708367133766527606e-46
7.134000000000000000e+03 5.911122469259375978e-46
7.135000000000000000e+03 3.978915998439674877e-46
7.136000000000000000e+03 3.208703190422890350e-46
7.137000000000000000e+03 3.615382597899951185e-46
7.138000000000000000e+03 3.554828735861022359e-46
7.139000000000000000e+03 3.006107324646154768e-46
7.140000000000000000e+03 3.075563504895343112e-46
7.141000000000000000e+03 3.064065855331925364e-46
7.142000000000000000e+03 3.672495160593808629e-46
7.143000000000000000e+03 3.189761555245968945e-46
7.144000000000000000e+03 2.559096496527007371e-46
7.145000000000000000e+03 2.641288022475638278e-46
7.146000000000000000e+03 2.767437473721834173e-46
7.147000000000000000e+03 3.372957556393771453e-46
7.148000000000000000e+03 3.812433778212067288e-46
7.149000000000000000e+03 3.592082232405655139e-46
7.150000000000000000e+03 2.698758830504434779e-46
7.151000000000000000e+03 2.858023955961723804e-46
7.152000000000000000e+03 3.035614478124652418e-46
7.153000000000000000e+03 2.360115113236041172e-46
7.154000000000000000e+03 2.514452759412451132e-46
7.155000000000000000e+03 2.598494784718295894e-46
7.156000000000000000e+03 2.729972268077127624e-46
7.157000000000000000e+03 3.186425370524065342e-46
7.158000000000000000e+03 3.657824565550967507e-46
7.159000000000000000e+03 2.649558893050063206e-46
7.160000000000000000e+03 3.709578124765267297e-46
7.161000000000000000e+03 9.283997964033892030e-46
7.162000000000000000e+03 6.760964609425662719e-46
7.163000000000000000e+03 3.078858686363679847e-46
7.164000000000000000e+03 2.713046086777375436e-46
7.165000000000000000e+03 3.152226738072291419e-46
7.166000000000000000e+03 3.880960062536768738e-46
7.167000000000000000e+03 3.619032961021415650e-46
7.168000000000000000e+03 3.198471898287821065e-46
7.169000000000000000e+03 2.333873064975975481e-46
7.170000000000000000e+03 2.355677354625269142e-46
7.171000000000000000e+03 3.463132496154803440e-46
7.172000000000000000e+03 3.224722886663866227e-46
7.173000000000000000e+03 2.866115200883721211e-46
7.174000000000000000e+03 3.259702621672416883e-46
7.175000000000000000e+03 2.937254922794422022e-46
7.176000000000000000e+03 3.072961466959437104e-46
7.177000000000000000e+03 2.546593205166721489e-46
7.178000000000000000e+03 2.280990004533569790e-46
7.179000000000000000e+03 2.842965901119418860e-46
7.180000000000000000e+03 2.543042830604615869e-46
7.181000000000000000e+03 2.162752666063018710e-46
7.182000000000000000e+03 2.694514208849051322e-46
7.183000000000000000e+03 3.230691762022985857e-46
7.184000000000000000e+03 2.743093210609578911e-46
7.185000000000000000e+03 2.587057831004705138e-46
7.186000000000000000e+03 2.703959732154742441e-46
7.187000000000000000e+03 3.052251842180360893e-46
7.188000000000000000e+03 3.029895611243830024e-46
7.189000000000000000e+03 2.639259886996107163e-46
7.190000000000000000e+03 2.774703428339334155e-46
7.191000000000000000e+03 2.470292546025761403e-46
7.192000000000000000e+03 2.589039130749636756e-46
7.193000000000000000e+03 2.753780251005867463e-46
7.194000000000000000e+03 2.805571170271082943e-46
7.195000000000000000e+03 3.211301514827935557e-46
7.196000000000000000e+03 3.098382644323535382e-46
7.197000000000000000e+03 2.536338735442747603e-46
7.198000000000000000e+03 2.715883728244202861e-46
7.199000000000000000e+03 2.627884734760611924e-46
7.200000000000000000e+03 3.122071920458125474e-46
7.201000000000000000e+03 3.186458759473597224e-46
7.202000000000000000e+03 2.439714378192018414e-46
7.203000000000000000e+03 2.521567253816191141e-46
7.204000000000000000e+03 2.705966010274951361e-46
7.205000000000000000e+03 3.358128699901436475e-46
7.206000000000000000e+03 4.380570862125237135e-46
7.207000000000000000e+03 3.119965888539952664e-46
7.208000000000000000e+03 2.608652065277337931e-46
7.209000000000000000e+03 2.414246316265992070e-46
7.210000000000000000e+03 2.591866384500803869e-46
7.211000000000000000e+03 5.217093820116550296e-46
7.212000000000000000e+03 5.975117051308860411e-46
7.213000000000000000e+03 2.935268606745954279e-46
7.214000000000000000e+03 2.883482013456210729e-46
7.215000000000000000e+03 2.941745922855669949e-46
7.216000000000000000e+03 2.742153280579720326e-46
7.217000000000000000e+03 2.715287975617090324e-46
7.218000000000000000e+03 2.666926252539402219e-46
7.219000000000000000e+03 2.750381800745939950e-46
7.220000000000000000e+03 2.986962023549309290e-46
7.221000000000000000e+03 2.907139958250647105e-46
7.222000000000000000e+03 2.700387807496353181e-46
7.223000000000000000e+03 2.522831002597260871e-46
7.224000000000000000e+03 2.213892797629655873e-46
7.225000000000000000e+03 2.363408667999269804e-46
7.226000000000000000e+03 2.477111922720457324e-46
7.227000000000000000e+03 2.506317236456819852e-46
7.228000000000000000e+03 2.074276897912733843e-46
7.229000000000000000e+03 2.235439894593458533e-46
7.230000000000000000e+03 2.477203926570658298e-46
7.231000000000000000e+03 2.747974373167374964e-46
7.232000000000000000e+03 2.543779149926635060e-46
7.233000000000000000e+03 2.436629772894803083e-46
7.234000000000000000e+03 1.898102301536815636e-46
7.235000000000000000e+03 2.294728554187484200e-46
7.236000000000000000e+03 2.531348938569604159e-46
7.237000000000000000e+03 2.145746896637891190e-46
7.238000000000000000e+03 2.227099442717200693e-46
7.239000000000000000e+03 2.739583017045353890e-46
7.240000000000000000e+03 2.469175490014254827e-46
7.241000000000000000e+03 2.387774934941843509e-46
7.242000000000000000e+03 2.666697524877894825e-46
7.243000000000000000e+03 2.540583861062975344e-46
7.244000000000000000e+03 2.716780222595588580e-46
7.245000000000000000e+03 2.751743915675014948e-46
7.246000000000000000e+03 2.687758315853598714e-46
7.247000000000000000e+03 2.084958960635070635e-46
7.248000000000000000e+03 2.398383884632719789e-46
7.249000000000000000e+03 2.476067764216275940e-46
7.250000000000000000e+03 2.563172933373217226e-46
7.251000000000000000e+03 2.256578673772021803e-46
7.252000000000000000e+03 2.087491011381839640e-46
7.253000000000000000e+03 1.949231681955423261e-46
7.254000000000000000e+03 2.268069286352629822e-46
7.255000000000000000e+03 2.077388459618746954e-46
7.256000000000000000e+03 1.868846892275869040e-46
7.257000000000000000e+03 2.401790424078960873e-46
7.258000000000000000e+03 2.273418993771112117e-46
7.259000000000000000e+03 1.927840630241294884e-46
7.260000000000000000e+03 2.272048910756023243e-46
7.261000000000000000e+03 2.510871559710556696e-46
7.262000000000000000e+03 2.114054010812660301e-46
7.263000000000000000e+03 1.925776699045803061e-46
7.264000000000000000e+03 1.891461041360696812e-46
7.265000000000000000e+03 2.357662034374817322e-46
7.266000000000000000e+03 2.326608139031830568e-46
7.267000000000000000e+03 2.626725149430808177e-46
7.268000000000000000e+03 2.050366827486766071e-46
7.269000000000000000e+03 2.035094362237824927e-46
7.270000000000000000e+03 2.338264192194580068e-46
7.271000000000000000e+03 3.582784753105051784e-46
7.272000000000000000e+03 3.158481295437325248e-46
7.273000000000000000e+03 2.454698683332878957e-46
7.274000000000000000e+03 2.411856421975453128e-46
7.275000000000000000e+03 3.555202265314764796e-46
7.276000000000000000e+03 2.640635083155042017e-46
7.277000000000000000e+03 2.007572103688249895e-46
7.278000000000000000e+03 1.987113279874428210e-46
7.279000000000000000e+03 1.951003423618132947e-46
7.280000000000000000e+03 1.002529266688741995e-45
7.281000000000000000e+03 7.121912083997339245e-45
7.282000000000000000e+03 1.473309859931113980e-44
7.283000000000000000e+03 2.003154975867014784e-44
7.284000000000000000e+03 2.103684137223527123e-45
7.285000000000000000e+03 2.454895466869383591e-46
7.286000000000000000e+03 2.386016329434515506e-46
7.287000000000000000e+03 2.141611472383550218e-46
7.288000000000000000e+03 2.169189767253077708e-46
7.289000000000000000e+03 2.541235341172484018e-46
7.290000000000000000e+03 2.465637061600918652e-46
7.291000000000000000e+03 1.948367276257670515e-46
7.292000000000000000e+03 2.310263729590374711e-46
7.293000000000000000e+03 2.005041942342835051e-46
7.294000000000000000e+03 2.042310212514386625e-46
7.295000000000000000e+03 2.241355601707636181e-46
7.296000000000000000e+03 3.681993047912186405e-46
7.297000000000000000e+03 3.017910265455161250e-45
7.298000000000000000e+03 3.393396746795122390e-45
7.299000000000000000e+03 3.399762247512863050e-46
7.300000000000000000e+03 2.034704886144121214e-46
7.301000000000000000e+03 2.029647132181877001e-46
7.302000000000000000e+03 2.059612122908229553e-46
7.303000000000000000e+03 1.789136228514901593e-46
7.304000000000000000e+03 1.844359756159545429e-46
7.305000000000000000e+03 2.119007603736145979e-46
7.306000000000000000e+03 2.246743051942676374e-46
7.307000000000000000e+03 1.839178295150927242e-46
7.308000000000000000e+03 1.966781494138294058e-46
7.309000000000000000e+03 2.312868579241524980e-46
7.310000000000000000e+03 1.927191782281634481e-46
7.311000000000000000e+03 1.602529146041994337e-46
7.312000000000000000e+03 1.375457644240089536e-46
7.313000000000000000e+03 2.070696078599286667e-46
7.314000000000000000e+03 2.460550608921548795e-46
7.315000000000000000e+03 2.240261397948504437e-46
7.316000000000000000e+03 2.200497372404561544e-46
7.317000000000000000e+03 1.955646734244522164e-46
7.318000000000000000e+03 1.874709348993756077e-46
7.319000000000000000e+03 1.634093100254263849e-46
7.320000000000000000e+03 1.561390872360370314e-46
7.321000000000000000e+03 1.792206988852227923e-46
7.322000000000000000e+03 1.778453564968702332e-46
7.323000000000000000e+03 1.982472696225070735e-46
7.324000000000000000e+03 2.187914833433459264e-46
7.325000000000000000e+03 2.000330506791313076e-46
7.326000000000000000e+03 1.972901478496470165e-46
7.327000000000000000e+03 1.897204231444298174e-46
7.328000000000000000e+03 1.390980527435073989e-46
7.329000000000000000e+03 1.582014140402122107e-46
7.330000000000000000e+03 1.512701292607726862e-46
7.331000000000000000e+03 1.556569585784447636e-46
7.332000000000000000e+03 2.348287988948809620e-46
7.333000000000000000e+03 2.170486080318984493e-46
7.334000000000000000e+03 1.861532336003144454e-46
7.335000000000000000e+03 1.704454479532409124e-46
7.336000000000000000e+03 1.811939792243706263e-46
7.337000000000000000e+03 2.033637797985335760e-46
7.338000000000000000e+03 1.934151958582588298e-46
7.339000000000000000e+03 1.600540301311815270e-46
7.340000000000000000e+03 1.199381482508217144e-46
7.341000000000000000e+03 1.679804534508312124e-46
7.342000000000000000e+03 1.496228018678844437e-46
7.343000000000000000e+03 1.406301758286002108e-46
7.344000000000000000e+03 1.392918398345449562e-46
7.345000000000000000e+03 1.606264301415479216e-46
7.346000000000000000e+03 1.576613977841818632e-46
7.347000000000000000e+03 1.702287491472228024e-46
7.348000000000000000e+03 1.660792369104104825e-46
7.349000000000000000e+03 1.448675709923128587e-46
7.350000000000000000e+03 1.290472708567898234e-46
7.351000000000000000e+03 1.389988842684470685e-46
7.352000000000000000e+03 1.323597840013791452e-46
7.353000000000000000e+03 1.212771200157983107e-46
7.354000000000000000e+03 1.267282232710460935e-46
7.355000000000000000e+03 1.542551346762521489e-46
7.356000000000000000e+03 1.325421338334952018e-46
7.357000000000000000e+03 1.325711463401605948e-46
7.358000000000000000e+03 1.536320419353551094e-46
7.359000000000000000e+03 1.702644869972266981e-46
7.360000000000000000e+03 1.967157433763273781e-46
7.361000000000000000e+03 1.707027502203625664e-46
7.362000000000000000e+03 1.755352972052868097e-46
7.363000000000000000e+03 1.932824503172449550e-46
7.364000000000000000e+03 1.891926187122212654e-46
7.365000000000000000e+03 1.698123843098442639e-46
7.366000000000000000e+03 1.816678778489292825e-46
7.367000000000000000e+03 1.647452387950907546e-46
7.368000000000000000e+03 1.541743654917388541e-46
7.369000000000000000e+03 1.566558539216158058e-46
7.370000000000000000e+03 1.804079305370820742e-46
7.371000000000000000e+03 1.776371237952478272e-46
7.372000000000000000e+03 1.670361477377185556e-46
7.373000000000000000e+03 2.057259642373365832e-46
7.374000000000000000e+03 2.307923038582841126e-46
7.375000000000000000e+03 2.650119860273626145e-46
7.376000000000000000e+03 2.464289798427147174e-46
7.377000000000000000e+03 2.341270212972393404e-46
7.378000000000000000e+03 2.516218666331620691e-46
7.379000000000000000e+03 2.622760502715728012e-46
7.380000000000000000e+03 2.816557709181993402e-46
7.381000000000000000e+03 2.522580609256732351e-46
7.382000000000000000e+03 2.228645384863721381e-46
7.383000000000000000e+03 2.184000896305671839e-46
7.384000000000000000e+03 1.898345474539805971e-46
7.385000000000000000e+03 2.101661187514520124e-46
7.386000000000000000e+03 2.358434002362375243e-46
7.387000000000000000e+03 2.140441242182653439e-46
7.388000000000000000e+03 2.426733556940266972e-46
7.389000000000000000e+03 1.832575683565941494e-46
7.390000000000000000e+03 1.516131896548293445e-46
7.391000000000000000e+03 1.462299774722856679e-46
7.392000000000000000e+03 1.693395354144287490e-46
7.393000000000000000e+03 1.555411612969209755e-46
7.394000000000000000e+03 1.636421951009438585e-46
7.395000000000000000e+03 1.609728151696928732e-46
7.396000000000000000e+03 1.625139629589085150e-46
7.397000000000000000e+03 1.831855076847733604e-46
7.398000000000000000e+03 3.319707200935686396e-46
7.399000000000000000e+03 1.343567363030013227e-45
7.400000000000000000e+03 1.462479017278140722e-45
7.401000000000000000e+03 3.474422304550182247e-46
7.402000000000000000e+03 1.783041497158441219e-46
7.403000000000000000e+03 1.548223207731088982e-46
7.404000000000000000e+03 1.477204376920331500e-46
7.405000000000000000e+03 1.262892443149892849e-46
7.406000000000000000e+03 1.353988179863906932e-46
7.407000000000000000e+03 1.472844344484170114e-46
7.408000000000000000e+03 1.254361259252115693e-46
7.409000000000000000e+03 1.029684310488845822e-46
7.410000000000000000e+03 1.137956866591791917e-46
7.411000000000000000e+03 1.836120389432781423e-46
7.412000000000000000e+03 2.980913881850465134e-46
7.413000000000000000e+03 3.301707000845714074e-46
7.414000000000000000e+03 1.751091383493063002e-46
7.415000000000000000e+03 1.356644132151199547e-46
7.416000000000000000e+03 1.171708919158806083e-46
7.417000000000000000e+03 1.264067042738272640e-46
7.418000000000000000e+03 1.602055286667787990e-46
7.419000000000000000e+03 1.461344662862566004e-46
7.420000000000000000e+03 1.291822902539043141e-46
7.421000000000000000e+03 1.274383708010001465e-46
7.422000000000000000e+03 1.382059700431038936e-46
7.423000000000000000e+03 1.270923016698219067e-46
7.424000000000000000e+03 1.123605935494095884e-46
7.425000000000000000e+03 1.181574778083867198e-46
7.426000000000000000e+03 1.335810638757517164e-46
7.427000000000000000e+03 1.135264658868227377e-46
7.428000000000000000e+03 1.013043860735344600e-46
7.429000000000000000e+03 1.061510193556638295e-46
7.430000000000000000e+03 1.163473646356854006e-46
7.431000000000000000e+03 1.087293336890631881e-46
7.432000000000000000e+03 1.014742205104574227e-46
7.433000000000000000e+03 1.372448776591603374e-46
7.434000000000000000e+03 1.563788717918024468e-46
7.435000000000000000e+03 2.986338799171678996e-46
7.436000000000000000e+03 2.434313661523896116e-46
7.437000000000000000e+03 1.393986901141203673e-46
7.438000000000000000e+03 1.313391389722568717e-46
7.439000000000000000e+03 1.981245650667589471e-46
7.440000000000000000e+03 2.533642010836863576e-46
7.441000000000000000e+03 1.365168653920335062e-46
7.442000000000000000e+03 1.375445590513855262e-46
7.443000000000000000e+03 1.274007953448642894e-46
7.444000000000000000e+03 1.236421582711979130e-46
7.445000000000000000e+03 1.103521128855827645e-46
7.446000000000000000e+03 1.055353329058498848e-46
7.447000000000000000e+03 1.350300902962372089e-46
7.448000000000000000e+03 1.626421482892546394e-46
7.449000000000000000e+03 1.408551069326945319e-46
7.450000000000000000e+03 1.069343136223692417e-46
7.451000000000000000e+03 1.215040314943320008e-46
7.452000000000000000e+03 1.564897284977406390e-46
7.453000000000000000e+03 1.226516219166699311e-46
7.454000000000000000e+03 9.938827224455804314e-47
7.455000000000000000e+03 1.213756568007354389e-46
7.456000000000000000e+03 1.224557938113214737e-46
7.457000000000000000e+03 1.155578063746076483e-46
7.458000000000000000e+03 1.009844026592775700e-46
7.459000000000000000e+03 9.229231536475711058e-47
7.460000000000000000e+03 9.502091896912220019e-47
7.461000000000000000e+03 1.374445187877689421e-46
7.462000000000000000e+03 1.714183150276415415e-46
7.463000000000000000e+03 1.442735760045758704e-46
7.464000000000000000e+03 1.222295202403650855e-46
7.465000000000000000e+03 8.360651568523510689e-47
7.466000000000000000e+03 1.592046415615427865e-46
7.467000000000000000e+03 3.242240709387404397e-46
7.468000000000000000e+03 1.590879940931049558e-46
7.469000000000000000e+03 1.101357234977805365e-46
7.470000000000000000e+03 9.882653114994376346e-47
7.471000000000000000e+03 8.742051646124626436e-47
7.472000000000000000e+03 1.070593194398067144e-46
7.473000000000000000e+03 8.548599722985020768e-47
7.474000000000000000e+03 8.214338427852924180e-47
7.475000000000000000e+03 9.707907870319475594e-47
7.476000000000000000e+03 1.240279644681910537e-46
7.477000000000000000e+03 1.171289484612202736e-46
7.478000000000000000e+03 1.050548199722749848e-46
7.479000000000000000e+03 1.077669011022314004e-46
7.480000000000000000e+03 9.659864697568433591e-47
7.481000000000000000e+03 1.145399499817210582e-46
7.482000000000000000e+03 1.095135349810388346e-46
7.483000000000000000e+03 1.440023286748269212e-46
7.484000000000000000e+03 1.164990351187214597e-46
7.485000000000000000e+03 9.646347667635604879e-47
7.486000000000000000e+03 9.952936531090617362e-47
7.487000000000000000e+03 8.968389656010755037e-47
7.488000000000000000e+03 9.908835113365341772e-47
7.489000000000000000e+03 1.117947596504511265e-46
7.490000000000000000e+03 9.895442065836075481e-47
7.491000000000000000e+03 1.049687954628229915e-46
7.492000000000000000e+03 1.295368076820856077e-46
7.493000000000000000e+03 1.256934812900954502e-46
7.494000000000000000e+03 1.442879572888637903e-46
7.495000000000000000e+03 1.293988800161837546e-46
7.496000000000000000e+03 1.003369985187375241e-46
7.497000000000000000e+03 1.542562223227238971e-46
7.498000000000000000e+03 1.282151825565874630e-46
7.499000000000000000e+03 9.423720801125267950e-47
7.500000000000000000e+03 1.139748911453326108e-46
7.501000000000000000e+03 1.169940679246584368e-46
7.502000000000000000e+03 1.044856860759688837e-46
7.503000000000000000e+03 9.609488430457128326e-47
7.504000000000000000e+03 7.856714264518036644e-47
7.505000000000000000e+03 6.908936287178084260e-47
7.506000000000000000e+03 8.093026768056739027e-47
7.507000000000000000e+03 7.644245935468512967e-47
7.508000000000000000e+03 8.592088912710755092e-47
7.509000000000000000e+03 6.501536098660248269e-46
7.510000000000000000e+03 8.709093903906485563e-46
7.511000000000000000e+03 1.437154641628344057e-46
7.512000000000000000e+03 6.054573956057623159e-47
7.513000000000000000e+03 6.900432555070440543e-47
7.514000000000000000e+03 9.094543016596630326e-47
7.515000000000000000e+03 8.850370815778735166e-47
7.516000000000000000e+03 7.691440358310480500e-47
7.517000000000000000e+03 8.208416082591295284e-47
7.518000000000000000e+03 7.749165366698046077e-47
7.519000000000000000e+03 1.164459649152074566e-46
7.520000000000000000e+03 1.257647092566849108e-46
7.521000000000000000e+03 1.057124210243115624e-46
7.522000000000000000e+03 1.138607992203978705e-46
7.523000000000000000e+03 1.232779279194584745e-46
7.524000000000000000e+03 9.486482666502911696e-47
7.525000000000000000e+03 7.659015583091822406e-47
7.526000000000000000e+03 8.842350054694014278e-47
7.527000000000000000e+03 9.414875779991063381e-47
7.528000000000000000e+03 1.141019382959345764e-46
7.529000000000000000e+03 1.298226995172085230e-46
7.530000000000000000e+03 1.339213499737865540e-46
7.531000000000000000e+03 1.289476024598044762e-46
7.532000000000000000e+03 1.495113894368482131e-46
7.533000000000000000e+03 1.140432481645666057e-46
7.534000000000000000e+03 9.893591634127776523e-47
7.535000000000000000e+03 9.893209181136059190e-47
7.536000000000000000e+03 1.057412908720887283e-46
7.537000000000000000e+03 8.772554814391822306e-47
7.538000000000000000e+03 6.823697831501433531e-47
7.539000000000000000e+03 1.316033424487546984e-46
7.540000000000000000e+03 4.679380090859058229e-46
7.541000000000000000e+03 2.625139210714899518e-46
7.542000000000000000e+03 1.366332682579549445e-46
7.543000000000000000e+03 1.173217952244242582e-46
7.544000000000000000e+03 1.681866158455563188e-46
7.545000000000000000e+03 1.087552351449319173e-46
7.546000000000000000e+03 8.046289729418969407e-47
7.547000000000000000e+03 9.271691103480420441e-47
7.548000000000000000e+03 9.656898671437770925e-47
7.549000000000000000e+03 8.870662996312925706e-47
7.550000000000000000e+03 8.250863476508649255e-47
7.551000000000000000e+03 9.662935194862860796e-47
7.552000000000000000e+03 9.718524843452219196e-47
7.553000000000000000e+03 8.591355359186321566e-47
7.554000000000000000e+03 2.056818890309305017e-46
7.555000000000000000e+03 3.399294523992040977e-46
7.556000000000000000e+03 1.788051911724754052e-46
7.557000000000000000e+03 6.283351282713116767e-46
7.558000000000000000e+03 9.052478953492287523e-46
7.559000000000000000e+03 3.601585345813650995e-46
7.560000000000000000e+03 5.500415112990060757e-46
7.561000000000000000e+03 8.531383716283270459e-46
7.562000000000000000e+03 1.807184551836207040e-46
7.563000000000000000e+03 1.195689596975750895e-46
7.564000000000000000e+03 7.896166291183435767e-47
7.565000000000000000e+03 7.621003182224467173e-47
7.566000000000000000e+03 5.906365528218915352e-47
7.567000000000000000e+03 6.504888505200882108e-47
7.568000000000000000e+03 6.970832835739417994e-47
7.569000000000000000e+03 6.853669843965595919e-47
7.570000000000000000e+03 6.777874264451611989e-47
7.571000000000000000e+03 6.650350588958985671e-47
7.572000000000000000e+03 6.100693342008866911e-47
7.573000000000000000e+03 5.880794063962404094e-47
7.574000000000000000e+03 7.720182107497663563e-47
7.575000000000000000e+03 6.394913691883812318e-47
7.576000000000000000e+03 6.090917092189416664e-47
7.577000000000000000e+03 6.738834854816318523e-47
7.578000000000000000e+03 6.930105287017585032e-47
7.579000000000000000e+03 7.433318597706021153e-47
7.580000000000000000e+03 8.479056632211249341e-47
7.581000000000000000e+03 8.872034199158264992e-47
7.582000000000000000e+03 8.178456613921846903e-47
7.583000000000000000e+03 6.814946232868055979e-47
7.584000000000000000e+03 7.986874918864687847e-47
7.585000000000000000e+03 7.285352118688624258e-47
7.586000000000000000e+03 6.116252354586962100e-47
7.587000000000000000e+03 6.208585488495575663e-47
7.588000000000000000e+03 8.935428799399716205e-47
7.589000000000000000e+03 5.686675236772389901e-47
7.590000000000000000e+03 5.232395205252256889e-47
7.591000000000000000e+03 4.726717575978318093e-47
7.592000000000000000e+03 5.002977044736919768e-47
7.593000000000000000e+03 5.390327963945777932e-47
7.594000000000000000e+03 7.612896635550342266e-47
7.595000000000000000e+03 8.917060617804854764e-47
7.596000000000000000e+03 6.497750614644393745e-47
7.597000000000000000e+03 6.717278632114907183e-47
7.598000000000000000e+03 7.932085480677780837e-47
7.599000000000000000e+03 6.778705685587893742e-47
7.600000000000000000e+03 6.100962051958291675e-47
7.601000000000000000e+03 6.380796381359147612e-47
7.602000000000000000e+03 5.043939092361129139e-47
7.603000000000000000e+03 5.456464001597680652e-47
7.604000000000000000e+03 6.164336539582047877e-47
7.605000000000000000e+03 5.738497774760469315e-47
7.606000000000000000e+03 6.647452503845559202e-47
7.607000000000000000e+03 6.948878462623694728e-47
7.608000000000000000e+03 5.154763541987678132e-47
7.609000000000000000e+03 4.773921771476396757e-47
7.610000000000000000e+03 5.435484237840225696e-47
7.611000000000000000e+03 5.834999872086882337e-47
7.612000000000000000e+03 5.425613503267177254e-47
7.613000000000000000e+03 6.092098613974773645e-47
7.614000000000000000e+03 6.451361127110480452e-47
7.615000000000000000e+03 5.115766687955424015e-47
7.616000000000000000e+03 4.654733997433948228e-47
7.617000000000000000e+03 5.194588340693518018e-47
7.618000000000000000e+03 5.646248168941033551e-47
7.619000000000000000e+03 4.031237314570656772e-47
7.620000000000000000e+03 4.232098031155016571e-47
7.621000000000000000e+03 4.646287949763273148e-47
7.622000000000000000e+03 6.779687618951603166e-47
7.623000000000000000e+03 7.533059162162126228e-47
7.624000000000000000e+03 5.430359531045961915e-47
7.625000000000000000e+03 5.852560376134011183e-47
7.626000000000000000e+03 5.254693638689655633e-47
7.627000000000000000e+03 4.092938205870119093e-47
7.628000000000000000e+03 5.464677709004139149e-47
7.629000000000000000e+03 5.878735159197199079e-47
7.630000000000000000e+03 7.467143920495121093e-47
7.631000000000000000e+03 8.382505015536249980e-47
7.632000000000000000e+03 7.051946724026511768e-47
7.633000000000000000e+03 5.199554947266877690e-47
7.634000000000000000e+03 5.299829183012396388e-47
7.635000000000000000e+03 7.534223167421275999e-47
7.636000000000000000e+03 8.395960407803170117e-47
7.637000000000000000e+03 2.469837277670740296e-46
7.638000000000000000e+03 1.183544353851435900e-45
7.639000000000000000e+03 9.927351050007102897e-46
7.640000000000000000e+03 2.374852383772095713e-46
7.641000000000000000e+03 9.689373094471526242e-46
7.642000000000000000e+03 1.899348374612277050e-45
7.643000000000000000e+03 5.281654128833603893e-46
7.644000000000000000e+03 1.153657893398382290e-46
7.645000000000000000e+03 1.218877004400212051e-46
7.646000000000000000e+03 1.015668404837837013e-46
7.647000000000000000e+03 9.323127817670504217e-47
7.648000000000000000e+03 1.299199116511003691e-46
7.649000000000000000e+03 1.278517546823762190e-46
7.650000000000000000e+03 8.679478390217152524e-47
7.651000000000000000e+03 1.003085422613005393e-46
7.652000000000000000e+03 1.427641341505006027e-46
7.653000000000000000e+03 1.334959202593497818e-46
7.654000000000000000e+03 1.891372174182185987e-46
7.655000000000000000e+03 4.741859355947690034e-46
7.656000000000000000e+03 7.747407923165246928e-46
7.657000000000000000e+03 6.406267041208085235e-46
7.658000000000000000e+03 3.079264135254641798e-46
7.659000000000000000e+03 1.906261417841255042e-46
7.660000000000000000e+03 1.741987909180356915e-46
7.661000000000000000e+03 1.693080949510836079e-46
7.662000000000000000e+03 1.812926186154373291e-46
7.663000000000000000e+03 2.102106933493078714e-46
7.664000000000000000e+03 2.255947856044597413e-46
7.665000000000000000e+03 2.401997642347381919e-46
7.666000000000000000e+03 2.820211015562243977e-46
7.667000000000000000e+03 3.016289937650929038e-46
7.668000000000000000e+03 2.683372957762875252e-46
7.669000000000000000e+03 3.086150086230012589e-46
7.670000000000000000e+03 3.508763454895566052e-46
7.671000000000000000e+03 2.909604005579386222e-46
7.672000000000000000e+03 2.837771513915466114e-46
7.673000000000000000e+03 2.805545195197035441e-46
7.674000000000000000e+03 2.964043745615673138e-46
7.675000000000000000e+03 2.474548886956860191e-46
7.676000000000000000e+03 2.048046207841714913e-46
7.677000000000000000e+03 2.499178165683518355e-46
7.678000000000000000e+03 2.334215075376861259e-46
7.679000000000000000e+03 2.108791413606761793e-46
7.680000000000000000e+03 2.168968464499903043e-46
7.681000000000000000e+03 2.083290086291630389e-46
7.682000000000000000e+03 5.339455451731881121e-46
7.683000000000000000e+03 1.308427019512222324e-45
7.684000000000000000e+03 5.986654158929252745e-46
7.685000000000000000e+03 2.458624472998867790e-46
7.686000000000000000e+03 1.832117532106801002e-46
7.687000000000000000e+03 1.417904926378313695e-46
7.688000000000000000e+03 1.487664534456467144e-46
7.689000000000000000e+03 1.478585329353945811e-46
7.690000000000000000e+03 1.506734352751323594e-46
7.691000000000000000e+03 1.214390984988757705e-46
7.692000000000000000e+03 1.079613316463547271e-46
7.693000000000000000e+03 9.633126865470418655e-47
7.694000000000000000e+03 1.001216306358317835e-46
7.695000000000000000e+03 1.158425818703447266e-46
7.696000000000000000e+03 1.116839455396640399e-46
7.697000000000000000e+03 9.211943907570554092e-47
7.698000000000000000e+03 1.095428791430824274e-46
7.699000000000000000e+03 1.036275321953071216e-46
7.700000000000000000e+03 1.187579440030946076e-46
7.701000000000000000e+03 1.128375269008124227e-46
7.702000000000000000e+03 9.645906753993064310e-47
7.703000000000000000e+03 1.134759506469348872e-46
7.704000000000000000e+03 9.608065676818804004e-47
7.705000000000000000e+03 9.254546668099587702e-47
7.706000000000000000e+03 9.173157030825933189e-47
7.707000000000000000e+03 1.001609810383875003e-46
7.708000000000000000e+03 1.096897451465986545e-46
7.709000000000000000e+03 9.361254632542044093e-47
7.710000000000000000e+03 6.772756861291531977e-47
7.711000000000000000e+03 7.957464041224441574e-47
7.712000000000000000e+03 1.169905539782906157e-46
7.713000000000000000e+03 1.106908849752414480e-46
7.714000000000000000e+03 9.045941362798401644e-47
7.715000000000000000e+03 1.197182671847790849e-46
7.716000000000000000e+03 1.351738489400213694e-46
7.717000000000000000e+03 1.444764564856075918e-46
7.718000000000000000e+03 1.311507396668959076e-46
7.719000000000000000e+03 1.181257434594970918e-46
7.720000000000000000e+03 1.343816914867233472e-46
7.721000000000000000e+03 1.330380501137065587e-46
7.722000000000000000e+03 1.585373187869478160e-46
7.723000000000000000e+03 1.708039441569908439e-46
7.724000000000000000e+03 9.368207056464638019e-46
7.725000000000000000e+03 1.223735718817507409e-45
7.726000000000000000e+03 3.469360524710846047e-46
7.727000000000000000e+03 2.966334147773759893e-46
7.728000000000000000e+03 3.438330294524168282e-46
7.729000000000000000e+03 4.563685115392884546e-46
7.730000000000000000e+03 6.049739082623608081e-46
7.731000000000000000e+03 7.308654481888434625e-46
7.732000000000000000e+03 8.668027252729001438e-46
7.733000000000000000e+03 1.212612030789607889e-45
7.734000000000000000e+03 2.028428715316529147e-45
7.735000000000000000e+03 4.449573608712586249e-45
7.736000000000000000e+03 4.000716876651805895e-45
7.737000000000000000e+03 2.788897022152562711e-45
7.738000000000000000e+03 1.489620204246011897e-45
7.739000000000000000e+03 1.172847781264691889e-45
7.740000000000000000e+03 1.003504361119906611e-45
7.741000000000000000e+03 6.287847935775113512e-46
7.742000000000000000e+03 4.443811895116319857e-46
7.743000000000000000e+03 6.117930006829764323e-46
7.744000000000000000e+03 9.312522269645770358e-46
7.745000000000000000e+03 6.018527761740307541e-45
7.746000000000000000e+03 8.410176273485710149e-45
7.747000000000000000e+03 1.557899137188275924e-45
7.748000000000000000e+03 4.034711963728788032e-46
7.749000000000000000e+03 2.660949326275279223e-46
7.750000000000000000e+03 2.140436398114560515e-46
7.751000000000000000e+03 1.877483596828794030e-46
7.752000000000000000e+03 1.686699405019290724e-46
7.753000000000000000e+03 1.478832351827485843e-46
7.754000000000000000e+03 1.243226049695562138e-46
7.755000000000000000e+03 4.589375666991628323e-46
7.756000000000000000e+03 1.374820725180617356e-45
7.757000000000000000e+03 4.146181528354907474e-46
7.758000000000000000e+03 8.043016892189123714e-47
7.759000000000000000e+03 7.442896876131205848e-47
7.760000000000000000e+03 7.009254074962167875e-47
7.761000000000000000e+03 6.973675052116074715e-47
7.762000000000000000e+03 7.061154202098192430e-47
7.763000000000000000e+03 9.332051259711237098e-47
7.764000000000000000e+03 9.572718309087290750e-47
7.765000000000000000e+03 9.228917088417662321e-47
7.766000000000000000e+03 7.462698798342296937e-47
7.767000000000000000e+03 7.123159745554313290e-46
7.768000000000000000e+03 9.872266741997354452e-46
7.769000000000000000e+03 1.306119785154787750e-46
7.770000000000000000e+03 7.335515943346966955e-47
7.771000000000000000e+03 7.546464541924435152e-47
7.772000000000000000e+03 7.958702772068961570e-47
7.773000000000000000e+03 8.273928895674702192e-47
7.774000000000000000e+03 7.510702668592206227e-47
7.775000000000000000e+03 8.530226242628602693e-47
7.776000000000000000e+03 7.859991958057444803e-47
7.777000000000000000e+03 9.207898268109806177e-47
7.778000000000000000e+03 1.079346827676330037e-46
7.779000000000000000e+03 1.192374499237679174e-46
7.780000000000000000e+03 8.089026231420880386e-46
7.781000000000000000e+03 2.119573131732390033e-45
7.782000000000000000e+03 5.393726401459270301e-46
7.783000000000000000e+03 1.276727119610095188e-46
7.784000000000000000e+03 1.333171232347817451e-46
7.785000000000000000e+03 1.500215217298870141e-46
7.786000000000000000e+03 1.787157148464104804e-46
7.787000000000000000e+03 1.693813646167993409e-46
7.788000000000000000e+03 1.463067765141465016e-46
7.789000000000000000e+03 1.406477092630630606e-46
7.790000000000000000e+03 1.861662431792494038e-46
7.791000000000000000e+03 2.027024610254340467e-46
7.792000000000000000e+03 1.699678672530538109e-46
7.793000000000000000e+03 1.382072240366196279e-46
7.794000000000000000e+03 1.276679806986245674e-46
7.795000000000000000e+03 1.258721126400192770e-46
7.796000000000000000e+03 1.070159806042222297e-46
7.797000000000000000e+03 8.824119114445254996e-47
7.798000000000000000e+03 8.656531178148164485e-47
7.799000000000000000e+03 9.239765335589287430e-47
7.800000000000000000e+03 1.325228298987944099e-46
7.801000000000000000e+03 9.526106994630256059e-47
7.802000000000000000e+03 6.279462847822393355e-47
7.803000000000000000e+03 4.752279252167595905e-47
7.804000000000000000e+03 4.352244918382887368e-47
7.805000000000000000e+03 4.665440486803647987e-47
7.806000000000000000e+03 4.612840071536593318e-47
7.807000000000000000e+03 4.715686061062058271e-47
7.808000000000000000e+03 3.734784111442514575e-47
7.809000000000000000e+03 3.108799451667037123e-47
7.810000000000000000e+03 2.773379643693332234e-47
7.811000000000000000e+03 2.870852592542230195e-47
7.812000000000000000e+03 2.979039655454020637e-47
7.813000000000000000e+03 3.611981849802115866e-47
7.814000000000000000e+03 3.902354426504129444e-47
7.815000000000000000e+03 3.251866906337630945e-47
7.816000000000000000e+03 2.709690785042989673e-47
7.817000000000000000e+03 3.273912059978536337e-47
7.818000000000000000e+03 2.539262380507446495e-47
7.819000000000000000e+03 2.699783539559249981e-47
7.820000000000000000e+03 2.441200507771684796e-47
7.821000000000000000e+03 2.096049150814116371e-47
7.822000000000000000e+03 2.179148277347925452e-47
7.823000000000000000e+03 1.798023601282491225e-47
7.824000000000000000e+03 2.283426613679080547e-47
7.825000000000000000e+03 2.325572591956649824e-47
7.826000000000000000e+03 2.208160184086707945e-47
7.827000000000000000e+03 1.991588481214335371e-47
7.828000000000000000e+03 2.274360270970565376e-47
7.829000000000000000e+03 2.479817857841917797e-47
7.830000000000000000e+03 2.932929980624660871e-47
7.831000000000000000e+03 4.470225394974472741e-47
7.832000000000000000e+03 3.383591463160886997e-47
7.833000000000000000e+03 2.201986096446175421e-47
7.834000000000000000e+03 1.776192734438294091e-47
7.835000000000000000e+03 2.087355675567830557e-47
7.836000000000000000e+03 2.246465081968865457e-47
7.837000000000000000e+03 2.557388242302380111e-47
7.838000000000000000e+03 2.795404846540571855e-47
7.839000000000000000e+03 3.971492901239774375e-47
7.840000000000000000e+03 4.548929191635613598e-47
7.841000000000000000e+03 5.369344816605958024e-47
7.842000000000000000e+03 7.730916898584365562e-47
7.843000000000000000e+03 8.618147918341337548e-47
7.844000000000000000e+03 7.282980623114175562e-47
7.845000000000000000e+03 5.238900409029488415e-47
7.846000000000000000e+03 5.524994277581767192e-47
7.847000000000000000e+03 9.644334032404376037e-47
7.848000000000000000e+03 2.103695973784492839e-46
7.849000000000000000e+03 2.710489182068424170e-46
7.850000000000000000e+03 1.406917299962325065e-46
7.851000000000000000e+03 7.628645725215052382e-47
7.852000000000000000e+03 4.351583209003652720e-47
7.853000000000000000e+03 2.494615416406821203e-47
7.854000000000000000e+03 3.822210453058116027e-47
7.855000000000000000e+03 3.527297601614548855e-47
7.856000000000000000e+03 1.803611172325856521e-47
7.857000000000000000e+03 1.351386472989748943e-47
7.858000000000000000e+03 1.522582985347337173e-47
7.859000000000000000e+03 1.682997656550495098e-47
7.860000000000000000e+03 1.512173136207603254e-47
7.861000000000000000e+03 1.245299807461782543e-47
7.862000000000000000e+03 1.570704554747729578e-47
7.863000000000000000e+03 1.579777994636630449e-47
7.864000000000000000e+03 1.659256865576967144e-47
7.865000000000000000e+03 1.690663049745903568e-47
7.866000000000000000e+03 1.713081405636202502e-47
7.867000000000000000e+03 1.968266183923441428e-47
7.868000000000000000e+03 1.785289114547153909e-47
7.869000000000000000e+03 1.516999873814161230e-47
7.870000000000000000e+03 1.232607636901271845e-47
7.871000000000000000e+03 1.550638025610421750e-47
7.872000000000000000e+03 1.794618424192038575e-47
7.873000000000000000e+03 2.199740857913799594e-47
7.874000000000000000e+03 2.231465198681014103e-47
7.875000000000000000e+03 2.723054535566748984e-47
7.876000000000000000e+03 3.495543919240606134e-47
7.877000000000000000e+03 3.984597171681838200e-47
7.878000000000000000e+03 2.847973256500770288e-47
7.879000000000000000e+03 2.710133493641731645e-47
7.880000000000000000e+03 3.143803243007094877e-47
7.881000000000000000e+03 4.649176908423968276e-47
7.882000000000000000e+03 5.029510517182042683e-47
7.883000000000000000e+03 5.675433040972243394e-47
7.884000000000000000e+03 6.510724656981756084e-47
7.885000000000000000e+03 7.064808144001536264e-47
7.886000000000000000e+03 2.259711958883391743e-46
7.887000000000000000e+03 5.721034169983402007e-46
7.888000000000000000e+03 1.204134143889118550e-46
7.889000000000000000e+03 3.160306080629394812e-47
7.890000000000000000e+03 2.600644608791838453e-47
7.891000000000000000e+03 1.764428510613899747e-47
7.892000000000000000e+03 1.634335850942807599e-47
7.893000000000000000e+03 1.313184445035508718e-47
7.894000000000000000e+03 1.236362843264990353e-47
7.895000000000000000e+03 1.137037553657653388e-47
7.896000000000000000e+03 1.038661353166121252e-47
7.897000000000000000e+03 7.795124181655010156e-48
7.898000000000000000e+03 8.297553938137176207e-48
7.899000000000000000e+03 8.856339604797840865e-48
7.900000000000000000e+03 9.820117117361646448e-48
7.901000000000000000e+03 8.415706475054629843e-48
7.902000000000000000e+03 6.913006011142898767e-48
7.903000000000000000e+03 6.616927015610599164e-48
7.904000000000000000e+03 6.332547290131980806e-48
7.905000000000000000e+03 6.814588179751389836e-48
7.906000000000000000e+03 7.814106010935747251e-48
7.907000000000000000e+03 7.432471810217321171e-48
7.908000000000000000e+03 5.408815648427113856e-48
7.909000000000000000e+03 5.441788512004121815e-48
7.910000000000000000e+03 8.889332744979429803e-48
7.911000000000000000e+03 6.438114953521786313e-48
7.912000000000000000e+03 4.811883131266393123e-48
7.913000000000000000e+03 4.175105902507814056e-48
7.914000000000000000e+03 2.159783893245943022e-47
7.915000000000000000e+03 1.115228279004159974e-46
7.916000000000000000e+03 5.062827264443264433e-47
7.917000000000000000e+03 6.961029771513592458e-48
7.918000000000000000e+03 1.157946860451764323e-47
7.919000000000000000e+03 1.935812741307852392e-47
7.920000000000000000e+03 7.586763873672067627e-48
7.921000000000000000e+03 4.236454820816710211e-48
7.922000000000000000e+03 4.927557314678308009e-48
7.923000000000000000e+03 4.241656951772323265e-48
7.924000000000000000e+03 5.987238341146049387e-48
7.925000000000000000e+03 8.390050074975483171e-48
7.926000000000000000e+03 3.909256400210322981e-48
7.927000000000000000e+03 4.880231731042852457e-48
7.928000000000000000e+03 4.582474233585883402e-48
7.929000000000000000e+03 3.451693938077482973e-48
7.930000000000000000e+03 4.082869352328142288e-48
7.931000000000000000e+03 7.180430167102659956e-48
7.932000000000000000e+03 6.661988724732957983e-48
7.933000000000000000e+03 3.583353039714398283e-48
7.934000000000000000e+03 4.421643017502787473e-48
7.935000000000000000e+03 3.571140069957157969e-48
7.936000000000000000e+03 3.380810349078824392e-48
7.937000000000000000e+03 3.138936822238557026e-48
7.938000000000000000e+03 3.594842439460521584e-48
7.939000000000000000e+03 3.920904041634102221e-48
7.940000000000000000e+03 4.116562494062007179e-48
7.941000000000000000e+03 4.048997629250745063e-48
7.942000000000000000e+03 3.755129301112011311e-48
7.943000000000000000e+03 3.360918658932360295e-48
7.944000000000000000e+03 3.359735369315167870e-48
7.945000000000000000e+03 2.869651998478480931e-48
7.946000000000000000e+03 4.132484805223579768e-48
7.947000000000000000e+03 3.786895273009194321e-48
7.948000000000000000e+03 3.479637866041035396e-48
7.949000000000000000e+03 4.112552686371194430e-48
7.950000000000000000e+03 4.893835401638694763e-48
7.951000000000000000e+03 4.488599237912544294e-48
7.952000000000000000e+03 4.126040909793068856e-48
7.953000000000000000e+03 4.117298717783763497e-48
7.954000000000000000e+03 4.770155888224829818e-48
7.955000000000000000e+03 4.464517050690617533e-48
7.956000000000000000e+03 4.900910428515010158e-48
7.957000000000000000e+03 7.360387740928523594e-48
7.958000000000000000e+03 7.732485219600087091e-48
7.959000000000000000e+03 6.258551254661340644e-48
7.960000000000000000e+03 7.934677304940698324e-48
7.961000000000000000e+03 8.540701829298975906e-48
7.962000000000000000e+03 8.569526543889088905e-48
7.963000000000000000e+03 8.471670031785769402e-48
7.964000000000000000e+03 9.830463720978154457e-48
7.965000000000000000e+03 6.722323103234526747e-48
7.966000000000000000e+03 6.044967309899842456e-48
7.967000000000000000e+03 8.607483039889818087e-48
7.968000000000000000e+03 1.378604282449052358e-47
7.969000000000000000e+03 1.397588424554323099e-47
7.970000000000000000e+03 1.650302398368808710e-47
7.971000000000000000e+03 1.304737873664277620e-47
7.972000000000000000e+03 6.411980489083465434e-48
7.973000000000000000e+03 6.434728309872369674e-48
7.974000000000000000e+03 1.307210022996283591e-47
7.975000000000000000e+03 1.129374623830600821e-47
7.976000000000000000e+03 1.077298240064981659e-47
7.977000000000000000e+03 6.552355832368591682e-48
7.978000000000000000e+03 2.979850010443340372e-48
7.979000000000000000e+03 3.126466757582655535e-48
7.980000000000000000e+03 3.063759389189045541e-48
7.981000000000000000e+03 2.488444357124941792e-48
7.982000000000000000e+03 1.987099779988665838e-48
7.983000000000000000e+03 2.093725599828134470e-48
7.984000000000000000e+03 5.140378500777802687e-48
7.985000000000000000e+03 3.132003884400923253e-48
7.986000000000000000e+03 2.183451822822233656e-48
7.987000000000000000e+03 3.884989888751162404e-48
7.988000000000000000e+03 3.329856632994045200e-48
7.989000000000000000e+03 2.169495600138764553e-48
7.990000000000000000e+03 2.264706920116946205e-48
7.991000000000000000e+03 2.214313549614590103e-48
7.992000000000000000e+03 2.151210314841774850e-48
7.993000000000000000e+03 1.997407979846126302e-48
7.994000000000000000e+03 3.374476619890578474e-48
7.995000000000000000e+03 2.636935863373479414e-48
7.996000000000000000e+03 7.024434683597212996e-48
7.997000000000000000e+03 4.307504020546242025e-47
7.998000000000000000e+03 1.981533910475691825e-47
7.999000000000000000e+03 1.823109555366616767e-48
8.000000000000000000e+03 1.770860325187800719e-48
8.001000000000000000e+03 1.364117194194809401e-48
8.002000000000000000e+03 7.079336760789704855e-48
8.003000000000000000e+03 1.388469560763675957e-47
8.004000000000000000e+03 7.259563280728186042e-48
8.005000000000000000e+03 5.416581815917862082e-48
8.006000000000000000e+03 2.705109376929072840e-48
8.007000000000000000e+03 3.471185177075559049e-48
8.008000000000000000e+03 1.578461572441751133e-48
8.009000000000000000e+03 1.272292797585838813e-48
8.010000000000000000e+03 8.927819988467437758e-48
8.011000000000000000e+03 1.313059220565301810e-47
8.012000000000000000e+03 2.569390723524270784e-48
8.013000000000000000e+03 1.132213016713570753e-48
8.014000000000000000e+03 1.666117914233267516e-48
8.015000000000000000e+03 1.240020087756371255e-48
8.016000000000000000e+03 1.093772936010478806e-48
8.017000000000000000e+03 1.049320971371652825e-48
8.018000000000000000e+03 9.555949866988594529e-49
8.019000000000000000e+03 2.919532988259747107e-48
8.020000000000000000e+03 8.641345888468590542e-48
8.021000000000000000e+03 3.164789689447209735e-48
8.022000000000000000e+03 1.000299916638723185e-48
8.023000000000000000e+03 1.172157457176092580e-48
8.024000000000000000e+03 1.256911838412479597e-48
8.025000000000000000e+03 1.381908739263333175e-48
8.026000000000000000e+03 2.951670252645800895e-48
8.027000000000000000e+03 1.593388824888717329e-48
8.028000000000000000e+03 1.027769582173220290e-48
8.029000000000000000e+03 1.022715705928689984e-48
8.030000000000000000e+03 1.260732430797896524e-48
8.031000000000000000e+03 1.459414723874124569e-48
8.032000000000000000e+03 1.082194220743745365e-48
8.033000000000000000e+03 1.300555839027151419e-48
8.034000000000000000e+03 1.150672499502531029e-48
8.035000000000000000e+03 6.905916551541525374e-49
8.036000000000000000e+03 7.285161337442610109e-49
8.037000000000000000e+03 1.172926194160810075e-48
8.038000000000000000e+03 2.056024866149293131e-48
8.039000000000000000e+03 5.023151587841737201e-48
8.040000000000000000e+03 7.690652258763904491e-48
8.041000000000000000e+03 8.375396579543442743e-48
8.042000000000000000e+03 4.747236973027565916e-48
8.043000000000000000e+03 1.926800900259749271e-48
8.044000000000000000e+03 2.918126488688811902e-47
8.045000000000000000e+03 3.061507103201340463e-47
8.046000000000000000e+03 3.416738255561497681e-48
8.047000000000000000e+03 5.682618036483284106e-49
8.048000000000000000e+03 4.510316827808649139e-49
8.049000000000000000e+03 4.787166580826607774e-49
8.050000000000000000e+03 4.506268300934546968e-49
8.051000000000000000e+03 4.146135060124175710e-49
8.052000000000000000e+03 4.488048686607213932e-49
8.053000000000000000e+03 4.287978093565487329e-49
8.054000000000000000e+03 5.584684469680748113e-49
8.055000000000000000e+03 4.750840453583999914e-49
8.056000000000000000e+03 4.649814870895066667e-49
8.057000000000000000e+03 4.175923125454504293e-49
8.058000000000000000e+03 3.745560354052396667e-49
8.059000000000000000e+03 4.320205821258993503e-49
8.060000000000000000e+03 3.241261906984577309e-49
8.061000000000000000e+03 2.960512788543423283e-49
8.062000000000000000e+03 3.121849959492437723e-49
8.063000000000000000e+03 2.817283462039004113e-49
8.064000000000000000e+03 3.956809626461541966e-49
8.065000000000000000e+03 5.903876095339382628e-49
8.066000000000000000e+03 4.251975012800840384e-49
8.067000000000000000e+03 5.451474642315223869e-49
8.068000000000000000e+03 3.131002083663485237e-48
8.069000000000000000e+03 2.599215241695459103e-48
8.070000000000000000e+03 6.964476432476879546e-49
8.071000000000000000e+03 9.917238043599081457e-49
8.072000000000000000e+03 8.006507920566359622e-49
8.073000000000000000e+03 4.394471583675010555e-49
8.074000000000000000e+03 2.575985709294920127e-48
8.075000000000000000e+03 1.322141866252476652e-47
8.076000000000000000e+03 4.743130083840355453e-48
8.077000000000000000e+03 1.996129472822836371e-49
8.078000000000000000e+03 2.522149704885528783e-49
8.079000000000000000e+03 2.062639177122050783e-49
8.080000000000000000e+03 1.660498932694373015e-49
8.081000000000000000e+03 1.746907737600291665e-49
8.082000000000000000e+03 3.957846516106879755e-49
8.083000000000000000e+03 2.214753767164271796e-48
8.084000000000000000e+03 1.405798778509658323e-48
8.085000000000000000e+03 1.794606668706600014e-49
8.086000000000000000e+03 1.854920061975371724e-49
8.087000000000000000e+03 1.100024043697034794e-48
8.088000000000000000e+03 2.914767893081305481e-48
8.089000000000000000e+03 1.156357655437627988e-48
8.090000000000000000e+03 3.322814961588399377e-49
8.091000000000000000e+03 1.364472759799331973e-49
8.092000000000000000e+03 9.980769646623709705e-49
8.093000000000000000e+03 1.846272218287187039e-47
8.094000000000000000e+03 1.669844983197801562e-47
8.095000000000000000e+03 7.095382059262820632e-49
8.096000000000000000e+03 1.111163699884926659e-49
8.097000000000000000e+03 1.015532951897809978e-49
8.098000000000000000e+03 1.566465796369458092e-49
8.099000000000000000e+03 1.558821315614564749e-49
8.100000000000000000e+03 1.432939722145341142e-49
8.101000000000000000e+03 1.798838973955585453e-49
8.102000000000000000e+03 1.225886699401458250e-49
8.103000000000000000e+03 1.017963314979537668e-49
8.104000000000000000e+03 1.055756188426268809e-49
8.105000000000000000e+03 1.093288612519850138e-49
8.106000000000000000e+03 7.469543018731664792e-50
8.107000000000000000e+03 7.870582357858417506e-50
8.108000000000000000e+03 7.356544115110459069e-50
8.109000000000000000e+03 6.178534157002454596e-50
8.110000000000000000e+03 5.916754911689759763e-50
8.111000000000000000e+03 6.319851513965663813e-50
8.112000000000000000e+03 7.821788417569799717e-49
8.113000000000000000e+03 1.969082160397104821e-48
8.114000000000000000e+03 3.569166383793890911e-49
8.115000000000000000e+03 5.886646762530200785e-50
8.116000000000000000e+03 9.513613663367262743e-50
8.117000000000000000e+03 1.980386204053862344e-49
8.118000000000000000e+03 9.324048803773891531e-50
8.119000000000000000e+03 4.563656044360903267e-50
8.120000000000000000e+03 5.880087868202175920e-50
8.121000000000000000e+03 5.907330002096510966e-50
8.122000000000000000e+03 4.568977971445851855e-50
8.123000000000000000e+03 3.504823186411175602e-50
8.124000000000000000e+03 3.828295940258658757e-50
8.125000000000000000e+03 3.592154654969650596e-50
8.126000000000000000e+03 3.218410375258188181e-50
8.127000000000000000e+03 4.129292267511961435e-50
8.128000000000000000e+03 3.991497416934059161e-50
8.129000000000000000e+03 3.246101873954389744e-50
8.130000000000000000e+03 2.900114979342885422e-50
8.131000000000000000e+03 3.832115218232578670e-50
8.132000000000000000e+03 6.152944959995105867e-49
8.133000000000000000e+03 1.066892064501088600e-47
8.134000000000000000e+03 8.989846403109520539e-48
8.135000000000000000e+03 2.925543394058041895e-49
8.136000000000000000e+03 3.302526443820825831e-50
8.137000000000000000e+03 2.504311311545277511e-50
8.138000000000000000e+03 2.285792418654835846e-50
8.139000000000000000e+03 1.946087322018621833e-50
8.140000000000000000e+03 1.752440843331049126e-50
8.141000000000000000e+03 1.456380599226489943e-50
8.142000000000000000e+03 1.411580856997209361e-50
8.143000000000000000e+03 1.646468930058262280e-50
8.144000000000000000e+03 1.501904990716111424e-49
8.145000000000000000e+03 7.274704268333298535e-49
8.146000000000000000e+03 2.817151223868383827e-49
8.147000000000000000e+03 2.224096861724685195e-50
8.148000000000000000e+03 2.483437287821561621e-50
8.149000000000000000e+03 2.525130941866328893e-50
8.150000000000000000e+03 2.939475009594392522e-50
8.151000000000000000e+03 3.533576063399086799e-50
8.152000000000000000e+03 5.023855893605877755e-50
8.153000000000000000e+03 1.270286338211829039e-49
8.154000000000000000e+03 5.648190888923760397e-47
8.155000000000000000e+03 2.440567310198159575e-46
8.156000000000000000e+03 4.157882672544971386e-46
8.157000000000000000e+03 7.881956122842779626e-46
8.158000000000000000e+03 4.802336949309877332e-46
8.159000000000000000e+03 8.088979557359331805e-46
8.160000000000000000e+03 7.296241520435928455e-46
8.161000000000000000e+03 1.632616138719125718e-46
8.162000000000000000e+03 1.122454868527485656e-49
8.163000000000000000e+03 3.253586959541678812e-50
8.164000000000000000e+03 1.453335661902800819e-50
8.165000000000000000e+03 8.055199869562213416e-51
8.166000000000000000e+03 5.725128242566509817e-51
8.167000000000000000e+03 3.996469390079297989e-51
8.168000000000000000e+03 2.399365940256206665e-51
8.169000000000000000e+03 1.605216499348496375e-51
8.170000000000000000e+03 1.133304608384141921e-51
8.171000000000000000e+03 7.841737655264215521e-52
8.172000000000000000e+03 6.193610689423018351e-52
8.173000000000000000e+03 3.990277791174146961e-52
8.174000000000000000e+03 4.236766954129726220e-52
8.175000000000000000e+03 7.798600200060678424e-52
8.176000000000000000e+03 4.930620422357057045e-52
8.177000000000000000e+03 1.679024178823398788e-52
8.178000000000000000e+03 1.057008836033864228e-52
8.179000000000000000e+03 9.530562173380899889e-53
8.180000000000000000e+03 7.827252325155304593e-53
8.181000000000000000e+03 5.756450923842504477e-53
8.182000000000000000e+03 4.131158461805423836e-53
8.183000000000000000e+03 2.040275281500368059e-53
8.184000000000000000e+03 1.256663390809159858e-53
8.185000000000000000e+03 7.124146816548614363e-54
8.186000000000000000e+03 4.506371449855713072e-54
8.187000000000000000e+03 2.173499060187070276e-54
8.188000000000000000e+03 1.059249410567194840e-54
8.189000000000000000e+03 5.434919923245616497e-55
8.190000000000000000e+03 2.395437665417484067e-55
8.191000000000000000e+03 1.052588672630531033e-55
8.192000000000000000e+03 4.948569360239461199e-56
