0.000000000000000000e+00 1.019871851111990425e-41
1.000000000000000000e+00 4.955096236409341484e-41
2.000000000000000000e+00 3.502878659796905198e-40
3.000000000000000000e+00 1.969530611387487749e-38
4.000000000000000000e+00 6.160092970331868066e-37
5.000000000000000000e+00 3.084658499723724005e-36
6.000000000000000000e+00 3.357870729677028742e-36
7.000000000000000000e+00 7.134741439028077511e-37
8.000000000000000000e+00 2.396151877870946356e-38
9.000000000000000000e+00 1.088548968988688917e-39
1.000000000000000000e+01 4.159164964757630973e-40
1.100000000000000000e+01 3.286757789295388883e-41
1.200000000000000000e+01 4.479800006355324670e-42
1.300000000000000000e+01 2.703747245715869690e-42
1.400000000000000000e+01 3.246435849492914058e-42
1.500000000000000000e+01 5.728338010473450114e-43
1.600000000000000000e+01 2.384108853452452204e-43
1.700000000000000000e+01 1.320035346171409507e-43
1.800000000000000000e+01 7.408728205808825969e-44
1.900000000000000000e+01 4.597395918687613549e-44
2.000000000000000000e+01 3.278160717805486378e-44
2.100000000000000000e+01 2.061251250887582303e-44
2.200000000000000000e+01 1.596888482814116144e-44
2.300000000000000000e+01 9.442726648492674322e-45
2.400000000000000000e+01 8.181764208293711063e-45
2.500000000000000000e+01 5.949648274929808653e-45
2.600000000000000000e+01 4.029446000212353968e-45
2.700000000000000000e+01 4.878172641010438809e-45
2.800000000000000000e+01 3.445669413116089079e-45
2.900000000000000000e+01 2.133179330466698626e-45
3.000000000000000000e+01 1.639983022304142950e-45
3.100000000000000000e+01 1.148165458972857768e-45
3.200000000000000000e+01 1.149965803157541362e-45
3.300000000000000000e+01 8.814808926364945286e-46
3.400000000000000000e+01 7.198790268011417698e-46
3.500000000000000000e+01 5.980601819382633141e-46
3.600000000000000000e+01 5.266103252938596472e-46
3.700000000000000000e+01 4.268028856683884871e-46
3.800000000000000000e+01 4.194959438329032304e-46
3.900000000000000000e+01 3.263759219657052690e-46
4.000000000000000000e+01 3.603072916475941871e-46
4.100000000000000000e+01 4.071984528857368072e-46
4.200000000000000000e+01 2.755065199158481000e-46
4.300000000000000000e+01 2.191015495654210202e-46
4.400000000000000000e+01 2.102486857266008166e-46
4.500000000000000000e+01 1.516870338295616693e-46
4.600000000000000000e+01 1.813768130187928588e-46
4.700000000000000000e+01 1.493151157934173127e-46
4.800000000000000000e+01 1.388159818741667939e-46
4.900000000000000000e+01 1.204198899992778250e-46
5.000000000000000000e+01 1.206774073511049557e-46
5.100000000000000000e+01 8.944961980894085707e-47
5.200000000000000000e+01 9.913455626936078156e-47
5.300000000000000000e+01 1.189476257531117223e-46
5.400000000000000000e+01 9.247810678820892341e-47
5.500000000000000000e+01 7.737119238255244134e-47
5.600000000000000000e+01 8.236817376639720901e-47
5.700000000000000000e+01 8.286883042980539066e-47
5.800000000000000000e+01 9.100614447946342607e-47
5.900000000000000000e+01 4.280200115795706305e-45
6.000000000000000000e+01 1.628068004848969908e-44
6.100000000000000000e+01 4.056860904410386513e-45
6.200000000000000000e+01 6.341733701408720205e-47
6.300000000000000000e+01 6.273828093052998157e-47
6.400000000000000000e+01 4.992417657688532359e-47
6.500000000000000000e+01 5.756439640322888274e-47
6.600000000000000000e+01 5.078916518115887616e-47
6.700000000000000000e+01 5.883735859806080678e-47
6.800000000000000000e+01 5.420286864858798874e-47
6.900000000000000000e+01 5.609138849066464123e-47
7.000000000000000000e+01 4.021618549396164463e-47
7.100000000000000000e+01 4.960109842480393902e-47
7.200000000000000000e+01 5.947380398950117208e-47
7.300000000000000000e+01 5.706350922063760414e-47
7.400000000000000000e+01 3.524325866028823910e-47
7.500000000000000000e+01 4.133762098882136026e-47
7.600000000000000000e+01 3.822758890028987715e-47
7.700000000000000000e+01 4.403864367084995533e-47
7.800000000000000000e+01 4.181898579724228931e-47
7.900000000000000000e+01 4.377829692256350920e-47
8.000000000000000000e+01 4.191204253653103842e-47
8.100000000000000000e+01 5.300221488085090993e-47
8.200000000000000000e+01 5.006010130556210243e-47
8.300000000000000000e+01 3.601990677626420229e-47
8.400000000000000000e+01 2.993787624276463992e-47
8.500000000000000000e+01 3.511053290711873774e-47
8.600000000000000000e+01 3.428883140400406936e-47
8.700000000000000000e+01 4.086395048357149715e-47
8.800000000000000000e+01 3.587646448420567141e-47
8.900000000000000000e+01 2.964468296961020978e-47
9.000000000000000000e+01 3.422320974299797715e-47
9.100000000000000000e+01 3.365528531457977543e-47
9.200000000000000000e+01 3.738141781228794904e-47
9.300000000000000000e+01 3.163986742618319434e-47
9.400000000000000000e+01 3.066356701894152761e-47
9.500000000000000000e+01 3.354661664225374980e-47
9.600000000000000000e+01 3.931438393915560474e-47
9.700000000000000000e+01 3.446093274775285851e-47
9.800000000000000000e+01 3.853161664081361515e-47
9.900000000000000000e+01 3.400423395458569890e-47
1.000000000000000000e+02 3.080536563900025615e-47
1.010000000000000000e+02 2.777803991868289049e-47
1.020000000000000000e+02 3.355777829678083283e-47
1.030000000000000000e+02 3.028644504640379118e-47
1.040000000000000000e+02 3.078765012303138141e-47
1.050000000000000000e+02 3.114827603525945722e-47
1.060000000000000000e+02 2.592428935651772955e-47
1.070000000000000000e+02 2.450374294768032399e-47
1.080000000000000000e+02 3.128463637501097590e-47
1.090000000000000000e+02 2.913298633718850817e-47
1.100000000000000000e+02 2.342008693230210396e-47
1.110000000000000000e+02 2.610067703112481434e-47
1.120000000000000000e+02 3.099666819356505671e-47
1.130000000000000000e+02 2.990355960999277377e-47
1.140000000000000000e+02 2.662889555555452275e-47
1.150000000000000000e+02 2.433875405783064819e-47
1.160000000000000000e+02 2.944575818489805407e-47
1.170000000000000000e+02 2.933002778204885024e-47
1.180000000000000000e+02 2.432660466352068547e-47
1.190000000000000000e+02 2.677940610667272491e-47
1.200000000000000000e+02 2.674199442292529963e-47
1.210000000000000000e+02 2.530012241554950116e-47
1.220000000000000000e+02 2.673847917350527698e-47
1.230000000000000000e+02 2.353065588064137774e-47
1.240000000000000000e+02 1.806985411358657798e-47
1.250000000000000000e+02 2.090927583955900662e-47
1.260000000000000000e+02 2.409012125233066705e-47
1.270000000000000000e+02 2.123965931728618670e-47
1.280000000000000000e+02 1.900071385439310206e-47
1.290000000000000000e+02 2.060619090202733664e-47
1.300000000000000000e+02 2.154478921720769171e-47
1.310000000000000000e+02 2.051048800969114018e-47
1.320000000000000000e+02 1.934784994722753946e-47
1.330000000000000000e+02 1.963048412066046067e-47
1.340000000000000000e+02 2.811941286763898928e-47
1.350000000000000000e+02 2.383079386302803233e-47
1.360000000000000000e+02 1.533136682907271969e-47
1.370000000000000000e+02 1.868517013838931985e-47
1.380000000000000000e+02 2.253069440057463714e-47
1.390000000000000000e+02 1.929782709656646508e-47
1.400000000000000000e+02 1.944322192809516214e-47
1.410000000000000000e+02 2.037034155978448330e-47
1.420000000000000000e+02 1.965543729359621262e-47
1.430000000000000000e+02 2.222161595089283164e-47
1.440000000000000000e+02 2.079074724748634918e-47
1.450000000000000000e+02 2.007543345083952720e-47
1.460000000000000000e+02 1.831233491417405985e-47
1.470000000000000000e+02 1.722101232959495158e-47
1.480000000000000000e+02 1.923991246601720828e-47
1.490000000000000000e+02 1.954638832778306184e-47
1.500000000000000000e+02 1.925680018462306539e-47
1.510000000000000000e+02 1.779536468153770378e-47
1.520000000000000000e+02 1.870386529538761615e-47
1.530000000000000000e+02 1.900199614724161473e-47
1.540000000000000000e+02 1.911357245066944961e-47
1.550000000000000000e+02 1.904416794560844853e-47
1.560000000000000000e+02 1.794615639220477597e-47
1.570000000000000000e+02 1.612704269257355842e-47
1.580000000000000000e+02 1.885569356353516880e-47
1.590000000000000000e+02 1.927301006465904835e-47
1.600000000000000000e+02 1.608400981379102122e-47
1.610000000000000000e+02 1.788197864715727336e-47
1.620000000000000000e+02 2.296490420105414391e-47
1.630000000000000000e+02 2.267544769214802071e-47
1.640000000000000000e+02 1.947892136941153470e-47
1.650000000000000000e+02 2.004198183362388485e-47
1.660000000000000000e+02 1.932397465852254737e-47
1.670000000000000000e+02 1.324488804959698081e-47
1.680000000000000000e+02 1.318694142131058148e-47
1.690000000000000000e+02 1.331940974165194798e-47
1.700000000000000000e+02 1.517159430543600509e-47
1.710000000000000000e+02 1.717266351898651394e-47
1.720000000000000000e+02 1.716454030797529413e-47
1.730000000000000000e+02 1.854289111063008216e-47
1.740000000000000000e+02 1.908887676138724996e-47
1.750000000000000000e+02 1.909926950019458332e-47
1.760000000000000000e+02 1.467652985830604779e-47
1.770000000000000000e+02 1.519750816256730947e-47
1.780000000000000000e+02 1.413083712729328755e-47
1.790000000000000000e+02 3.246135685326119218e-47
1.800000000000000000e+02 7.733823012810045788e-47
1.810000000000000000e+02 2.812438571637083918e-47
1.820000000000000000e+02 1.485784399582460636e-47
1.830000000000000000e+02 1.615055508635309852e-47
1.840000000000000000e+02 1.448090677811126915e-47
1.850000000000000000e+02 1.615763353761621122e-47
1.860000000000000000e+02 2.066952614382315279e-47
1.870000000000000000e+02 1.697096942364072595e-47
1.880000000000000000e+02 2.000127500135838373e-47
1.890000000000000000e+02 1.949111251990288404e-47
1.900000000000000000e+02 1.585104037042156551e-47
1.910000000000000000e+02 1.385113624529421668e-47
1.920000000000000000e+02 1.447286326974258320e-47
1.930000000000000000e+02 1.728761831529572394e-47
1.940000000000000000e+02 1.276854259397176192e-47
1.950000000000000000e+02 1.000755412172269855e-47
1.960000000000000000e+02 1.373615509894876334e-47
1.970000000000000000e+02 1.613308946365309773e-47
1.980000000000000000e+02 1.327737271631053141e-47
1.990000000000000000e+02 1.094177190278398527e-47
2.000000000000000000e+02 1.287008158516320416e-47
2.010000000000000000e+02 1.563666264742820854e-47
2.020000000000000000e+02 1.386813742089680185e-47
2.030000000000000000e+02 1.359800967314772932e-47
2.040000000000000000e+02 1.168215565143819229e-47
2.050000000000000000e+02 1.121463638490219206e-47
2.060000000000000000e+02 9.645206811047545032e-48
2.070000000000000000e+02 1.286756998485347542e-47
2.080000000000000000e+02 1.600244520046440802e-47
2.090000000000000000e+02 1.736704566259218934e-47
2.100000000000000000e+02 1.498440666509373273e-47
2.110000000000000000e+02 1.354511081314708785e-47
2.120000000000000000e+02 1.204898304854395966e-47
2.130000000000000000e+02 1.375858810609038403e-47
2.140000000000000000e+02 1.443277827390739484e-47
2.150000000000000000e+02 1.495221513810994700e-47
2.160000000000000000e+02 1.691115350097016311e-47
2.170000000000000000e+02 1.544965590389816537e-47
2.180000000000000000e+02 1.350059222945639536e-47
2.190000000000000000e+02 1.290492781597988562e-47
2.200000000000000000e+02 1.398287739128103265e-47
2.210000000000000000e+02 1.263333236942306281e-47
2.220000000000000000e+02 1.131024273508590818e-47
2.230000000000000000e+02 1.300104216051870509e-47
2.240000000000000000e+02 1.269317584919996501e-47
2.250000000000000000e+02 1.110029792639316358e-47
2.260000000000000000e+02 1.130051608115732855e-47
2.270000000000000000e+02 1.147284349005148902e-47
2.280000000000000000e+02 1.248251647572756268e-47
2.290000000000000000e+02 1.320077229416739694e-47
2.300000000000000000e+02 1.310830032117257682e-47
2.310000000000000000e+02 1.313952730068510193e-47
2.320000000000000000e+02 1.420927392270622278e-47
2.330000000000000000e+02 1.631620347594737950e-47
2.340000000000000000e+02 1.809439067568681087e-47
2.350000000000000000e+02 1.940349424743499900e-47
2.360000000000000000e+02 1.310410718006095294e-47
2.370000000000000000e+02 1.091915560291351125e-47
2.380000000000000000e+02 1.266020279939698664e-47
2.390000000000000000e+02 1.424277559766703850e-47
2.400000000000000000e+02 1.248098035266958528e-47
2.410000000000000000e+02 1.366845255580213045e-47
2.420000000000000000e+02 1.458255563661345911e-47
2.430000000000000000e+02 1.715737191265473018e-47
2.440000000000000000e+02 2.442091679590252145e-47
2.450000000000000000e+02 3.211195280871699630e-47
2.460000000000000000e+02 1.975818585701679544e-47
2.470000000000000000e+02 1.353989754526999046e-47
2.480000000000000000e+02 1.331820373198827944e-47
2.490000000000000000e+02 1.250566604305926119e-47
2.500000000000000000e+02 1.386807816197620746e-47
2.510000000000000000e+02 1.301460123132266929e-47
2.520000000000000000e+02 1.243000045301592972e-47
2.530000000000000000e+02 1.451852437017888018e-47
2.540000000000000000e+02 1.394838058041199814e-47
2.550000000000000000e+02 1.254830883592969070e-47
2.560000000000000000e+02 1.284174306868339018e-47
2.570000000000000000e+02 9.309721749750776973e-48
2.580000000000000000e+02 9.588307175147528808e-48
2.590000000000000000e+02 1.029909357112769085e-47
2.600000000000000000e+02 1.187013270345664418e-47
2.610000000000000000e+02 1.165583745808468070e-47
2.620000000000000000e+02 1.118875481618007354e-47
2.630000000000000000e+02 9.852978661685656894e-48
2.640000000000000000e+02 1.114188460458042678e-47
2.650000000000000000e+02 1.278609031916006935e-47
2.660000000000000000e+02 1.234166285635097838e-47
2.670000000000000000e+02 1.283758606148616688e-47
2.680000000000000000e+02 1.456827490414927977e-47
2.690000000000000000e+02 1.404186013432358406e-47
2.700000000000000000e+02 1.058953931757003453e-47
2.710000000000000000e+02 9.974976273951118174e-48
2.720000000000000000e+02 1.065705451986963030e-47
2.730000000000000000e+02 1.110731192244379321e-47
2.740000000000000000e+02 1.082990145362593135e-47
2.750000000000000000e+02 1.036061193084568823e-47
2.760000000000000000e+02 9.867944362281365987e-48
2.770000000000000000e+02 1.017203886775106248e-47
2.780000000000000000e+02 1.034818726079231255e-47
2.790000000000000000e+02 1.128229891169415061e-47
2.800000000000000000e+02 1.155491063949559933e-47
2.810000000000000000e+02 1.299221807232556516e-47
2.820000000000000000e+02 1.182470936701001911e-47
2.830000000000000000e+02 9.789011314513660395e-48
2.840000000000000000e+02 1.126867516656887961e-47
2.850000000000000000e+02 1.039721646242030629e-47
2.860000000000000000e+02 1.119231568556472164e-47
2.870000000000000000e+02 1.044920816713042333e-47
2.880000000000000000e+02 1.331978908779962696e-47
2.890000000000000000e+02 1.117829418107409372e-47
2.900000000000000000e+02 1.006879811334915751e-47
2.910000000000000000e+02 9.195271109467584027e-48
2.920000000000000000e+02 9.149485704161073259e-48
2.930000000000000000e+02 9.187065364205879313e-48
2.940000000000000000e+02 1.162733840140103158e-47
2.950000000000000000e+02 1.194745487453230147e-47
2.960000000000000000e+02 1.348748281371780791e-47
2.970000000000000000e+02 1.502519292801790597e-47
2.980000000000000000e+02 1.187552563821991616e-47
2.990000000000000000e+02 1.081072398441668134e-47
3.000000000000000000e+02 1.270062253455952678e-47
3.010000000000000000e+02 1.015444428855454889e-47
3.020000000000000000e+02 9.660418388359908531e-48
3.030000000000000000e+02 1.216108213312669844e-47
3.040000000000000000e+02 1.160800612455002171e-47
3.050000000000000000e+02 3.129238659027900848e-47
3.060000000000000000e+02 1.682755533542404572e-46
3.070000000000000000e+02 2.520577539850096146e-46
3.080000000000000000e+02 1.814809334757900228e-46
3.090000000000000000e+02 1.721319415444139061e-47
3.100000000000000000e+02 1.075119082235477671e-47
3.110000000000000000e+02 1.003960491861587974e-47
3.120000000000000000e+02 1.149210202505443891e-47
3.130000000000000000e+02 1.188492896418103873e-47
3.140000000000000000e+02 5.331006052961206503e-47
3.150000000000000000e+02 2.443952458746240144e-46
3.160000000000000000e+02 8.643550687338011482e-47
3.170000000000000000e+02 1.087161356852550122e-47
3.180000000000000000e+02 1.179486152667737839e-47
3.190000000000000000e+02 1.130808540976314941e-47
3.200000000000000000e+02 1.169774010871034203e-47
3.210000000000000000e+02 1.189320137015551022e-47
3.220000000000000000e+02 1.177693428663778629e-47
3.230000000000000000e+02 1.174505298626502073e-47
3.240000000000000000e+02 1.163833090239386909e-47
3.250000000000000000e+02 1.309556376914598954e-47
3.260000000000000000e+02 1.188250360793140243e-47
3.270000000000000000e+02 8.153846265849463286e-48
3.280000000000000000e+02 1.257730294126691398e-47
3.290000000000000000e+02 1.144410225538483101e-47
3.300000000000000000e+02 9.741979218317983311e-48
3.310000000000000000e+02 1.151866752020618463e-47
3.320000000000000000e+02 1.021873893588279945e-47
3.330000000000000000e+02 1.218991710412571831e-47
3.340000000000000000e+02 1.142199407465074950e-47
3.350000000000000000e+02 1.044670096184203307e-47
3.360000000000000000e+02 1.135722476628302329e-47
3.370000000000000000e+02 1.220531319883781741e-47
3.380000000000000000e+02 1.501302672673049614e-47
3.390000000000000000e+02 1.299835999221930337e-47
3.400000000000000000e+02 1.567435671707576190e-47
3.410000000000000000e+02 1.717332510780961162e-47
3.420000000000000000e+02 1.620985989260065663e-47
3.430000000000000000e+02 1.268301281916862637e-47
3.440000000000000000e+02 1.019345406095606271e-47
3.450000000000000000e+02 1.041502241002524302e-47
3.460000000000000000e+02 9.842991677334718922e-48
3.470000000000000000e+02 1.105218790863496008e-47
3.480000000000000000e+02 1.055799804909067732e-47
3.490000000000000000e+02 1.037141196170710684e-47
3.500000000000000000e+02 1.132033929293691930e-47
3.510000000000000000e+02 1.111579154765656027e-47
3.520000000000000000e+02 9.414136296474119421e-48
3.530000000000000000e+02 9.923791289861185281e-48
3.540000000000000000e+02 1.154184477595141034e-47
3.550000000000000000e+02 1.188671108011150684e-47
3.560000000000000000e+02 1.110144144493074286e-47
3.570000000000000000e+02 1.354111097545306970e-47
3.580000000000000000e+02 1.345202054919557037e-47
3.590000000000000000e+02 1.050735884764259991e-47
3.600000000000000000e+02 8.256129967624281195e-48
3.610000000000000000e+02 8.367607459590826235e-48
3.620000000000000000e+02 1.090941799161347022e-47
3.630000000000000000e+02 9.947639097271793345e-48
3.640000000000000000e+02 7.934074345765436480e-48
3.650000000000000000e+02 9.276508743216792770e-48
3.660000000000000000e+02 1.061528541716608578e-47
3.670000000000000000e+02 1.028083700787839692e-47
3.680000000000000000e+02 1.134559050000765679e-47
3.690000000000000000e+02 1.129896992178068492e-47
3.700000000000000000e+02 1.009153433924003420e-47
3.710000000000000000e+02 9.553567320004292430e-48
3.720000000000000000e+02 1.085697064210508499e-47
3.730000000000000000e+02 1.160338195680527162e-47
3.740000000000000000e+02 8.781985153215081194e-48
3.750000000000000000e+02 1.073378619093067940e-47
3.760000000000000000e+02 1.133239977423455092e-47
3.770000000000000000e+02 1.210122542851640445e-47
3.780000000000000000e+02 9.540614286018230119e-48
3.790000000000000000e+02 1.108438708014430609e-47
3.800000000000000000e+02 1.144553359952911115e-47
3.810000000000000000e+02 1.083523592985360219e-47
3.820000000000000000e+02 9.390026299956132432e-48
3.830000000000000000e+02 1.046600786713646703e-47
3.840000000000000000e+02 1.136777483949052961e-47
3.850000000000000000e+02 1.167969431627954563e-47
3.860000000000000000e+02 1.058240737430990221e-47
3.870000000000000000e+02 1.046521513525665652e-47
3.880000000000000000e+02 9.000738400372611330e-48
3.890000000000000000e+02 9.822103801376538462e-48
3.900000000000000000e+02 1.135098911247952607e-47
3.910000000000000000e+02 9.820028701811564443e-48
3.920000000000000000e+02 8.163112851633343018e-48
3.930000000000000000e+02 7.970197664459192593e-48
3.940000000000000000e+02 8.039671511050233411e-48
3.950000000000000000e+02 8.731126598326795993e-48
3.960000000000000000e+02 9.306659065733998375e-48
3.970000000000000000e+02 1.001782482204394049e-47
3.980000000000000000e+02 1.094533835866287983e-47
3.990000000000000000e+02 1.077277883240541542e-47
4.000000000000000000e+02 1.025205711523151577e-47
4.010000000000000000e+02 9.594199152287183403e-48
4.020000000000000000e+02 1.262533295081241806e-47
4.030000000000000000e+02 1.147078944056361743e-47
4.040000000000000000e+02 1.152632338213338128e-47
4.050000000000000000e+02 1.097216347838973915e-47
4.060000000000000000e+02 1.073196904077192701e-47
4.070000000000000000e+02 1.131406101488003551e-47
4.080000000000000000e+02 1.023864489651116013e-47
4.090000000000000000e+02 9.701641429708972938e-48
4.100000000000000000e+02 1.115114817564247914e-47
4.110000000000000000e+02 1.204120927910109144e-47
4.120000000000000000e+02 1.158287618485405275e-47
4.130000000000000000e+02 9.329734332146750148e-48
4.140000000000000000e+02 1.171172611364200726e-47
4.150000000000000000e+02 1.153279987736291088e-47
4.160000000000000000e+02 9.625956363174814747e-48
4.170000000000000000e+02 1.025283272992367786e-47
4.180000000000000000e+02 1.340054584785675784e-47
4.190000000000000000e+02 1.240577521033787696e-47
4.200000000000000000e+02 1.185092023054561059e-47
4.210000000000000000e+02 1.097941968125757312e-47
4.220000000000000000e+02 9.866965183177628335e-48
4.230000000000000000e+02 1.098365452809021166e-47
4.240000000000000000e+02 1.042457917881962704e-47
4.250000000000000000e+02 1.095173626721974015e-47
4.260000000000000000e+02 1.071858374007394872e-47
4.270000000000000000e+02 8.616399390488738983e-48
4.280000000000000000e+02 9.968329199539396007e-48
4.290000000000000000e+02 1.047831322719866432e-47
4.300000000000000000e+02 1.124529640613101192e-47
4.310000000000000000e+02 7.788180870447017089e-48
4.320000000000000000e+02 9.415443804422602131e-48
4.330000000000000000e+02 1.128462385158614583e-47
4.340000000000000000e+02 1.037326447372467336e-47
4.350000000000000000e+02 1.172000682455656001e-47
4.360000000000000000e+02 1.370796602864395136e-47
4.370000000000000000e+02 1.228411330706106612e-47
4.380000000000000000e+02 1.048762552856250845e-47
4.390000000000000000e+02 1.186983544712520242e-47
4.400000000000000000e+02 1.138926894008306414e-47
4.410000000000000000e+02 1.155525715100105285e-47
4.420000000000000000e+02 9.870658942165545585e-48
4.430000000000000000e+02 1.038857281643687459e-47
4.440000000000000000e+02 1.149382977872637057e-47
4.450000000000000000e+02 1.203796938026807026e-47
4.460000000000000000e+02 1.304616293789700495e-47
4.470000000000000000e+02 9.706104589982060171e-48
4.480000000000000000e+02 9.537445389840079862e-48
4.490000000000000000e+02 1.036112134723521475e-47
4.500000000000000000e+02 1.119608351753132357e-47
4.510000000000000000e+02 1.196518345750817558e-47
4.520000000000000000e+02 1.052727201740463647e-47
4.530000000000000000e+02 9.018885876630061112e-48
4.540000000000000000e+02 9.285476548021167728e-48
4.550000000000000000e+02 1.056335941382697801e-47
4.560000000000000000e+02 1.237728388947350307e-47
4.570000000000000000e+02 1.298247613386565311e-47
4.580000000000000000e+02 1.109883617637583653e-47
4.590000000000000000e+02 9.625896718552551424e-48
4.600000000000000000e+02 1.194949729544998232e-47
4.610000000000000000e+02 1.234982467517339224e-47
4.620000000000000000e+02 1.146107983979317288e-47
4.630000000000000000e+02 8.565098656459762426e-48
4.640000000000000000e+02 8.753779259083691015e-48
4.650000000000000000e+02 9.056030134497882404e-48
4.660000000000000000e+02 1.091965769383869897e-47
4.670000000000000000e+02 1.090194371867366989e-47
4.680000000000000000e+02 1.013997452780610982e-47
4.690000000000000000e+02 9.962507825545043624e-48
4.700000000000000000e+02 9.618592544916366316e-48
4.710000000000000000e+02 1.076511804491283766e-47
4.720000000000000000e+02 1.244149544965981914e-47
4.730000000000000000e+02 1.217396435992513699e-47
4.740000000000000000e+02 1.102043330485773321e-47
4.750000000000000000e+02 1.189051277465740343e-47
4.760000000000000000e+02 1.208768180556508272e-47
4.770000000000000000e+02 1.103784502520436684e-47
4.780000000000000000e+02 1.228153358633488926e-47
4.790000000000000000e+02 1.378186747842386491e-47
4.800000000000000000e+02 1.284356289796249892e-47
4.810000000000000000e+02 1.238157612940017822e-47
4.820000000000000000e+02 1.079955470546691520e-47
4.830000000000000000e+02 9.768483198451039096e-48
4.840000000000000000e+02 1.273192118487225921e-47
4.850000000000000000e+02 1.602565794058531182e-47
4.860000000000000000e+02 1.228404282792805126e-47
4.870000000000000000e+02 8.910535725662354447e-48
4.880000000000000000e+02 9.471107073213936522e-48
4.890000000000000000e+02 1.074573763678396312e-47
4.900000000000000000e+02 1.017151791763121017e-47
4.910000000000000000e+02 1.167204203700708777e-47
4.920000000000000000e+02 1.289596614794016505e-47
4.930000000000000000e+02 1.407215063079343644e-47
4.940000000000000000e+02 1.412935657576391221e-47
4.950000000000000000e+02 1.289813020451421493e-47
4.960000000000000000e+02 1.205870031197990818e-47
4.970000000000000000e+02 1.283971128762111058e-47
4.980000000000000000e+02 1.364700832029868543e-47
4.990000000000000000e+02 1.197113199235791364e-47
5.000000000000000000e+02 9.801279345599043427e-48
5.010000000000000000e+02 1.275485741591832658e-47
5.020000000000000000e+02 1.363254715347303136e-47
5.030000000000000000e+02 1.058587638627019891e-47
5.040000000000000000e+02 1.097253791921691927e-47
5.050000000000000000e+02 1.735307282898144812e-46
5.060000000000000000e+02 5.554494189463883755e-46
5.070000000000000000e+02 5.326835543783072196e-46
5.080000000000000000e+02 9.768204514705286311e-45
5.090000000000000000e+02 1.336395002415531267e-44
5.100000000000000000e+02 1.951874605113474716e-44
5.110000000000000000e+02 5.280593994120946150e-44
5.120000000000000000e+02 2.152152180662240239e-43
5.130000000000000000e+02 1.196889192709546466e-43
5.140000000000000000e+02 1.644455277283752002e-45
5.150000000000000000e+02 1.281732935560030766e-45
5.160000000000000000e+02 1.589393270295067953e-44
5.170000000000000000e+02 1.079847675193576009e-44
5.180000000000000000e+02 1.685450730854129091e-45
5.190000000000000000e+02 4.085789911520204288e-45
5.200000000000000000e+02 7.048246378009211990e-46
5.210000000000000000e+02 1.576325577913957427e-47
5.220000000000000000e+02 1.301181695784042352e-47
5.230000000000000000e+02 1.396629373015870297e-47
5.240000000000000000e+02 1.437365800502333231e-47
5.250000000000000000e+02 1.126393717253750961e-47
5.260000000000000000e+02 1.284894405462829328e-47
5.270000000000000000e+02 1.427508302368874028e-47
5.280000000000000000e+02 1.389383933540482007e-47
5.290000000000000000e+02 1.599606994286382987e-47
5.300000000000000000e+02 2.115351348696331544e-47
5.310000000000000000e+02 3.787026831469174047e-47
5.320000000000000000e+02 3.870469176215356002e-47
5.330000000000000000e+02 1.901747556226521951e-47
5.340000000000000000e+02 1.863631915529954359e-47
5.350000000000000000e+02 1.604835901824003889e-47
5.360000000000000000e+02 2.002214002402021646e-47
5.370000000000000000e+02 2.123108586300110923e-47
5.380000000000000000e+02 1.864649559812106977e-47
5.390000000000000000e+02 1.538917179055791642e-47
5.400000000000000000e+02 1.674626537112821036e-47
5.410000000000000000e+02 1.974367970360772376e-47
5.420000000000000000e+02 2.177540539486965895e-47
5.430000000000000000e+02 1.880766141111908298e-47
5.440000000000000000e+02 1.771956662957453975e-47
5.450000000000000000e+02 1.397690375899503635e-47
5.460000000000000000e+02 1.587905784492677687e-47
5.470000000000000000e+02 1.967340850242358722e-47
5.480000000000000000e+02 1.814113046831760508e-47
5.490000000000000000e+02 1.966156314018315485e-47
5.500000000000000000e+02 1.980009126856490562e-47
5.510000000000000000e+02 1.929281620870945231e-47
5.520000000000000000e+02 1.782507781885782119e-47
5.530000000000000000e+02 1.748296321927520410e-47
5.540000000000000000e+02 1.363774087001095265e-47
5.550000000000000000e+02 1.293497027048773429e-47
5.560000000000000000e+02 1.179635632831860159e-47
5.570000000000000000e+02 1.163453586642447006e-47
5.580000000000000000e+02 1.522471398315348809e-47
5.590000000000000000e+02 1.571111471476265442e-47
5.600000000000000000e+02 1.095155019608624026e-47
5.610000000000000000e+02 1.169683010906028350e-47
5.620000000000000000e+02 1.751200225351912354e-47
5.630000000000000000e+02 1.491858681453209721e-47
5.640000000000000000e+02 1.515207558862334878e-47
5.650000000000000000e+02 1.468737297346590275e-47
5.660000000000000000e+02 1.072812318590765714e-47
5.670000000000000000e+02 1.206365910522970603e-47
5.680000000000000000e+02 1.203244705265644871e-47
5.690000000000000000e+02 1.186302109342956134e-47
5.700000000000000000e+02 1.825593673942450395e-47
5.710000000000000000e+02 1.663688625626297285e-47
5.720000000000000000e+02 1.237606458983812178e-47
5.730000000000000000e+02 1.257872465069824394e-47
5.740000000000000000e+02 1.458958917416138143e-47
5.750000000000000000e+02 1.531917243884496471e-47
5.760000000000000000e+02 1.543248176489660224e-47
5.770000000000000000e+02 1.213676191289304265e-47
5.780000000000000000e+02 1.025015390029523852e-47
5.790000000000000000e+02 1.256135022740018484e-47
5.800000000000000000e+02 1.292241785535362532e-47
5.810000000000000000e+02 1.342749813224427459e-47
5.820000000000000000e+02 1.136865854541637358e-47
5.830000000000000000e+02 1.336908444695667002e-47
5.840000000000000000e+02 1.593333431132065880e-47
5.850000000000000000e+02 1.644135365485769230e-47
5.860000000000000000e+02 1.184929549065394578e-47
5.870000000000000000e+02 1.479661662350545124e-47
5.880000000000000000e+02 1.160811690365802780e-47
5.890000000000000000e+02 1.480520928458013217e-47
5.900000000000000000e+02 1.668293784011946651e-47
5.910000000000000000e+02 1.760159009842347274e-47
5.920000000000000000e+02 1.640248216093122593e-47
5.930000000000000000e+02 1.344141668304374301e-47
5.940000000000000000e+02 1.126694883747457404e-47
5.950000000000000000e+02 1.169449572494986978e-47
5.960000000000000000e+02 1.082386418657535169e-47
5.970000000000000000e+02 1.153513787875353056e-47
5.980000000000000000e+02 1.347614965800660454e-47
5.990000000000000000e+02 1.284898241045214511e-47
6.000000000000000000e+02 1.134636677121976177e-47
6.010000000000000000e+02 1.342265973811385841e-47
6.020000000000000000e+02 1.378411263363483942e-47
6.030000000000000000e+02 1.459899239656022869e-47
6.040000000000000000e+02 1.376730822631861324e-47
6.050000000000000000e+02 1.327487369036734814e-47
6.060000000000000000e+02 1.384330188097177770e-47
6.070000000000000000e+02 1.278984269888035396e-47
6.080000000000000000e+02 1.380849203566998625e-47
6.090000000000000000e+02 1.541733956792124847e-47
6.100000000000000000e+02 1.021403420152693293e-47
6.110000000000000000e+02 1.271861325337942323e-47
6.120000000000000000e+02 2.724552414284661809e-47
6.130000000000000000e+02 2.451700595020676661e-47
6.140000000000000000e+02 1.553012631241280093e-47
6.150000000000000000e+02 2.060304883543292444e-47
6.160000000000000000e+02 1.447288106941988563e-47
6.170000000000000000e+02 1.096478037155173572e-47
6.180000000000000000e+02 1.083385458896229994e-47
6.190000000000000000e+02 1.370588590138279795e-47
6.200000000000000000e+02 1.375035921853073637e-47
6.210000000000000000e+02 1.448302218683224574e-47
6.220000000000000000e+02 1.276050204238618444e-47
6.230000000000000000e+02 1.515772389455505561e-47
6.240000000000000000e+02 1.727779146724088530e-47
6.250000000000000000e+02 1.614462406415848364e-47
6.260000000000000000e+02 1.216247115330899006e-47
6.270000000000000000e+02 1.444830917344678237e-47
6.280000000000000000e+02 1.498593995487297428e-47
6.290000000000000000e+02 1.622186935851262158e-47
6.300000000000000000e+02 5.672081670671704312e-47
6.310000000000000000e+02 4.057060203332422950e-47
6.320000000000000000e+02 1.609769068099195819e-47
6.330000000000000000e+02 1.517945512748772977e-47
6.340000000000000000e+02 1.319347780016539402e-47
6.350000000000000000e+02 1.406231885892171748e-47
6.360000000000000000e+02 1.403324360080866635e-47
6.370000000000000000e+02 1.503871724347708455e-47
6.380000000000000000e+02 1.174366313325623227e-47
6.390000000000000000e+02 1.211735565439518145e-47
6.400000000000000000e+02 1.339702131778299281e-47
6.410000000000000000e+02 1.603852560498074188e-47
6.420000000000000000e+02 1.599142373846411540e-47
6.430000000000000000e+02 1.448772002508350926e-47
6.440000000000000000e+02 1.417342370215132420e-47
6.450000000000000000e+02 1.531445269604217648e-47
6.460000000000000000e+02 1.862751216632912585e-47
6.470000000000000000e+02 1.866145846337475368e-47
6.480000000000000000e+02 1.338321953673103624e-47
6.490000000000000000e+02 1.148627659378872359e-47
6.500000000000000000e+02 1.427385016617390084e-47
6.510000000000000000e+02 1.515469352688062891e-47
6.520000000000000000e+02 1.648134691615014700e-47
6.530000000000000000e+02 1.355915454065371734e-47
6.540000000000000000e+02 1.344522490094194283e-47
6.550000000000000000e+02 1.517885303668048893e-47
6.560000000000000000e+02 1.535704850207132136e-47
6.570000000000000000e+02 1.464046267682738902e-47
6.580000000000000000e+02 1.839771936037229302e-47
6.590000000000000000e+02 1.535739481625303089e-47
6.600000000000000000e+02 1.563497179214816395e-47
6.610000000000000000e+02 1.519555899127636305e-47
6.620000000000000000e+02 1.291613425933172401e-47
6.630000000000000000e+02 1.369925302408839768e-47
6.640000000000000000e+02 1.427369705888995497e-47
6.650000000000000000e+02 1.928609971001629274e-47
6.660000000000000000e+02 1.834168033191949006e-47
6.670000000000000000e+02 1.581413231666587305e-47
6.680000000000000000e+02 1.788946441320543601e-47
6.690000000000000000e+02 1.929108432063152722e-47
6.700000000000000000e+02 1.407160289951028809e-47
6.710000000000000000e+02 1.358409058670819836e-47
6.720000000000000000e+02 1.541424718870131860e-47
6.730000000000000000e+02 1.542475535267689166e-47
6.740000000000000000e+02 1.312574232529310477e-47
6.750000000000000000e+02 1.208254655271544960e-47
6.760000000000000000e+02 1.185504966108503972e-47
6.770000000000000000e+02 1.250599819137771116e-47
6.780000000000000000e+02 1.440299325601684830e-47
6.790000000000000000e+02 1.652216666655675037e-47
6.800000000000000000e+02 1.951746586980977169e-47
6.810000000000000000e+02 2.013210851021912369e-47
6.820000000000000000e+02 1.704460032911449627e-47
6.830000000000000000e+02 1.470702847840658857e-47
6.840000000000000000e+02 1.384749853657754884e-47
6.850000000000000000e+02 1.560391464514286139e-47
6.860000000000000000e+02 1.611937344048124435e-47
6.870000000000000000e+02 1.482847889686470372e-47
6.880000000000000000e+02 1.326587036409160809e-47
6.890000000000000000e+02 1.210924183768928837e-47
6.900000000000000000e+02 1.321098957873981647e-47
6.910000000000000000e+02 1.486581243897950458e-47
6.920000000000000000e+02 1.593360094235842770e-47
6.930000000000000000e+02 1.745724097593427006e-47
6.940000000000000000e+02 1.687993136239724437e-47
6.950000000000000000e+02 1.606931999259272627e-47
6.960000000000000000e+02 1.243628751835661632e-47
6.970000000000000000e+02 1.349329847591768353e-47
6.980000000000000000e+02 1.690102679350322339e-47
6.990000000000000000e+02 1.624016321462305464e-47
7.000000000000000000e+02 1.457290963187843507e-47
7.010000000000000000e+02 1.851731290454318639e-47
7.020000000000000000e+02 2.163678605127025825e-47
7.030000000000000000e+02 1.876366676652401933e-47
7.040000000000000000e+02 1.766474759976294392e-47
7.050000000000000000e+02 1.444107010209973975e-47
7.060000000000000000e+02 1.701094655427335482e-47
7.070000000000000000e+02 2.100879808816046391e-47
7.080000000000000000e+02 1.879723814935827098e-47
7.090000000000000000e+02 1.424516910088398717e-47
7.100000000000000000e+02 1.356865171475129442e-47
7.110000000000000000e+02 1.630767060865845640e-47
7.120000000000000000e+02 1.415365800285399485e-47
7.130000000000000000e+02 1.441542733952179850e-47
7.140000000000000000e+02 1.237492805532956925e-47
7.150000000000000000e+02 1.370532593841518878e-47
7.160000000000000000e+02 1.593369544094212846e-47
7.170000000000000000e+02 1.558363228879953758e-47
7.180000000000000000e+02 1.299343467890757003e-47
7.190000000000000000e+02 1.599752049631182623e-47
7.200000000000000000e+02 1.446742891473116377e-47
7.210000000000000000e+02 1.450009372674718049e-47
7.220000000000000000e+02 1.851000131063339725e-47
7.230000000000000000e+02 1.641520944335300528e-47
7.240000000000000000e+02 1.491285342615209383e-47
7.250000000000000000e+02 1.419209100784247212e-47
7.260000000000000000e+02 1.459804527071761835e-47
7.270000000000000000e+02 1.198938255471687392e-47
7.280000000000000000e+02 1.354605731410465158e-47
7.290000000000000000e+02 1.472471268024494284e-47
7.300000000000000000e+02 1.485611182693173855e-47
7.310000000000000000e+02 1.593913262835235666e-47
7.320000000000000000e+02 1.952453656266535692e-47
7.330000000000000000e+02 2.088457648214149300e-47
7.340000000000000000e+02 1.987537683680664086e-47
7.350000000000000000e+02 1.784364020363791369e-47
7.360000000000000000e+02 1.616229327991130549e-47
7.370000000000000000e+02 1.901457644998776576e-47
7.380000000000000000e+02 1.773106277153362603e-47
7.390000000000000000e+02 1.582801004095493583e-47
7.400000000000000000e+02 1.779552341399177927e-47
7.410000000000000000e+02 1.838545011523237874e-47
7.420000000000000000e+02 1.789134483332471740e-47
7.430000000000000000e+02 2.124171060206414622e-47
7.440000000000000000e+02 1.711980816551243995e-47
7.450000000000000000e+02 1.465270449116630115e-47
7.460000000000000000e+02 1.762813343072458293e-47
7.470000000000000000e+02 2.004119759237792876e-47
7.480000000000000000e+02 2.291425683592397748e-47
7.490000000000000000e+02 2.211257585979848187e-47
7.500000000000000000e+02 1.607577443134553660e-47
7.510000000000000000e+02 1.709216258099189336e-47
7.520000000000000000e+02 1.954718034137786442e-47
7.530000000000000000e+02 1.454810735211240622e-47
7.540000000000000000e+02 1.884418716645611892e-47
7.550000000000000000e+02 1.682960659249451636e-47
7.560000000000000000e+02 1.491363516345381125e-47
7.570000000000000000e+02 1.375814166021761176e-47
7.580000000000000000e+02 1.965887660445173842e-47
7.590000000000000000e+02 1.946119641286472969e-47
7.600000000000000000e+02 1.576449221117637892e-47
7.610000000000000000e+02 2.000875384231293586e-47
7.620000000000000000e+02 2.032150707633902538e-47
7.630000000000000000e+02 1.681942277089100749e-47
7.640000000000000000e+02 1.506942971132364973e-47
7.650000000000000000e+02 1.549482153161571445e-47
7.660000000000000000e+02 1.653611580154049229e-47
7.670000000000000000e+02 1.723012667241428928e-47
7.680000000000000000e+02 1.839373497278221466e-47
7.690000000000000000e+02 1.774386977559912635e-47
7.700000000000000000e+02 1.706155390012846121e-47
7.710000000000000000e+02 1.741929466845685150e-47
7.720000000000000000e+02 1.672991065868809235e-47
7.730000000000000000e+02 1.614597860916299007e-47
7.740000000000000000e+02 1.740597660190559967e-47
7.750000000000000000e+02 1.692566678978340232e-47
7.760000000000000000e+02 2.001079886459177669e-47
7.770000000000000000e+02 2.008618875804391395e-47
7.780000000000000000e+02 1.758956017206374652e-47
7.790000000000000000e+02 1.678974635102021418e-47
7.800000000000000000e+02 1.836630285110531028e-47
7.810000000000000000e+02 1.723978486504529865e-47
7.820000000000000000e+02 1.840508126518123322e-47
7.830000000000000000e+02 1.739441714343725158e-47
7.840000000000000000e+02 1.703511840734827515e-47
7.850000000000000000e+02 1.721376116323375451e-47
7.860000000000000000e+02 1.531533919304602966e-47
7.870000000000000000e+02 1.678898184604917238e-47
7.880000000000000000e+02 1.894615791604864914e-47
7.890000000000000000e+02 1.744634883325146291e-47
7.900000000000000000e+02 1.591618001382820772e-47
7.910000000000000000e+02 1.794540776529138387e-47
7.920000000000000000e+02 1.873987355764451243e-47
7.930000000000000000e+02 1.708960155099234570e-47
7.940000000000000000e+02 1.676663505499800540e-47
7.950000000000000000e+02 1.693070377924890040e-47
7.960000000000000000e+02 1.594498718224141981e-47
7.970000000000000000e+02 2.046144427884385887e-47
7.980000000000000000e+02 2.116767447148441477e-47
7.990000000000000000e+02 1.818698330645919632e-47
8.000000000000000000e+02 1.847918577691164296e-47
8.010000000000000000e+02 1.471353692983933987e-47
8.020000000000000000e+02 1.620625766304386608e-47
8.030000000000000000e+02 2.013937110772799903e-47
8.040000000000000000e+02 2.137760542532417184e-47
8.050000000000000000e+02 1.898185657044409691e-47
8.060000000000000000e+02 1.644493414326252260e-47
8.070000000000000000e+02 1.651818340388509036e-47
8.080000000000000000e+02 1.782322151682956996e-47
8.090000000000000000e+02 1.517228716192500808e-47
8.100000000000000000e+02 1.865894576968021236e-47
8.110000000000000000e+02 1.617380796720985754e-47
8.120000000000000000e+02 1.684904843808428775e-47
8.130000000000000000e+02 2.084535063346252612e-47
8.140000000000000000e+02 2.097277820328952448e-47
8.150000000000000000e+02 2.000815651056798090e-47
8.160000000000000000e+02 1.905503323953410370e-47
8.170000000000000000e+02 1.691030323823719707e-47
8.180000000000000000e+02 1.708328768767800670e-47
8.190000000000000000e+02 1.751858473420581158e-47
8.200000000000000000e+02 1.718663562744047557e-47
8.210000000000000000e+02 1.971609218390497600e-47
8.220000000000000000e+02 2.130074957335857839e-47
8.230000000000000000e+02 1.765809991269799663e-47
8.240000000000000000e+02 1.571728277521031369e-47
8.250000000000000000e+02 1.405707726188532570e-47
8.260000000000000000e+02 1.772453195652446998e-47
8.270000000000000000e+02 1.900512365372711602e-47
8.280000000000000000e+02 1.670435689706811285e-47
8.290000000000000000e+02 1.888428800736466425e-47
8.300000000000000000e+02 1.855926285690510223e-47
8.310000000000000000e+02 1.857195835209883941e-47
8.320000000000000000e+02 1.951170143708468114e-47
8.330000000000000000e+02 1.954555123022290047e-47
8.340000000000000000e+02 1.820996840600859188e-47
8.350000000000000000e+02 1.871730009105554493e-47
8.360000000000000000e+02 1.999116081228614085e-47
8.370000000000000000e+02 1.781254116170513902e-47
8.380000000000000000e+02 1.744333958297505580e-47
8.390000000000000000e+02 2.007167482878414950e-47
8.400000000000000000e+02 2.555477470401169114e-47
8.410000000000000000e+02 2.456611987378114193e-47
8.420000000000000000e+02 2.223316099183925041e-47
8.430000000000000000e+02 2.132998141925383260e-47
8.440000000000000000e+02 2.086262730131759948e-47
8.450000000000000000e+02 2.106717398679793047e-47
8.460000000000000000e+02 2.185613149474409782e-47
8.470000000000000000e+02 2.262550864963390674e-47
8.480000000000000000e+02 1.851588366036729626e-47
8.490000000000000000e+02 2.258475199450920098e-47
8.500000000000000000e+02 2.287380978702446346e-47
8.510000000000000000e+02 1.891177270298896677e-47
8.520000000000000000e+02 1.580891989701214751e-47
8.530000000000000000e+02 1.809911735258560341e-47
8.540000000000000000e+02 1.994359714895251797e-47
8.550000000000000000e+02 2.099696610656085568e-47
8.560000000000000000e+02 2.266616285170294277e-47
8.570000000000000000e+02 1.892749287596404203e-47
8.580000000000000000e+02 1.666663604514914497e-47
8.590000000000000000e+02 1.937886902827644626e-47
8.600000000000000000e+02 2.021350220495406684e-47
8.610000000000000000e+02 1.796201532055805553e-47
8.620000000000000000e+02 1.817597026071710875e-47
8.630000000000000000e+02 1.774131951800279881e-47
8.640000000000000000e+02 2.067615948921818309e-47
8.650000000000000000e+02 2.435932692501959507e-47
8.660000000000000000e+02 2.070067619617532164e-47
8.670000000000000000e+02 1.870446700856125322e-47
8.680000000000000000e+02 2.080099419428704443e-47
8.690000000000000000e+02 1.998466149094015422e-47
8.700000000000000000e+02 1.774735902168592843e-47
8.710000000000000000e+02 1.675556767058557980e-47
8.720000000000000000e+02 2.143089263391459316e-47
8.730000000000000000e+02 2.244275171130688066e-47
8.740000000000000000e+02 1.871256716508456218e-47
8.750000000000000000e+02 1.828602625680164669e-47
8.760000000000000000e+02 1.987414318205345762e-47
8.770000000000000000e+02 2.161736989774684542e-47
8.780000000000000000e+02 2.372432837054054441e-47
8.790000000000000000e+02 2.059530714743220666e-47
8.800000000000000000e+02 1.831026602275779654e-47
8.810000000000000000e+02 2.003022930365879827e-47
8.820000000000000000e+02 1.823591245813743118e-47
8.830000000000000000e+02 1.742152826867097874e-47
8.840000000000000000e+02 1.593125670249000963e-47
8.850000000000000000e+02 2.142969784604933645e-47
8.860000000000000000e+02 2.161939373064460259e-47
8.870000000000000000e+02 2.219865099599107289e-47
8.880000000000000000e+02 2.579604917205598547e-47
8.890000000000000000e+02 2.328897378661007555e-47
8.900000000000000000e+02 2.215144737529939594e-47
8.910000000000000000e+02 1.986631290560244633e-47
8.920000000000000000e+02 2.488830174005216754e-47
8.930000000000000000e+02 2.209463104498901428e-47
8.940000000000000000e+02 1.777699312360652818e-47
8.950000000000000000e+02 2.044197426794947390e-47
8.960000000000000000e+02 1.639618610215138162e-47
8.970000000000000000e+02 1.786062336701924786e-47
8.980000000000000000e+02 2.137218717546439730e-47
8.990000000000000000e+02 2.181839325844202342e-47
9.000000000000000000e+02 1.960868111961543303e-47
9.010000000000000000e+02 1.780166302599832805e-47
9.020000000000000000e+02 1.643877921404331230e-47
9.030000000000000000e+02 1.653164559750089805e-47
9.040000000000000000e+02 1.523436392693782024e-47
9.050000000000000000e+02 1.459409068203313028e-47
9.060000000000000000e+02 1.952894105900813141e-47
9.070000000000000000e+02 2.157204610131933196e-47
9.080000000000000000e+02 1.994275864609066617e-47
9.090000000000000000e+02 1.781930164941503267e-47
9.100000000000000000e+02 1.833342421564691502e-47
9.110000000000000000e+02 1.917794765453475152e-47
9.120000000000000000e+02 2.247383144251794713e-47
9.130000000000000000e+02 2.278551295589444640e-47
9.140000000000000000e+02 2.059852927148198225e-47
9.150000000000000000e+02 2.128773606579981690e-47
9.160000000000000000e+02 2.238036430434141895e-47
9.170000000000000000e+02 1.926469164554276506e-47
9.180000000000000000e+02 2.333404741562064904e-47
9.190000000000000000e+02 2.703215402261215907e-47
9.200000000000000000e+02 2.007215162979727902e-47
9.210000000000000000e+02 2.072766451276233380e-47
9.220000000000000000e+02 2.739692921936788097e-47
9.230000000000000000e+02 2.885773749594525635e-47
9.240000000000000000e+02 2.560292135084221889e-47
9.250000000000000000e+02 2.487200461884402903e-47
9.260000000000000000e+02 1.775754039137657565e-47
9.270000000000000000e+02 1.987150909132594715e-47
9.280000000000000000e+02 2.414643556973727117e-47
9.290000000000000000e+02 2.401099507168346499e-47
9.300000000000000000e+02 2.076254802876120392e-47
9.310000000000000000e+02 2.314115271789618382e-47
9.320000000000000000e+02 2.188230231792575721e-47
9.330000000000000000e+02 1.968522995351786024e-47
9.340000000000000000e+02 2.559813761156195420e-47
9.350000000000000000e+02 2.750263594251975758e-47
9.360000000000000000e+02 2.630631231057404938e-47
9.370000000000000000e+02 2.133638883557647114e-47
9.380000000000000000e+02 2.038612684972487553e-47
9.390000000000000000e+02 1.906317835972850723e-47
9.400000000000000000e+02 1.603052722356880218e-47
9.410000000000000000e+02 2.016331559128945348e-47
9.420000000000000000e+02 2.002335823101531791e-47
9.430000000000000000e+02 2.249043949786802258e-47
9.440000000000000000e+02 2.210648604881634194e-47
9.450000000000000000e+02 2.845570916829231624e-47
9.460000000000000000e+02 3.005463865635244210e-47
9.470000000000000000e+02 2.407463024622706001e-47
9.480000000000000000e+02 2.800734074697433787e-47
9.490000000000000000e+02 2.723975019801498833e-47
9.500000000000000000e+02 2.571854195038164998e-47
9.510000000000000000e+02 2.194193464812423611e-47
9.520000000000000000e+02 2.034101020685859372e-47
9.530000000000000000e+02 2.245384939368176536e-47
9.540000000000000000e+02 2.756858226916679198e-47
9.550000000000000000e+02 2.373723438095150586e-47
9.560000000000000000e+02 2.552930689226700475e-47
9.570000000000000000e+02 2.298293918929739498e-47
9.580000000000000000e+02 2.243120749331273266e-47
9.590000000000000000e+02 2.551446467149133260e-47
9.600000000000000000e+02 3.066710176174103273e-47
9.610000000000000000e+02 2.791659009290687159e-47
9.620000000000000000e+02 2.589796984916199391e-47
9.630000000000000000e+02 2.106799525261929289e-47
9.640000000000000000e+02 2.256170220086653515e-47
9.650000000000000000e+02 2.135070105951664151e-47
9.660000000000000000e+02 2.564220040714152960e-47
9.670000000000000000e+02 2.474223977796587475e-47
9.680000000000000000e+02 1.924531623152686057e-47
9.690000000000000000e+02 1.987862320908613692e-47
9.700000000000000000e+02 2.558907151214705485e-47
9.710000000000000000e+02 2.490848848158215280e-47
9.720000000000000000e+02 1.933797788969495310e-47
9.730000000000000000e+02 2.236633643108731032e-47
9.740000000000000000e+02 1.986315107955436908e-47
9.750000000000000000e+02 2.195398608813299508e-47
9.760000000000000000e+02 2.289880362727914701e-47
9.770000000000000000e+02 2.747117662903717141e-47
9.780000000000000000e+02 2.717074773917799102e-47
9.790000000000000000e+02 2.688486590704419582e-47
9.800000000000000000e+02 2.625270567595274567e-47
9.810000000000000000e+02 2.517550866989664526e-47
9.820000000000000000e+02 2.622960966497311675e-47
9.830000000000000000e+02 2.417238597974295830e-47
9.840000000000000000e+02 2.389684284514761978e-47
9.850000000000000000e+02 2.192637914228004325e-47
9.860000000000000000e+02 2.176258029611467780e-47
9.870000000000000000e+02 2.629852530388282284e-47
9.880000000000000000e+02 2.567561784760423025e-47
9.890000000000000000e+02 2.643659369175579522e-47
9.900000000000000000e+02 2.161736620435062542e-47
9.910000000000000000e+02 2.476017761550071316e-47
9.920000000000000000e+02 2.727009984766882852e-47
9.930000000000000000e+02 2.800843193387716788e-47
9.940000000000000000e+02 2.949846057597709116e-47
9.950000000000000000e+02 5.700266752990149876e-46
9.960000000000000000e+02 5.282777303632233907e-45
9.970000000000000000e+02 3.133868041528623895e-45
9.980000000000000000e+02 6.564776206294252041e-47
9.990000000000000000e+02 2.396809450062983401e-47
1.000000000000000000e+03 2.622213840046038275e-47
1.001000000000000000e+03 1.985403812639281253e-47
1.002000000000000000e+03 2.267330087107913780e-47
1.003000000000000000e+03 4.322359745919392391e-47
1.004000000000000000e+03 7.115051229433562046e-46
1.005000000000000000e+03 1.073817355704600984e-45
1.006000000000000000e+03 9.735662495210871654e-47
1.007000000000000000e+03 2.567871317029667744e-46
1.008000000000000000e+03 3.717095181489601036e-45
1.009000000000000000e+03 1.501414194601790338e-44
1.010000000000000000e+03 1.775283410103670220e-44
1.011000000000000000e+03 6.262795485157766836e-45
1.012000000000000000e+03 1.231314637692884495e-45
1.013000000000000000e+03 3.392991414746896174e-46
1.014000000000000000e+03 1.950323006800466871e-46
1.015000000000000000e+03 2.241594124016691583e-46
1.016000000000000000e+03 2.404203350056091031e-46
1.017000000000000000e+03 3.191804844847400248e-46
1.018000000000000000e+03 2.674944410915520748e-46
1.019000000000000000e+03 5.686932735920860804e-47
1.020000000000000000e+03 2.296318462029854248e-47
1.021000000000000000e+03 2.262199791074964588e-47
1.022000000000000000e+03 5.303298209650208104e-46
1.023000000000000000e+03 4.056800776172638831e-45
1.024000000000000000e+03 5.233317250228672614e-45
1.025000000000000000e+03 7.915128973356101940e-45
1.026000000000000000e+03 1.106098037352598060e-45
1.027000000000000000e+03 3.315925820322444352e-47
1.028000000000000000e+03 2.943318749446907933e-47
1.029000000000000000e+03 2.956497379313556759e-47
1.030000000000000000e+03 2.237330366918126479e-47
1.031000000000000000e+03 2.175329530643440334e-47
1.032000000000000000e+03 1.953055361996423336e-47
1.033000000000000000e+03 2.535265827521223995e-47
1.034000000000000000e+03 2.913300681880360553e-47
1.035000000000000000e+03 2.605296157082737713e-47
1.036000000000000000e+03 2.367206046336236986e-47
1.037000000000000000e+03 2.966051029525456421e-47
1.038000000000000000e+03 3.395090672724370196e-47
1.039000000000000000e+03 2.523458911991259439e-47
1.040000000000000000e+03 2.695850066899100948e-47
1.041000000000000000e+03 3.239577244064954246e-47
1.042000000000000000e+03 3.019094565484640091e-47
1.043000000000000000e+03 2.264594108168723771e-47
1.044000000000000000e+03 2.478136946695003191e-47
1.045000000000000000e+03 3.156537174226156086e-47
1.046000000000000000e+03 3.067534670980145167e-47
1.047000000000000000e+03 2.540737777553315201e-47
1.048000000000000000e+03 2.318243334594640952e-47
1.049000000000000000e+03 2.222965718954876635e-47
1.050000000000000000e+03 2.475777872427287352e-47
1.051000000000000000e+03 2.594830308291808898e-47
1.052000000000000000e+03 2.421811400366961090e-47
1.053000000000000000e+03 2.430177613506342096e-47
1.054000000000000000e+03 2.320480415029149792e-47
1.055000000000000000e+03 2.679577071336333014e-47
1.056000000000000000e+03 2.731601553311689964e-47
1.057000000000000000e+03 2.037533779957069204e-47
1.058000000000000000e+03 2.174514925878773283e-47
1.059000000000000000e+03 2.469901361845125026e-47
1.060000000000000000e+03 2.434102615814821552e-47
1.061000000000000000e+03 2.745354736385810611e-47
1.062000000000000000e+03 2.708706301492115509e-47
1.063000000000000000e+03 3.159761141169355771e-47
1.064000000000000000e+03 2.540924021461004955e-47
1.065000000000000000e+03 1.905146615789097809e-47
1.066000000000000000e+03 2.376840335661931639e-47
1.067000000000000000e+03 2.665366299348286424e-47
1.068000000000000000e+03 2.633988078020935869e-47
1.069000000000000000e+03 2.282211472403970186e-47
1.070000000000000000e+03 3.161626310584296319e-47
1.071000000000000000e+03 2.961162502260523070e-47
1.072000000000000000e+03 3.237473944021470497e-47
1.073000000000000000e+03 2.896651334415147712e-47
1.074000000000000000e+03 2.520525269277821911e-47
1.075000000000000000e+03 2.699861812762694447e-47
1.076000000000000000e+03 3.340550015554006850e-47
1.077000000000000000e+03 2.769441287297309578e-47
1.078000000000000000e+03 2.508096179263405560e-47
1.079000000000000000e+03 2.704823635134790517e-47
1.080000000000000000e+03 2.529575532362894729e-47
1.081000000000000000e+03 2.771551875428867859e-47
1.082000000000000000e+03 3.431960514041255218e-47
1.083000000000000000e+03 3.658617993256238302e-47
1.084000000000000000e+03 2.864698763596944234e-47
1.085000000000000000e+03 2.564689789308392261e-47
1.086000000000000000e+03 2.744904124176223603e-47
1.087000000000000000e+03 2.983484784371997981e-47
1.088000000000000000e+03 2.577977271016852568e-47
1.089000000000000000e+03 2.654666766849800583e-47
1.090000000000000000e+03 2.526091253585187261e-47
1.091000000000000000e+03 3.190779962584887692e-47
1.092000000000000000e+03 3.151518066486349667e-47
1.093000000000000000e+03 2.505085803440690504e-47
1.094000000000000000e+03 2.806099343089675282e-47
1.095000000000000000e+03 2.988771390111526851e-47
1.096000000000000000e+03 3.371679659263146314e-47
1.097000000000000000e+03 2.640842192842991884e-47
1.098000000000000000e+03 2.571436256694265197e-47
1.099000000000000000e+03 2.400860706308573921e-47
1.100000000000000000e+03 2.272726265272702852e-47
1.101000000000000000e+03 2.937275461149213806e-47
1.102000000000000000e+03 3.481796918057121973e-47
1.103000000000000000e+03 3.151624480916727339e-47
1.104000000000000000e+03 3.080382914827356261e-47
1.105000000000000000e+03 2.960055130151970528e-47
1.106000000000000000e+03 2.992939126560164165e-47
1.107000000000000000e+03 3.240736747383769765e-47
1.108000000000000000e+03 3.244898424484748127e-47
1.109000000000000000e+03 3.017582108484881452e-47
1.110000000000000000e+03 2.747784234441562778e-47
1.111000000000000000e+03 3.224618167660997830e-47
1.112000000000000000e+03 3.128661581595715627e-47
1.113000000000000000e+03 3.503013643153905196e-47
1.114000000000000000e+03 3.681053844140973269e-47
1.115000000000000000e+03 2.711585686909551532e-47
1.116000000000000000e+03 2.819653558916030301e-47
1.117000000000000000e+03 3.114139863573929112e-47
1.118000000000000000e+03 3.006072562321078355e-47
1.119000000000000000e+03 3.049141246474505514e-47
1.120000000000000000e+03 2.765358947373906785e-47
1.121000000000000000e+03 3.136087522020765901e-47
1.122000000000000000e+03 2.903314688129876130e-47
1.123000000000000000e+03 2.568106444729257285e-47
1.124000000000000000e+03 2.578988576996461084e-47
1.125000000000000000e+03 2.607291088832101210e-47
1.126000000000000000e+03 3.343521865850894374e-47
1.127000000000000000e+03 3.777991864185844723e-47
1.128000000000000000e+03 2.918758395683160158e-47
1.129000000000000000e+03 2.798173800447938880e-47
1.130000000000000000e+03 3.077892117980274457e-47
1.131000000000000000e+03 2.977949783736142480e-47
1.132000000000000000e+03 3.553542120657048779e-47
1.133000000000000000e+03 3.161652568946900395e-47
1.134000000000000000e+03 2.996529754527085237e-47
1.135000000000000000e+03 2.900768487502539827e-47
1.136000000000000000e+03 3.081839933967954847e-47
1.137000000000000000e+03 2.446201642366867327e-47
1.138000000000000000e+03 2.711860977715677434e-47
1.139000000000000000e+03 3.091367430020983468e-47
1.140000000000000000e+03 3.142837493151879255e-47
1.141000000000000000e+03 3.227829465993603610e-47
1.142000000000000000e+03 3.263975061327775520e-47
1.143000000000000000e+03 3.117592409176369653e-47
1.144000000000000000e+03 2.868266709341384463e-47
1.145000000000000000e+03 2.827892602946956536e-47
1.146000000000000000e+03 4.092146105186745797e-47
1.147000000000000000e+03 3.422038800892141231e-47
1.148000000000000000e+03 2.928380712654937498e-47
1.149000000000000000e+03 3.318824097844297156e-47
1.150000000000000000e+03 2.666968916199689789e-47
1.151000000000000000e+03 2.494994479996331908e-47
1.152000000000000000e+03 2.753226553767857475e-47
1.153000000000000000e+03 3.331874637640686239e-47
1.154000000000000000e+03 3.190055444107498583e-47
1.155000000000000000e+03 2.492829928629591978e-47
1.156000000000000000e+03 2.813823214336992798e-47
1.157000000000000000e+03 2.637437628716776321e-47
1.158000000000000000e+03 3.061973670471235259e-47
1.159000000000000000e+03 3.538206614704509176e-47
1.160000000000000000e+03 3.458925329817182563e-47
1.161000000000000000e+03 3.258757336263613309e-47
1.162000000000000000e+03 3.111199226885732903e-47
1.163000000000000000e+03 1.663673921010979567e-46
1.164000000000000000e+03 4.075417490766588012e-46
1.165000000000000000e+03 9.118736709839100052e-47
1.166000000000000000e+03 1.266734865228147908e-46
1.167000000000000000e+03 1.874402326552427680e-46
1.168000000000000000e+03 7.675124847545562358e-47
1.169000000000000000e+03 4.361856586282052642e-47
1.170000000000000000e+03 3.401702169161364109e-47
1.171000000000000000e+03 3.298364792035578240e-47
1.172000000000000000e+03 3.579925656439462445e-47
1.173000000000000000e+03 3.196994583511667554e-47
1.174000000000000000e+03 2.927323133704253924e-47
1.175000000000000000e+03 3.279054330441607848e-47
1.176000000000000000e+03 3.776541141294350464e-47
1.177000000000000000e+03 3.521364551870468524e-47
1.178000000000000000e+03 2.809127473333960073e-47
1.179000000000000000e+03 3.280177550278744291e-47
1.180000000000000000e+03 3.029445167237928414e-47
1.181000000000000000e+03 3.605756642463694119e-47
1.182000000000000000e+03 3.330044318535643924e-47
1.183000000000000000e+03 3.059351289428519936e-47
1.184000000000000000e+03 2.878697026994489886e-47
1.185000000000000000e+03 3.440358756353625814e-47
1.186000000000000000e+03 3.029668482153690309e-47
1.187000000000000000e+03 7.586129919639560399e-47
1.188000000000000000e+03 6.286749120488387075e-47
1.189000000000000000e+03 3.395983077835462060e-47
1.190000000000000000e+03 3.006918642520126891e-47
1.191000000000000000e+03 2.940110258484701128e-47
1.192000000000000000e+03 3.423046233040105077e-47
1.193000000000000000e+03 3.467751022982756904e-47
1.194000000000000000e+03 3.482885932033691229e-47
1.195000000000000000e+03 3.661075889790559543e-47
1.196000000000000000e+03 3.915120781893687061e-47
1.197000000000000000e+03 3.285949075788684615e-47
1.198000000000000000e+03 2.630947690402402274e-47
1.199000000000000000e+03 2.722961188811671467e-47
1.200000000000000000e+03 3.032803096866576299e-47
1.201000000000000000e+03 3.558283282386258326e-47
1.202000000000000000e+03 4.081376836929683143e-47
1.203000000000000000e+03 3.944908602574295466e-47
1.204000000000000000e+03 3.742431533864627504e-47
1.205000000000000000e+03 3.433103503948324350e-47
1.206000000000000000e+03 3.190158407481363568e-47
1.207000000000000000e+03 3.921759367658861121e-47
1.208000000000000000e+03 4.084832678601835475e-47
1.209000000000000000e+03 4.286267075486592358e-47
1.210000000000000000e+03 4.663069013684009663e-47
1.211000000000000000e+03 4.235039296156585599e-47
1.212000000000000000e+03 4.234449696235847235e-47
1.213000000000000000e+03 3.795348607343571820e-47
1.214000000000000000e+03 3.324297192557003448e-47
1.215000000000000000e+03 4.001316946927052491e-47
1.216000000000000000e+03 3.906943492722167006e-47
1.217000000000000000e+03 2.979612676907140285e-47
1.218000000000000000e+03 3.915477261107998649e-47
1.219000000000000000e+03 3.540174649342580771e-47
1.220000000000000000e+03 3.793654169907880576e-47
1.221000000000000000e+03 3.847850752792927263e-47
1.222000000000000000e+03 3.813229679974519564e-47
1.223000000000000000e+03 3.582306442205433240e-47
1.224000000000000000e+03 3.375841646417858000e-47
1.225000000000000000e+03 3.657041025285016410e-47
1.226000000000000000e+03 3.923509548646140775e-47
1.227000000000000000e+03 3.891499778532358545e-47
1.228000000000000000e+03 3.856795554992502865e-47
1.229000000000000000e+03 4.101110362603485499e-47
1.230000000000000000e+03 3.552903359642967171e-47
1.231000000000000000e+03 3.354106465540244102e-47
1.232000000000000000e+03 3.519903089371033483e-47
1.233000000000000000e+03 3.383997167399110195e-47
1.234000000000000000e+03 3.313732408823930792e-47
1.235000000000000000e+03 4.012533916909348469e-47
1.236000000000000000e+03 4.203666825367327145e-47
1.237000000000000000e+03 3.405265716886466743e-47
1.238000000000000000e+03 3.507184868029087949e-47
1.239000000000000000e+03 3.600501596480568563e-47
1.240000000000000000e+03 3.453074622592189860e-47
1.241000000000000000e+03 3.356763788566946636e-47
1.242000000000000000e+03 4.284010643692331930e-47
1.243000000000000000e+03 3.938194357439274462e-47
1.244000000000000000e+03 4.115356761790240939e-47
1.245000000000000000e+03 3.684045554060561078e-47
1.246000000000000000e+03 4.272141649234491357e-47
1.247000000000000000e+03 3.965438147028053054e-47
1.248000000000000000e+03 3.483756196791935630e-47
1.249000000000000000e+03 3.855880689540301179e-47
1.250000000000000000e+03 4.472829623162576328e-47
1.251000000000000000e+03 4.345688782707609667e-47
1.252000000000000000e+03 3.586622714545607371e-47
1.253000000000000000e+03 4.407989507112494941e-47
1.254000000000000000e+03 4.073302941504167031e-47
1.255000000000000000e+03 4.172972996559948062e-47
1.256000000000000000e+03 4.853762508803803304e-47
1.257000000000000000e+03 3.963067583884140618e-47
1.258000000000000000e+03 3.989639578082927218e-47
1.259000000000000000e+03 4.858862147711761408e-47
1.260000000000000000e+03 6.103689409726323889e-47
1.261000000000000000e+03 4.947269538925166970e-47
1.262000000000000000e+03 4.393269500297695312e-47
1.263000000000000000e+03 3.766355096302088689e-47
1.264000000000000000e+03 4.203808366645920965e-47
1.265000000000000000e+03 3.919985978197814021e-47
1.266000000000000000e+03 3.592622737617815707e-47
1.267000000000000000e+03 3.758995311312519685e-47
1.268000000000000000e+03 4.242017078852803738e-47
1.269000000000000000e+03 4.695487608249476400e-47
1.270000000000000000e+03 4.215943617846518936e-47
1.271000000000000000e+03 4.321654559655564201e-47
1.272000000000000000e+03 4.547364813586046451e-47
1.273000000000000000e+03 4.046631004751034105e-47
1.274000000000000000e+03 4.179871572117930024e-47
1.275000000000000000e+03 3.866317413255228491e-47
1.276000000000000000e+03 3.932341661432680735e-47
1.277000000000000000e+03 4.475577873862044944e-47
1.278000000000000000e+03 4.366291004835960808e-47
1.279000000000000000e+03 4.295500407607822696e-47
1.280000000000000000e+03 4.302943750542411453e-47
1.281000000000000000e+03 4.055278538808113936e-47
1.282000000000000000e+03 3.904027317523513632e-47
1.283000000000000000e+03 4.369930973708886889e-47
1.284000000000000000e+03 3.729956944141770428e-47
1.285000000000000000e+03 4.985779782604608982e-47
1.286000000000000000e+03 4.500704613625326645e-47
1.287000000000000000e+03 3.353879114780762387e-47
1.288000000000000000e+03 2.972341966144696979e-47
1.289000000000000000e+03 3.612311848245626954e-47
1.290000000000000000e+03 3.641143286090885968e-47
1.291000000000000000e+03 4.025544726819853049e-47
1.292000000000000000e+03 3.861199528773687001e-47
1.293000000000000000e+03 4.562762517099704337e-47
1.294000000000000000e+03 4.351470777218790585e-47
1.295000000000000000e+03 3.207676385977547532e-47
1.296000000000000000e+03 4.076431350709953470e-47
1.297000000000000000e+03 3.813860448162717413e-47
1.298000000000000000e+03 4.185235618838841679e-47
1.299000000000000000e+03 4.297555228309324514e-47
1.300000000000000000e+03 3.324824233910071127e-47
1.301000000000000000e+03 3.423853848068800855e-47
1.302000000000000000e+03 3.917571386124713114e-47
1.303000000000000000e+03 3.863285520109003106e-47
1.304000000000000000e+03 3.766198970888523972e-47
1.305000000000000000e+03 3.928966881538876284e-47
1.306000000000000000e+03 3.307475555374528001e-47
1.307000000000000000e+03 3.239261257330025925e-47
1.308000000000000000e+03 3.532688143368979818e-47
1.309000000000000000e+03 3.822265278935256390e-47
1.310000000000000000e+03 3.988433829988082710e-47
1.311000000000000000e+03 5.761005065660412853e-47
1.312000000000000000e+03 1.638520139160032135e-46
1.313000000000000000e+03 1.945422483495869300e-46
1.314000000000000000e+03 4.717534863265626373e-47
1.315000000000000000e+03 4.562522309586931072e-47
1.316000000000000000e+03 3.825129466156746051e-47
1.317000000000000000e+03 3.604448710393348668e-47
1.318000000000000000e+03 3.963689366935337041e-47
1.319000000000000000e+03 4.526722407389040984e-47
1.320000000000000000e+03 4.175221806148998668e-47
1.321000000000000000e+03 3.066233609249055661e-47
1.322000000000000000e+03 4.380514428764772541e-47
1.323000000000000000e+03 3.811671694652438462e-47
1.324000000000000000e+03 2.601245489173469261e-47
1.325000000000000000e+03 2.957628365033653747e-47
1.326000000000000000e+03 4.095511945736359828e-47
1.327000000000000000e+03 4.439988898973659140e-47
1.328000000000000000e+03 3.671107764455979689e-47
1.329000000000000000e+03 3.243804831225133756e-47
1.330000000000000000e+03 3.738562263520606958e-47
1.331000000000000000e+03 4.123480179301847325e-47
1.332000000000000000e+03 4.058595481197375869e-47
1.333000000000000000e+03 4.270056619735669813e-47
1.334000000000000000e+03 4.282593618148600152e-47
1.335000000000000000e+03 3.670586834536873379e-47
1.336000000000000000e+03 4.061407170123702962e-47
1.337000000000000000e+03 5.100040706420082500e-47
1.338000000000000000e+03 4.448635612126467397e-47
1.339000000000000000e+03 3.982843116268157455e-47
1.340000000000000000e+03 3.961880080087168656e-47
1.341000000000000000e+03 4.181509128920012588e-47
1.342000000000000000e+03 4.167318434180719525e-47
1.343000000000000000e+03 4.527192934063400637e-47
1.344000000000000000e+03 4.491131757663959203e-47
1.345000000000000000e+03 4.731245526955249234e-47
1.346000000000000000e+03 3.784125263631464802e-47
1.347000000000000000e+03 3.432205390888945494e-47
1.348000000000000000e+03 3.762192584928454750e-47
1.349000000000000000e+03 4.091967607691067172e-47
1.350000000000000000e+03 3.994957303870116706e-47
1.351000000000000000e+03 3.206715320210807088e-47
1.352000000000000000e+03 3.210121385336933841e-47
1.353000000000000000e+03 4.497174272974947982e-47
1.354000000000000000e+03 4.994634561927948523e-47
1.355000000000000000e+03 4.907325466177629194e-47
1.356000000000000000e+03 3.426311526675743163e-47
1.357000000000000000e+03 3.449953027831023286e-47
1.358000000000000000e+03 4.337283962344549487e-47
1.359000000000000000e+03 3.706106595756836527e-47
1.360000000000000000e+03 3.146436452694138118e-47
1.361000000000000000e+03 3.371567325685853208e-47
1.362000000000000000e+03 3.587833041401799259e-47
1.363000000000000000e+03 3.507800929543077009e-47
1.364000000000000000e+03 3.984912885756264669e-47
1.365000000000000000e+03 3.508903696042903959e-47
1.366000000000000000e+03 4.315562446990204274e-47
1.367000000000000000e+03 4.293995378904490229e-47
1.368000000000000000e+03 4.698711536506127989e-47
1.369000000000000000e+03 4.124707300953925157e-47
1.370000000000000000e+03 3.794769239885526729e-47
1.371000000000000000e+03 3.862367995766941205e-47
1.372000000000000000e+03 3.737445685431614799e-47
1.373000000000000000e+03 3.512758975824349414e-47
1.374000000000000000e+03 2.866923461282055667e-47
1.375000000000000000e+03 3.152767521071169676e-47
1.376000000000000000e+03 3.526113780126502894e-47
1.377000000000000000e+03 4.619396094809967800e-47
1.378000000000000000e+03 4.266857005056507874e-47
1.379000000000000000e+03 3.342781443037850671e-47
1.380000000000000000e+03 3.896638217003707429e-47
1.381000000000000000e+03 3.630785400228429627e-47
1.382000000000000000e+03 3.676696269965132490e-47
1.383000000000000000e+03 3.708143790287717939e-47
1.384000000000000000e+03 4.187759913164684972e-47
1.385000000000000000e+03 4.513052769407460099e-47
1.386000000000000000e+03 4.707275622221526445e-47
1.387000000000000000e+03 4.639236947081440299e-47
1.388000000000000000e+03 4.058321872108178242e-47
1.389000000000000000e+03 3.571989068652547723e-47
1.390000000000000000e+03 4.336552070140724668e-47
1.391000000000000000e+03 3.648344240904919831e-47
1.392000000000000000e+03 4.908824792553582103e-47
1.393000000000000000e+03 4.493781454257441017e-47
1.394000000000000000e+03 3.445711094770925011e-47
1.395000000000000000e+03 3.819388616191583661e-47
1.396000000000000000e+03 5.261573951944989634e-47
1.397000000000000000e+03 4.556043348062004151e-47
1.398000000000000000e+03 4.993919981023462051e-47
1.399000000000000000e+03 5.075148021760938697e-47
1.400000000000000000e+03 3.624734870435345296e-47
1.401000000000000000e+03 3.802754771796412710e-47
1.402000000000000000e+03 4.121486482078875725e-47
1.403000000000000000e+03 3.834030200717144738e-47
1.404000000000000000e+03 4.399862072577413420e-47
1.405000000000000000e+03 4.660014580047285011e-47
1.406000000000000000e+03 4.473342667630795572e-47
1.407000000000000000e+03 3.884771881146506117e-47
1.408000000000000000e+03 5.644597902043260673e-47
1.409000000000000000e+03 4.844928994858841423e-47
1.410000000000000000e+03 4.361899688604939588e-47
1.411000000000000000e+03 4.781953902836096681e-47
1.412000000000000000e+03 4.570739304142827554e-47
1.413000000000000000e+03 4.058966908432381147e-47
1.414000000000000000e+03 4.980071054422577018e-47
1.415000000000000000e+03 5.060699767179960874e-47
1.416000000000000000e+03 4.395805783587221401e-47
1.417000000000000000e+03 4.071779893427695257e-47
1.418000000000000000e+03 3.742878900811752344e-47
1.419000000000000000e+03 4.088129013662408873e-47
1.420000000000000000e+03 3.854724243890460452e-47
1.421000000000000000e+03 4.925298321571580807e-47
1.422000000000000000e+03 4.876830159405663613e-47
1.423000000000000000e+03 4.409312677457453025e-47
1.424000000000000000e+03 3.674521326237048609e-47
1.425000000000000000e+03 4.652426615142064089e-47
1.426000000000000000e+03 4.560731653494172752e-47
1.427000000000000000e+03 4.012693726804178598e-47
1.428000000000000000e+03 5.200380235641974735e-47
1.429000000000000000e+03 6.270578839944487731e-47
1.430000000000000000e+03 4.363567204261890263e-47
1.431000000000000000e+03 3.802417599084198521e-47
1.432000000000000000e+03 3.453048997626642852e-47
1.433000000000000000e+03 4.110120523990591449e-47
1.434000000000000000e+03 4.892151491513622701e-47
1.435000000000000000e+03 3.703503856632856584e-47
1.436000000000000000e+03 3.750128146804170887e-47
1.437000000000000000e+03 4.705552736302851107e-47
1.438000000000000000e+03 4.764891522694612904e-47
1.439000000000000000e+03 4.888063620973182410e-47
1.440000000000000000e+03 4.338348724996837658e-47
1.441000000000000000e+03 3.731029141570904380e-47
1.442000000000000000e+03 4.296404244664083903e-47
1.443000000000000000e+03 4.409538037062072104e-47
1.444000000000000000e+03 4.147063636369584422e-47
1.445000000000000000e+03 4.484645420426218846e-47
1.446000000000000000e+03 4.780797016640833230e-47
1.447000000000000000e+03 3.981752387895972673e-47
1.448000000000000000e+03 3.329031181931384630e-47
1.449000000000000000e+03 3.437086596267078839e-47
1.450000000000000000e+03 5.106154469735839165e-47
1.451000000000000000e+03 4.104337690788944035e-47
1.452000000000000000e+03 4.518905570326417654e-47
1.453000000000000000e+03 4.999276080002661407e-47
1.454000000000000000e+03 5.911822894591291713e-47
1.455000000000000000e+03 5.230889832540473104e-47
1.456000000000000000e+03 4.397058090166295889e-47
1.457000000000000000e+03 4.210592771266806137e-47
1.458000000000000000e+03 4.665378537809631253e-47
1.459000000000000000e+03 5.031648615789962630e-47
1.460000000000000000e+03 4.691149647671191219e-47
1.461000000000000000e+03 4.493041176504292371e-47
1.462000000000000000e+03 4.239298915692851997e-47
1.463000000000000000e+03 5.150863990171151476e-47
1.464000000000000000e+03 1.472225257224345405e-45
1.465000000000000000e+03 3.965405137351468810e-45
1.466000000000000000e+03 1.063257377258968970e-45
1.467000000000000000e+03 5.779927054783244400e-47
1.468000000000000000e+03 4.850948237674986953e-47
1.469000000000000000e+03 4.674933844845516160e-47
1.470000000000000000e+03 4.960668619844991208e-47
1.471000000000000000e+03 5.494523176165746199e-47
1.472000000000000000e+03 4.963082482435994566e-47
1.473000000000000000e+03 5.356886926476369492e-47
1.474000000000000000e+03 5.294535671510916850e-47
1.475000000000000000e+03 4.919323938885527515e-47
1.476000000000000000e+03 5.758961176880364527e-47
1.477000000000000000e+03 5.289110325255385972e-47
1.478000000000000000e+03 4.989083651358464750e-47
1.479000000000000000e+03 4.622212748061246565e-47
1.480000000000000000e+03 5.110546570445306134e-47
1.481000000000000000e+03 5.902999127910169995e-47
1.482000000000000000e+03 1.033128002834385813e-45
1.483000000000000000e+03 1.311166702496126711e-44
1.484000000000000000e+03 1.705338495056310904e-44
1.485000000000000000e+03 2.611334243112989504e-45
1.486000000000000000e+03 6.657071493328584208e-47
1.487000000000000000e+03 4.815010043224917597e-47
1.488000000000000000e+03 5.968922047153949373e-47
1.489000000000000000e+03 1.295398569000974419e-45
1.490000000000000000e+03 2.830175425097669221e-45
1.491000000000000000e+03 5.770507104564387938e-46
1.492000000000000000e+03 8.888472020915050401e-45
1.493000000000000000e+03 1.870809055598355258e-44
1.494000000000000000e+03 2.619309530940593502e-45
1.495000000000000000e+03 1.836488183397244853e-45
1.496000000000000000e+03 1.067524601095568629e-44
1.497000000000000000e+03 7.065345047150791297e-45
1.498000000000000000e+03 5.903147903258660636e-46
1.499000000000000000e+03 2.824261089425924900e-45
1.500000000000000000e+03 1.840850409963932713e-45
1.501000000000000000e+03 2.169189344619474983e-45
1.502000000000000000e+03 1.046879265422336470e-45
1.503000000000000000e+03 5.616775250623034921e-47
1.504000000000000000e+03 5.147663789053485367e-47
1.505000000000000000e+03 4.748794538566909907e-47
1.506000000000000000e+03 5.713554535926634058e-47
1.507000000000000000e+03 6.314362362105000392e-47
1.508000000000000000e+03 6.061257951529150170e-47
1.509000000000000000e+03 2.292884242957906878e-46
1.510000000000000000e+03 6.282929770002508129e-45
1.511000000000000000e+03 8.966234794099567899e-45
1.512000000000000000e+03 1.002985319808220905e-44
1.513000000000000000e+03 9.676724806762327407e-45
1.514000000000000000e+03 5.536307505812872798e-46
1.515000000000000000e+03 5.393468983266145749e-47
1.516000000000000000e+03 4.515069134477920327e-47
1.517000000000000000e+03 4.758048973194856197e-47
1.518000000000000000e+03 3.851324870284444421e-47
1.519000000000000000e+03 4.659667305857615748e-47
1.520000000000000000e+03 4.444807492066710683e-47
1.521000000000000000e+03 4.766942452525684547e-47
1.522000000000000000e+03 5.140716947601486014e-47
1.523000000000000000e+03 5.817986737554176404e-47
1.524000000000000000e+03 5.934634772279046477e-47
1.525000000000000000e+03 4.857261019311885146e-47
1.526000000000000000e+03 5.047979534916769527e-47
1.527000000000000000e+03 4.871013794919369365e-47
1.528000000000000000e+03 4.565201031916908538e-47
1.529000000000000000e+03 4.883053345687157864e-47
1.530000000000000000e+03 4.407293714908222785e-47
1.531000000000000000e+03 4.460093355627074004e-47
1.532000000000000000e+03 5.120121062073285391e-47
1.533000000000000000e+03 4.413566776602425711e-47
1.534000000000000000e+03 4.567280195911279269e-47
1.535000000000000000e+03 3.638899237978401769e-47
1.536000000000000000e+03 3.720060113713029732e-47
1.537000000000000000e+03 4.068263445787518169e-47
1.538000000000000000e+03 4.401148042655315391e-47
1.539000000000000000e+03 5.170689753614816643e-47
1.540000000000000000e+03 7.455122396055723133e-47
1.541000000000000000e+03 6.472709895546169595e-47
1.542000000000000000e+03 5.053680231157819744e-47
1.543000000000000000e+03 5.562438357248736316e-47
1.544000000000000000e+03 5.010107191755573423e-47
1.545000000000000000e+03 4.572231898124337487e-47
1.546000000000000000e+03 4.800017707864805694e-47
1.547000000000000000e+03 4.511700403555165220e-47
1.548000000000000000e+03 4.744324366726573063e-47
1.549000000000000000e+03 5.236477066328108338e-47
1.550000000000000000e+03 3.564869292882142315e-47
1.551000000000000000e+03 2.746055678589177632e-47
1.552000000000000000e+03 4.393479352984027917e-47
1.553000000000000000e+03 4.098621360029174598e-47
1.554000000000000000e+03 4.394486965411110335e-47
1.555000000000000000e+03 5.562475149486542426e-47
1.556000000000000000e+03 5.164302453241828639e-47
1.557000000000000000e+03 4.100688763760390359e-47
1.558000000000000000e+03 4.501477554356304472e-47
1.559000000000000000e+03 5.602865846875805666e-47
1.560000000000000000e+03 6.410658537809384714e-47
1.561000000000000000e+03 5.275032337121422716e-47
1.562000000000000000e+03 5.053446356572808991e-47
1.563000000000000000e+03 5.383586701782384078e-47
1.564000000000000000e+03 4.675780779683398569e-47
1.565000000000000000e+03 4.516968166982731566e-47
1.566000000000000000e+03 5.584864583944425595e-47
1.567000000000000000e+03 6.170916688399450646e-47
1.568000000000000000e+03 6.628230686068946240e-47
1.569000000000000000e+03 5.328535656662984587e-47
1.570000000000000000e+03 5.196389322402723891e-47
1.571000000000000000e+03 6.772648504287697563e-47
1.572000000000000000e+03 6.215394625659151725e-47
1.573000000000000000e+03 5.227550540578244282e-47
1.574000000000000000e+03 5.513354536264138228e-47
1.575000000000000000e+03 6.001896195832800649e-47
1.576000000000000000e+03 5.921154748409394845e-47
1.577000000000000000e+03 5.006669817502377299e-47
1.578000000000000000e+03 6.121472393954616851e-47
1.579000000000000000e+03 7.175826485434440019e-47
1.580000000000000000e+03 4.849047750941081693e-47
1.581000000000000000e+03 5.919102306823155747e-47
1.582000000000000000e+03 5.856580355737786391e-47
1.583000000000000000e+03 5.555668994433751879e-47
1.584000000000000000e+03 5.281417138415687113e-47
1.585000000000000000e+03 5.024420602489890852e-47
1.586000000000000000e+03 4.973393680907009910e-47
1.587000000000000000e+03 5.543657710710027069e-47
1.588000000000000000e+03 7.024573384990838275e-47
1.589000000000000000e+03 5.189548770188276287e-47
1.590000000000000000e+03 5.618733605680504971e-47
1.591000000000000000e+03 5.742305162755984568e-47
1.592000000000000000e+03 4.058629600879516525e-47
1.593000000000000000e+03 5.615340282752457411e-47
1.594000000000000000e+03 6.504549572227969816e-47
1.595000000000000000e+03 5.818173143732972374e-47
1.596000000000000000e+03 9.943425585103624859e-47
1.597000000000000000e+03 3.931095107877174538e-46
1.598000000000000000e+03 2.759136602716408120e-45
1.599000000000000000e+03 6.957565463532686518e-44
1.600000000000000000e+03 2.042493666717295843e-43
1.601000000000000000e+03 9.971557641647248684e-44
1.602000000000000000e+03 5.914051826530718497e-45
1.603000000000000000e+03 4.604691413743846992e-46
1.604000000000000000e+03 1.353064542875496864e-46
1.605000000000000000e+03 7.166238620190711058e-47
1.606000000000000000e+03 6.802968103717774840e-47
1.607000000000000000e+03 6.021741846926380851e-47
1.608000000000000000e+03 5.598531062807306705e-47
1.609000000000000000e+03 5.525757339826814807e-47
1.610000000000000000e+03 5.295768646643551722e-47
1.611000000000000000e+03 5.003781057855080793e-47
1.612000000000000000e+03 6.741164359604001313e-47
1.613000000000000000e+03 8.047470692400561118e-47
1.614000000000000000e+03 8.039699692876870156e-47
1.615000000000000000e+03 7.739034392247197522e-47
1.616000000000000000e+03 6.700112451816668775e-47
1.617000000000000000e+03 5.671796562070619823e-47
1.618000000000000000e+03 5.632425912755622448e-47
1.619000000000000000e+03 6.652520720315667013e-47
1.620000000000000000e+03 5.968880889308928115e-47
1.621000000000000000e+03 5.882935518493801391e-47
1.622000000000000000e+03 4.786062635908655562e-47
1.623000000000000000e+03 4.827652042549487874e-47
1.624000000000000000e+03 6.345071956247167628e-47
1.625000000000000000e+03 6.063104610504868851e-47
1.626000000000000000e+03 5.720196850485932388e-47
1.627000000000000000e+03 6.056000364379334923e-47
1.628000000000000000e+03 4.513112045277078830e-47
1.629000000000000000e+03 3.888857394950809065e-47
1.630000000000000000e+03 5.170169691616182778e-47
1.631000000000000000e+03 6.194860938982765051e-47
1.632000000000000000e+03 6.005404868039301863e-47
1.633000000000000000e+03 5.580433389333249642e-47
1.634000000000000000e+03 5.043781153704166265e-47
1.635000000000000000e+03 5.412017603431742089e-47
1.636000000000000000e+03 6.912286952082623291e-47
1.637000000000000000e+03 7.420735891820678801e-47
1.638000000000000000e+03 6.311662267262631922e-47
1.639000000000000000e+03 5.417835462569701358e-47
1.640000000000000000e+03 6.575633163476010050e-47
1.641000000000000000e+03 5.525895364012025049e-47
1.642000000000000000e+03 5.745692359646510112e-47
1.643000000000000000e+03 5.698613730712505124e-47
1.644000000000000000e+03 4.840873272315376186e-47
1.645000000000000000e+03 5.641321757818347607e-47
1.646000000000000000e+03 6.094755323930982565e-47
1.647000000000000000e+03 6.758287935061779765e-47
1.648000000000000000e+03 5.134270611714573609e-47
1.649000000000000000e+03 5.499298303595916299e-47
1.650000000000000000e+03 5.403645345198489940e-47
1.651000000000000000e+03 5.571232317850457413e-47
1.652000000000000000e+03 6.228844378805852161e-47
1.653000000000000000e+03 6.352634052989418952e-47
1.654000000000000000e+03 5.917811098449066962e-47
1.655000000000000000e+03 5.278242558283397448e-47
1.656000000000000000e+03 5.550464940832526618e-47
1.657000000000000000e+03 4.874193883299479355e-47
1.658000000000000000e+03 5.312286217041091530e-47
1.659000000000000000e+03 6.531493743278230706e-47
1.660000000000000000e+03 6.208397898194440481e-47
1.661000000000000000e+03 7.306878190851794387e-47
1.662000000000000000e+03 7.630652928910877379e-47
1.663000000000000000e+03 5.906740911972617241e-47
1.664000000000000000e+03 5.422117169506434861e-47
1.665000000000000000e+03 5.821970521834795922e-47
1.666000000000000000e+03 6.506553822641042007e-47
1.667000000000000000e+03 6.272916241967527168e-47
1.668000000000000000e+03 6.805717890463522243e-47
1.669000000000000000e+03 5.551225224480999670e-47
1.670000000000000000e+03 4.672866095005537670e-47
1.671000000000000000e+03 5.497999997685962763e-47
1.672000000000000000e+03 5.664869336291910458e-47
1.673000000000000000e+03 7.106774751167323209e-47
1.674000000000000000e+03 6.176136394959331415e-47
1.675000000000000000e+03 4.889054159406144910e-47
1.676000000000000000e+03 5.647859623734962992e-47
1.677000000000000000e+03 6.468941720551971971e-47
1.678000000000000000e+03 5.211497928306157694e-47
1.679000000000000000e+03 5.342688575573899032e-47
1.680000000000000000e+03 6.764412140637690345e-47
1.681000000000000000e+03 5.475781003532661536e-47
1.682000000000000000e+03 4.598165349415258719e-47
1.683000000000000000e+03 5.584047415849849044e-47
1.684000000000000000e+03 6.801621253885975690e-47
1.685000000000000000e+03 8.022814846578220565e-47
1.686000000000000000e+03 6.797894501871699412e-47
1.687000000000000000e+03 6.797666817047985329e-47
1.688000000000000000e+03 6.441723161638723799e-47
1.689000000000000000e+03 5.190371986546694417e-47
1.690000000000000000e+03 5.803210502889325832e-47
1.691000000000000000e+03 5.590486508886206114e-47
1.692000000000000000e+03 5.451416687936166452e-47
1.693000000000000000e+03 5.875144898628476761e-47
1.694000000000000000e+03 4.984919849581831589e-47
1.695000000000000000e+03 4.460067544886116384e-47
1.696000000000000000e+03 5.172741157598187731e-47
1.697000000000000000e+03 6.141930523549642899e-47
1.698000000000000000e+03 7.374347021475489223e-47
1.699000000000000000e+03 5.768646047401830218e-47
1.700000000000000000e+03 5.871846190386934264e-47
1.701000000000000000e+03 6.842814465135533896e-47
1.702000000000000000e+03 5.565494944321439637e-47
1.703000000000000000e+03 6.342030059123688483e-47
1.704000000000000000e+03 6.327943408215577456e-47
1.705000000000000000e+03 6.036400276215047734e-47
1.706000000000000000e+03 6.431703518372200514e-47
1.707000000000000000e+03 6.234119021339916534e-47
1.708000000000000000e+03 5.609078419862864543e-47
1.709000000000000000e+03 6.099330282877865199e-47
1.710000000000000000e+03 5.974223143999490625e-47
1.711000000000000000e+03 5.683516210889051128e-47
1.712000000000000000e+03 6.177109184970681796e-47
1.713000000000000000e+03 6.310337384448152521e-47
1.714000000000000000e+03 5.532030246635039893e-47
1.715000000000000000e+03 5.944621948283966929e-47
1.716000000000000000e+03 6.082035457193594063e-47
1.717000000000000000e+03 6.012907983331174710e-47
1.718000000000000000e+03 6.113617981382041086e-47
1.719000000000000000e+03 6.292607611937337475e-47
1.720000000000000000e+03 6.561201450529922082e-47
1.721000000000000000e+03 6.022006361180919641e-47
1.722000000000000000e+03 5.914782648496405759e-47
1.723000000000000000e+03 5.081867487708834499e-47
1.724000000000000000e+03 5.581530209785802235e-47
1.725000000000000000e+03 6.805592793497132852e-47
1.726000000000000000e+03 6.732916994379098265e-47
1.727000000000000000e+03 7.490456026917373202e-47
1.728000000000000000e+03 5.913899417132481982e-47
1.729000000000000000e+03 5.987483586954755115e-47
1.730000000000000000e+03 7.175630113721751213e-47
1.731000000000000000e+03 7.177867814157268413e-47
1.732000000000000000e+03 6.313816901771506830e-47
1.733000000000000000e+03 5.504107517468135343e-47
1.734000000000000000e+03 4.832365443310568858e-47
1.735000000000000000e+03 5.057578976945331349e-47
1.736000000000000000e+03 6.544353165118467564e-47
1.737000000000000000e+03 6.765638075631777768e-47
1.738000000000000000e+03 7.538407675573364642e-47
1.739000000000000000e+03 6.233791590917928327e-47
1.740000000000000000e+03 5.201302234372624162e-47
1.741000000000000000e+03 5.344138886758962102e-47
1.742000000000000000e+03 6.761025840349690657e-47
1.743000000000000000e+03 7.799417619364725913e-47
1.744000000000000000e+03 6.846031131078507147e-47
1.745000000000000000e+03 7.370883429820601406e-47
1.746000000000000000e+03 7.162501748716408788e-47
1.747000000000000000e+03 7.437009301467437308e-47
1.748000000000000000e+03 7.314650956406207459e-47
1.749000000000000000e+03 5.996908007283119128e-47
1.750000000000000000e+03 6.642306417121823774e-47
1.751000000000000000e+03 6.428015274391596264e-47
1.752000000000000000e+03 5.348520528100421474e-47
1.753000000000000000e+03 5.739292502125474558e-47
1.754000000000000000e+03 6.031276283503177935e-47
1.755000000000000000e+03 6.042696402155088170e-47
1.756000000000000000e+03 6.177644635437059818e-47
1.757000000000000000e+03 6.538907254197523247e-47
1.758000000000000000e+03 7.617278788740129893e-47
1.759000000000000000e+03 9.819255933726612502e-47
1.760000000000000000e+03 8.866250007745662248e-47
1.761000000000000000e+03 7.576811245725216456e-47
1.762000000000000000e+03 7.588480437185102389e-47
1.763000000000000000e+03 6.206083153323328167e-47
1.764000000000000000e+03 6.666687943444722014e-47
1.765000000000000000e+03 6.969503453690138507e-47
1.766000000000000000e+03 5.837379526012606008e-47
1.767000000000000000e+03 6.695156352328055040e-47
1.768000000000000000e+03 7.436932875679744365e-47
1.769000000000000000e+03 5.697571097107663943e-47
1.770000000000000000e+03 6.863051961673765357e-47
1.771000000000000000e+03 7.083005995147795436e-47
1.772000000000000000e+03 7.074229552814970858e-47
1.773000000000000000e+03 5.675148518648267715e-47
1.774000000000000000e+03 5.341549531873210860e-47
1.775000000000000000e+03 5.724914588981548255e-47
1.776000000000000000e+03 6.508445839084879223e-47
1.777000000000000000e+03 5.831944540649534145e-47
1.778000000000000000e+03 5.908888279392503306e-47
1.779000000000000000e+03 7.497678171119240279e-47
1.780000000000000000e+03 8.597063381263539398e-47
1.781000000000000000e+03 7.980206161646897684e-47
1.782000000000000000e+03 6.108228103399484312e-47
1.783000000000000000e+03 7.369371808610148290e-47
1.784000000000000000e+03 6.735435154526476788e-47
1.785000000000000000e+03 6.785867727808918055e-47
1.786000000000000000e+03 6.521493542484032191e-47
1.787000000000000000e+03 6.059452614617665145e-47
1.788000000000000000e+03 5.380535926927733783e-47
1.789000000000000000e+03 5.930547212164111681e-47
1.790000000000000000e+03 6.487504014631522477e-47
1.791000000000000000e+03 7.028686440401558272e-47
1.792000000000000000e+03 6.885521034797327420e-47
1.793000000000000000e+03 6.010541149375779375e-47
1.794000000000000000e+03 8.070578305741235504e-47
1.795000000000000000e+03 8.871863346664429984e-47
1.796000000000000000e+03 6.909251264141293014e-47
1.797000000000000000e+03 5.972293188287340454e-47
1.798000000000000000e+03 7.412936058566265124e-47
1.799000000000000000e+03 6.797216262258335798e-47
1.800000000000000000e+03 5.921202709206934826e-47
1.801000000000000000e+03 5.413924906837190247e-47
1.802000000000000000e+03 5.727521290002314564e-47
1.803000000000000000e+03 7.113042602454148863e-47
1.804000000000000000e+03 8.856257110675296845e-47
1.805000000000000000e+03 7.419912519927041482e-47
1.806000000000000000e+03 7.816745945335875221e-47
1.807000000000000000e+03 7.871012912357900626e-47
1.808000000000000000e+03 7.197335362624522221e-47
1.809000000000000000e+03 6.609016204017027747e-47
1.810000000000000000e+03 6.500480614757105865e-47
1.811000000000000000e+03 6.516584765995064697e-47
1.812000000000000000e+03 5.705971969494129652e-47
1.813000000000000000e+03 6.936702600721899072e-47
1.814000000000000000e+03 8.002739564603904830e-47
1.815000000000000000e+03 8.471865878481144244e-47
1.816000000000000000e+03 6.480333454894400842e-47
1.817000000000000000e+03 5.410110460121192257e-47
1.818000000000000000e+03 7.021201705096138478e-47
1.819000000000000000e+03 7.485258713080373727e-47
1.820000000000000000e+03 6.485587218591044108e-47
1.821000000000000000e+03 8.069411886008132000e-47
1.822000000000000000e+03 7.847248884539606805e-47
1.823000000000000000e+03 5.719818147977397945e-47
1.824000000000000000e+03 6.012153671021130763e-47
1.825000000000000000e+03 6.941962712595033690e-47
1.826000000000000000e+03 7.544756276019787345e-47
1.827000000000000000e+03 7.993501377607609907e-47
1.828000000000000000e+03 8.047547699875738390e-47
1.829000000000000000e+03 8.463424578809500853e-47
1.830000000000000000e+03 6.464177818297697384e-47
1.831000000000000000e+03 5.609288548113456623e-47
1.832000000000000000e+03 5.824110553844179782e-47
1.833000000000000000e+03 6.666726286411275393e-47
1.834000000000000000e+03 8.476016858273916632e-47
1.835000000000000000e+03 8.152829286919920680e-47
1.836000000000000000e+03 7.612041870020626238e-47
1.837000000000000000e+03 6.648316324096477252e-47
1.838000000000000000e+03 6.550249798308469702e-47
1.839000000000000000e+03 5.877450299500968596e-47
1.840000000000000000e+03 6.947575309217589260e-47
1.841000000000000000e+03 8.058283238650642482e-47
1.842000000000000000e+03 6.496848721239062078e-47
1.843000000000000000e+03 5.288516486623432031e-47
1.844000000000000000e+03 5.832322077120514780e-47
1.845000000000000000e+03 7.768470136838431894e-47
1.846000000000000000e+03 6.641165082650633613e-47
1.847000000000000000e+03 6.785208899419499027e-47
1.848000000000000000e+03 6.857710526106389108e-47
1.849000000000000000e+03 6.679698913679502833e-47
1.850000000000000000e+03 8.946501424542600089e-47
1.851000000000000000e+03 8.734990464615233931e-47
1.852000000000000000e+03 7.701233125189687936e-47
1.853000000000000000e+03 8.467101307955474900e-47
1.854000000000000000e+03 7.323689061538925184e-47
1.855000000000000000e+03 6.805739125846518984e-47
1.856000000000000000e+03 8.543228573770093888e-47
1.857000000000000000e+03 7.891754745159920631e-47
1.858000000000000000e+03 8.228116583459879922e-47
1.859000000000000000e+03 8.482540844995047089e-47
1.860000000000000000e+03 7.405051178391600418e-47
1.861000000000000000e+03 7.089250620013239542e-47
1.862000000000000000e+03 7.397118630822913486e-47
1.863000000000000000e+03 6.904682910866522583e-47
1.864000000000000000e+03 7.757407567375272980e-47
1.865000000000000000e+03 7.913868196575763429e-47
1.866000000000000000e+03 6.480634464627073198e-47
1.867000000000000000e+03 5.777871637688174886e-47
1.868000000000000000e+03 7.685028902312416679e-47
1.869000000000000000e+03 7.027931814231045388e-47
1.870000000000000000e+03 6.733284155257759548e-47
1.871000000000000000e+03 8.885365358594535305e-47
1.872000000000000000e+03 7.862462724186359981e-47
1.873000000000000000e+03 6.586204609509063113e-47
1.874000000000000000e+03 6.122334751456812092e-47
1.875000000000000000e+03 6.734165568325316361e-47
1.876000000000000000e+03 8.145497635975557218e-47
1.877000000000000000e+03 5.416842846704638417e-47
1.878000000000000000e+03 6.447103831528744709e-47
1.879000000000000000e+03 7.415058697485691827e-47
1.880000000000000000e+03 9.040670836913470974e-47
1.881000000000000000e+03 6.405668616592962821e-47
1.882000000000000000e+03 5.215215702511525530e-47
1.883000000000000000e+03 6.864218590215977089e-47
1.884000000000000000e+03 7.930222658387944754e-47
1.885000000000000000e+03 9.613768079681641140e-47
1.886000000000000000e+03 1.012299719554479152e-46
1.887000000000000000e+03 9.641584369712217360e-47
1.888000000000000000e+03 8.362786747746448427e-47
1.889000000000000000e+03 7.367990678490071465e-47
1.890000000000000000e+03 9.492764616459717193e-47
1.891000000000000000e+03 7.940518434235642351e-47
1.892000000000000000e+03 7.487964129511611117e-47
1.893000000000000000e+03 6.143901533744195219e-47
1.894000000000000000e+03 6.750199957974169128e-47
1.895000000000000000e+03 7.689528579641041103e-47
1.896000000000000000e+03 7.428856315061375831e-47
1.897000000000000000e+03 7.053827044888816636e-47
1.898000000000000000e+03 7.504293567420852523e-47
1.899000000000000000e+03 7.735723859119925097e-47
1.900000000000000000e+03 7.316485726575027514e-47
1.901000000000000000e+03 8.688928465802901132e-47
1.902000000000000000e+03 8.252591277791229002e-47
1.903000000000000000e+03 6.614835077789090684e-47
1.904000000000000000e+03 6.733573682240707795e-47
1.905000000000000000e+03 7.346832608050076750e-47
1.906000000000000000e+03 7.960335518383633704e-47
1.907000000000000000e+03 6.652950565872435247e-47
1.908000000000000000e+03 7.287352863631823676e-47
1.909000000000000000e+03 6.362641004719901037e-47
1.910000000000000000e+03 8.521716953382407087e-47
1.911000000000000000e+03 8.729677667286083114e-47
1.912000000000000000e+03 8.313458918621937772e-47
1.913000000000000000e+03 7.263105090341935990e-47
1.914000000000000000e+03 1.033969242559686130e-46
1.915000000000000000e+03 9.455152967123028719e-47
1.916000000000000000e+03 7.780582787685719789e-47
1.917000000000000000e+03 8.317817233774766901e-47
1.918000000000000000e+03 6.488963807612393028e-47
1.919000000000000000e+03 8.039785881729762112e-47
1.920000000000000000e+03 8.784716094587749058e-47
1.921000000000000000e+03 7.330981001975982621e-47
1.922000000000000000e+03 6.980095891670889019e-47
1.923000000000000000e+03 8.335909772423933442e-47
1.924000000000000000e+03 7.992756358214205762e-47
1.925000000000000000e+03 7.014935410336370136e-47
1.926000000000000000e+03 8.057667260900167893e-47
1.927000000000000000e+03 7.856350588890031692e-47
1.928000000000000000e+03 8.046492953681169201e-47
1.929000000000000000e+03 7.242289036178330682e-47
1.930000000000000000e+03 9.065099205011326239e-47
1.931000000000000000e+03 7.380659994917190019e-47
1.932000000000000000e+03 5.795034090289959881e-47
1.933000000000000000e+03 5.999200443668636385e-47
1.934000000000000000e+03 6.152042575164795945e-47
1.935000000000000000e+03 7.034086442475473335e-47
1.936000000000000000e+03 2.888041332459680228e-46
1.937000000000000000e+03 1.023984788318930918e-45
1.938000000000000000e+03 7.608450901278828460e-46
1.939000000000000000e+03 1.172449602301310639e-46
1.940000000000000000e+03 6.470483866397743125e-47
1.941000000000000000e+03 7.146385888300874802e-47
1.942000000000000000e+03 7.999811197326238403e-47
1.943000000000000000e+03 8.884133119189662604e-47
1.944000000000000000e+03 9.099536476779263458e-47
1.945000000000000000e+03 8.451023957522234466e-47
1.946000000000000000e+03 7.956681903991980313e-47
1.947000000000000000e+03 8.886761895403634779e-47
1.948000000000000000e+03 9.645725826708514538e-47
1.949000000000000000e+03 9.021639046994364919e-47
1.950000000000000000e+03 6.801483860423501148e-47
1.951000000000000000e+03 6.723751719566528020e-47
1.952000000000000000e+03 7.275012347450276090e-46
1.953000000000000000e+03 2.305681088856482708e-45
1.954000000000000000e+03 1.193078933935380248e-45
1.955000000000000000e+03 1.709823042158201953e-46
1.956000000000000000e+03 7.464353673664765244e-47
1.957000000000000000e+03 2.123470084989301101e-46
1.958000000000000000e+03 4.710438614454674150e-45
1.959000000000000000e+03 6.935086568591250565e-45
1.960000000000000000e+03 1.234266023739930264e-45
1.961000000000000000e+03 2.821005280034883343e-46
1.962000000000000000e+03 3.049680948692958626e-45
1.963000000000000000e+03 3.023723992890224889e-45
1.964000000000000000e+03 1.254596364689283249e-45
1.965000000000000000e+03 7.602578438375335468e-45
1.966000000000000000e+03 1.151392973547589752e-44
1.967000000000000000e+03 4.061173752131132873e-45
1.968000000000000000e+03 4.526928911289100661e-46
1.969000000000000000e+03 9.248542645091694037e-47
1.970000000000000000e+03 1.113702439102410269e-46
1.971000000000000000e+03 8.204928055509771677e-46
1.972000000000000000e+03 1.166112599751985787e-45
1.973000000000000000e+03 1.720577461597436271e-46
1.974000000000000000e+03 7.628613694385896731e-47
1.975000000000000000e+03 6.483434389754902696e-47
1.976000000000000000e+03 7.796901207868313805e-47
1.977000000000000000e+03 9.921824770697368743e-47
1.978000000000000000e+03 7.987561262872289366e-47
1.979000000000000000e+03 8.785370544917687699e-47
1.980000000000000000e+03 9.548334845679675596e-47
1.981000000000000000e+03 8.072254109862005084e-47
1.982000000000000000e+03 8.779499520839587749e-47
1.983000000000000000e+03 8.239171270332695898e-47
1.984000000000000000e+03 1.881425064064429997e-46
1.985000000000000000e+03 1.186672032006370392e-45
1.986000000000000000e+03 7.206151165387901180e-46
1.987000000000000000e+03 9.467721501859532224e-47
1.988000000000000000e+03 1.613425384090524022e-46
1.989000000000000000e+03 1.402734434991736011e-46
1.990000000000000000e+03 7.275109406176733974e-47
1.991000000000000000e+03 8.815734858556215531e-47
1.992000000000000000e+03 9.390479542290752120e-47
1.993000000000000000e+03 1.110003881953589207e-45
1.994000000000000000e+03 3.296723302501820489e-45
1.995000000000000000e+03 8.076530956462147225e-46
1.996000000000000000e+03 8.095307837954589760e-47
1.997000000000000000e+03 7.210181159223483965e-47
1.998000000000000000e+03 8.178756989796289113e-47
1.999000000000000000e+03 8.933344561494817270e-47
2.000000000000000000e+03 8.653055493097757670e-47
2.001000000000000000e+03 8.140304213153999246e-47
2.002000000000000000e+03 8.026691000314854523e-47
2.003000000000000000e+03 9.704798955368251549e-47
2.004000000000000000e+03 1.001413227115469277e-46
2.005000000000000000e+03 8.464903631535439016e-47
2.006000000000000000e+03 8.473491268185531380e-47
2.007000000000000000e+03 7.731455351747585483e-47
2.008000000000000000e+03 6.783815068390130512e-47
2.009000000000000000e+03 8.960636820499388572e-47
2.010000000000000000e+03 9.951031149626210527e-47
2.011000000000000000e+03 8.738208968595135700e-47
2.012000000000000000e+03 8.016244473133140913e-47
2.013000000000000000e+03 7.868495122444508565e-47
2.014000000000000000e+03 8.492007413877872785e-47
2.015000000000000000e+03 8.506201023023459689e-47
2.016000000000000000e+03 9.321398890081096965e-47
2.017000000000000000e+03 9.734979696367447071e-47
2.018000000000000000e+03 1.006008689149217112e-46
2.019000000000000000e+03 9.468418701772831312e-47
2.020000000000000000e+03 8.517086675559736841e-47
2.021000000000000000e+03 7.451407285403445624e-47
2.022000000000000000e+03 6.937414397025360641e-47
2.023000000000000000e+03 5.819988915053053357e-47
2.024000000000000000e+03 8.150133519853077787e-47
2.025000000000000000e+03 8.266236414614646441e-47
2.026000000000000000e+03 8.210541164568342285e-47
2.027000000000000000e+03 6.820379574144424366e-47
2.028000000000000000e+03 6.269432437626065122e-47
2.029000000000000000e+03 5.869870335445111855e-47
2.030000000000000000e+03 8.410502800084214463e-47
2.031000000000000000e+03 9.933363395979306096e-47
2.032000000000000000e+03 9.247748349403408522e-47
2.033000000000000000e+03 9.756316077865608200e-47
2.034000000000000000e+03 8.905522687658211514e-47
2.035000000000000000e+03 8.582556441230240248e-47
2.036000000000000000e+03 8.510294226266942920e-47
2.037000000000000000e+03 7.426837199539366707e-47
2.038000000000000000e+03 6.339398890269757164e-47
2.039000000000000000e+03 7.884229095402274706e-47
2.040000000000000000e+03 1.046340186477958499e-46
2.041000000000000000e+03 9.927150738892143464e-47
2.042000000000000000e+03 9.277536334454419425e-47
2.043000000000000000e+03 8.683598661021993416e-47
2.044000000000000000e+03 8.138519368531248622e-47
2.045000000000000000e+03 8.497898677836338073e-47
2.046000000000000000e+03 8.755938743041607007e-47
2.047000000000000000e+03 8.896576164228574896e-47
2.048000000000000000e+03 1.346609138452516244e-46
2.049000000000000000e+03 3.015341239133235395e-44
2.050000000000000000e+03 1.208904963546704163e-43
2.051000000000000000e+03 3.060637976410689625e-44
2.052000000000000000e+03 1.519477369761933833e-46
2.053000000000000000e+03 1.138100163168691797e-46
2.054000000000000000e+03 9.511595829195337773e-47
2.055000000000000000e+03 7.966000319448351042e-47
2.056000000000000000e+03 8.743303258199004407e-47
2.057000000000000000e+03 8.867665968757285982e-47
2.058000000000000000e+03 6.629111501326754534e-47
2.059000000000000000e+03 7.884400800878110497e-47
2.060000000000000000e+03 1.125445302190110245e-46
2.061000000000000000e+03 1.069418887828457464e-46
2.062000000000000000e+03 9.143491887827171274e-47
2.063000000000000000e+03 9.658104689942433030e-47
2.064000000000000000e+03 8.808985009086471457e-47
2.065000000000000000e+03 8.104807127365480872e-47
2.066000000000000000e+03 7.121984206248427692e-47
2.067000000000000000e+03 6.284419510074380719e-47
2.068000000000000000e+03 8.156454115767509026e-47
2.069000000000000000e+03 1.048199571216118440e-46
2.070000000000000000e+03 9.469524263466682572e-47
2.071000000000000000e+03 9.764924116604770832e-47
2.072000000000000000e+03 8.950396190226545489e-47
2.073000000000000000e+03 9.689565351524706512e-47
2.074000000000000000e+03 9.921632162163164038e-47
2.075000000000000000e+03 8.989173649156974477e-47
2.076000000000000000e+03 1.017520448874408291e-46
2.077000000000000000e+03 8.582771397005616903e-47
2.078000000000000000e+03 9.102036910006091189e-47
2.079000000000000000e+03 8.652817308987682857e-47
2.080000000000000000e+03 7.873058354607597046e-47
2.081000000000000000e+03 7.241841825489118867e-47
2.082000000000000000e+03 7.631434383499042212e-47
2.083000000000000000e+03 9.837302648419075360e-47
2.084000000000000000e+03 1.038666423406078279e-46
2.085000000000000000e+03 9.533262859843349536e-47
2.086000000000000000e+03 8.712165431978605346e-47
2.087000000000000000e+03 1.010901461893930314e-46
2.088000000000000000e+03 1.046993867654051622e-46
2.089000000000000000e+03 8.654359863137602797e-47
2.090000000000000000e+03 7.905911586024131217e-47
2.091000000000000000e+03 7.275201226565330872e-47
2.092000000000000000e+03 7.863842615633981886e-47
2.093000000000000000e+03 9.082799417149691399e-47
2.094000000000000000e+03 8.369809441782958876e-47
2.095000000000000000e+03 8.226852526097439462e-47
2.096000000000000000e+03 8.300756030727039675e-47
2.097000000000000000e+03 8.959026538273299321e-47
2.098000000000000000e+03 8.457762155696573311e-47
2.099000000000000000e+03 9.236534010597404300e-47
2.100000000000000000e+03 9.848283114496334974e-47
2.101000000000000000e+03 9.359096068611017887e-47
2.102000000000000000e+03 9.156910813725483787e-47
2.103000000000000000e+03 9.714019466125461149e-47
2.104000000000000000e+03 8.773675773496790097e-47
2.105000000000000000e+03 8.579062698672288894e-47
2.106000000000000000e+03 9.828624219832027189e-47
2.107000000000000000e+03 1.053495248181695945e-46
2.108000000000000000e+03 8.410593841105216240e-47
2.109000000000000000e+03 7.587261345990183734e-47
2.110000000000000000e+03 9.416513373829737384e-47
2.111000000000000000e+03 1.036913094867429339e-46
2.112000000000000000e+03 9.746717553547055069e-47
2.113000000000000000e+03 9.128326083174826302e-47
2.114000000000000000e+03 8.230898316460307517e-47
2.115000000000000000e+03 7.691578307526013478e-47
2.116000000000000000e+03 8.689996309346165292e-47
2.117000000000000000e+03 7.362419319860565314e-47
2.118000000000000000e+03 7.859648821179919047e-47
2.119000000000000000e+03 1.014335117361716836e-46
2.120000000000000000e+03 9.753758556482432287e-47
2.121000000000000000e+03 8.590541243346790347e-47
2.122000000000000000e+03 1.012886887176905540e-46
2.123000000000000000e+03 1.069596618623000643e-46
2.124000000000000000e+03 1.140192636750897431e-46
2.125000000000000000e+03 1.300751377563407233e-46
2.126000000000000000e+03 1.200945447490799034e-46
2.127000000000000000e+03 9.440301643667506217e-47
2.128000000000000000e+03 1.039626932885794948e-46
2.129000000000000000e+03 1.095743830568691680e-46
2.130000000000000000e+03 9.948439463497941522e-47
2.131000000000000000e+03 1.002676213121752043e-46
2.132000000000000000e+03 1.004670960559291515e-46
2.133000000000000000e+03 9.912222766949149297e-47
2.134000000000000000e+03 1.003949971406922772e-46
2.135000000000000000e+03 9.273680576689905919e-47
2.136000000000000000e+03 9.040466465751131644e-47
2.137000000000000000e+03 9.488982359529171412e-47
2.138000000000000000e+03 8.055335696594305513e-47
2.139000000000000000e+03 1.038903754184376651e-46
2.140000000000000000e+03 8.358834890905873880e-47
2.141000000000000000e+03 8.380442972549982115e-47
2.142000000000000000e+03 8.295153591784488595e-47
2.143000000000000000e+03 1.055008072006424758e-46
2.144000000000000000e+03 9.363400620011813158e-47
2.145000000000000000e+03 9.161725710906464020e-47
2.146000000000000000e+03 1.244273472418191257e-46
2.147000000000000000e+03 1.009692287956388817e-46
2.148000000000000000e+03 1.039735468117233033e-46
2.149000000000000000e+03 9.952307914222293925e-47
2.150000000000000000e+03 1.112921865529958476e-46
2.151000000000000000e+03 1.027558587542592514e-46
2.152000000000000000e+03 8.603703700243064588e-47
2.153000000000000000e+03 9.144860074976476221e-47
2.154000000000000000e+03 9.674813937014366170e-47
2.155000000000000000e+03 8.670358449990276920e-47
2.156000000000000000e+03 9.429825801098621069e-47
2.157000000000000000e+03 1.066411112502586444e-46
2.158000000000000000e+03 1.107589011590767826e-46
2.159000000000000000e+03 9.148155279617708922e-47
2.160000000000000000e+03 8.134309412083394837e-47
2.161000000000000000e+03 9.993571559144737411e-47
2.162000000000000000e+03 1.032401690619813810e-46
2.163000000000000000e+03 9.465822261439504172e-47
2.164000000000000000e+03 1.219084807251232154e-46
2.165000000000000000e+03 1.037850714714519943e-46
2.166000000000000000e+03 8.900946833644094792e-47
2.167000000000000000e+03 8.599849130667708566e-47
2.168000000000000000e+03 9.430533787823575360e-47
2.169000000000000000e+03 1.118502875013596476e-46
2.170000000000000000e+03 1.092479990610960469e-46
2.171000000000000000e+03 9.555003500223082970e-47
2.172000000000000000e+03 9.415453012487984014e-47
2.173000000000000000e+03 1.017529076690656890e-46
2.174000000000000000e+03 1.253785734229092461e-46
2.175000000000000000e+03 1.100969671797459051e-46
2.176000000000000000e+03 8.500348282368315296e-47
2.177000000000000000e+03 9.347188421488772700e-47
2.178000000000000000e+03 1.012074023155893982e-46
2.179000000000000000e+03 1.043767554943779955e-46
2.180000000000000000e+03 1.087764641878441899e-46
2.181000000000000000e+03 1.019154080486101183e-46
2.182000000000000000e+03 8.611338424241106290e-47
2.183000000000000000e+03 8.400022517596547023e-47
2.184000000000000000e+03 9.303616424388112218e-47
2.185000000000000000e+03 1.128010695320760068e-46
2.186000000000000000e+03 1.001353034890991137e-46
2.187000000000000000e+03 1.173285903358808212e-46
2.188000000000000000e+03 1.143766404241336294e-46
2.189000000000000000e+03 1.252165095637002071e-46
2.190000000000000000e+03 8.686927104124617339e-47
2.191000000000000000e+03 8.508300979116072978e-47
2.192000000000000000e+03 1.040172053735859871e-46
2.193000000000000000e+03 1.081051303223081107e-46
2.194000000000000000e+03 1.150247088303613957e-46
2.195000000000000000e+03 1.122316149259701231e-46
2.196000000000000000e+03 1.234801270964803710e-46
2.197000000000000000e+03 1.218926216199577364e-46
2.198000000000000000e+03 1.194017106050319818e-46
2.199000000000000000e+03 1.013857680681412581e-46
2.200000000000000000e+03 1.036115582604359700e-46
2.201000000000000000e+03 1.065383499452043379e-46
2.202000000000000000e+03 9.378818501346764018e-47
2.203000000000000000e+03 8.943764301547423346e-47
2.204000000000000000e+03 9.587690373730747147e-47
2.205000000000000000e+03 8.700798338283767027e-47
2.206000000000000000e+03 8.976467989837426773e-47
2.207000000000000000e+03 9.436835719920398463e-47
2.208000000000000000e+03 9.592502818336014937e-47
2.209000000000000000e+03 9.013598155104148406e-47
2.210000000000000000e+03 1.133183263811970816e-46
2.211000000000000000e+03 1.112558050737960558e-46
2.212000000000000000e+03 9.366464668124678402e-47
2.213000000000000000e+03 1.318274436749100906e-46
2.214000000000000000e+03 1.163837581302294562e-46
2.215000000000000000e+03 7.491539857529963032e-47
2.216000000000000000e+03 7.596223114860353217e-47
2.217000000000000000e+03 9.703093787720678338e-47
2.218000000000000000e+03 1.099159349180207670e-46
2.219000000000000000e+03 1.019588803290645786e-46
2.220000000000000000e+03 1.028312099051281728e-46
2.221000000000000000e+03 1.156692271321762382e-46
2.222000000000000000e+03 1.317775709863712568e-46
2.223000000000000000e+03 1.185327004155765631e-46
2.224000000000000000e+03 1.055803666578177044e-46
2.225000000000000000e+03 1.030837916442757510e-46
2.226000000000000000e+03 1.197062981538816497e-46
2.227000000000000000e+03 1.255004568052254522e-46
2.228000000000000000e+03 1.024058514292916162e-46
2.229000000000000000e+03 1.031132756731327708e-46
2.230000000000000000e+03 8.977284670141472918e-47
2.231000000000000000e+03 9.268940089618041476e-47
2.232000000000000000e+03 1.157084888923139982e-46
2.233000000000000000e+03 1.182835637443846986e-46
2.234000000000000000e+03 9.590999765953308949e-47
2.235000000000000000e+03 8.703184203744567477e-47
2.236000000000000000e+03 1.072164441102238615e-46
2.237000000000000000e+03 1.015518915345502254e-46
2.238000000000000000e+03 9.616739100888232481e-47
2.239000000000000000e+03 1.079643792198649870e-46
2.240000000000000000e+03 1.070944358691431300e-46
2.241000000000000000e+03 9.742088662399412035e-47
2.242000000000000000e+03 9.390823186477051641e-47
2.243000000000000000e+03 9.591324360766086814e-47
2.244000000000000000e+03 9.953664519372174801e-47
2.245000000000000000e+03 1.080292890255981003e-46
2.246000000000000000e+03 1.152188227263103386e-46
2.247000000000000000e+03 1.263518977461557082e-46
2.248000000000000000e+03 1.160235822554766200e-46
2.249000000000000000e+03 1.053648474067879366e-46
2.250000000000000000e+03 9.169366479444949045e-47
2.251000000000000000e+03 1.122308287327958896e-46
2.252000000000000000e+03 1.156787694935198361e-46
2.253000000000000000e+03 9.855698532523892173e-47
2.254000000000000000e+03 9.380551258214280021e-47
2.255000000000000000e+03 8.526195586801576546e-47
2.256000000000000000e+03 9.959442251972457693e-47
2.257000000000000000e+03 1.005523717793098926e-46
2.258000000000000000e+03 1.084139652740745654e-46
2.259000000000000000e+03 1.195657828235306796e-46
2.260000000000000000e+03 1.126296623744941424e-46
2.261000000000000000e+03 1.048560640549265976e-46
2.262000000000000000e+03 1.078655463113967315e-46
2.263000000000000000e+03 1.336644615018679498e-46
2.264000000000000000e+03 1.557522932752754293e-46
2.265000000000000000e+03 1.150273018122050984e-46
2.266000000000000000e+03 1.043014125192256858e-46
2.267000000000000000e+03 9.988866222372350085e-47
2.268000000000000000e+03 1.012572490241597063e-46
2.269000000000000000e+03 1.188679405626444165e-46
2.270000000000000000e+03 1.311343862443852684e-46
2.271000000000000000e+03 6.041990224999547827e-46
2.272000000000000000e+03 8.306899348274328272e-45
2.273000000000000000e+03 9.914891649888288711e-45
2.274000000000000000e+03 1.432277317377726420e-44
2.275000000000000000e+03 4.890857838687015976e-44
2.276000000000000000e+03 2.162427583591226921e-44
2.277000000000000000e+03 7.815258990028113318e-45
2.278000000000000000e+03 9.907047077679678824e-45
2.279000000000000000e+03 1.195593681892778601e-45
2.280000000000000000e+03 1.192089904433298266e-46
2.281000000000000000e+03 1.111881939109134465e-46
2.282000000000000000e+03 1.152735423278028258e-46
2.283000000000000000e+03 1.030854818859667056e-46
2.284000000000000000e+03 1.189332543693646715e-46
2.285000000000000000e+03 9.994397743196395084e-47
2.286000000000000000e+03 1.035064892645897730e-46
2.287000000000000000e+03 1.008826296116940974e-46
2.288000000000000000e+03 1.176929412622283271e-46
2.289000000000000000e+03 1.105768230477396073e-46
2.290000000000000000e+03 1.111869969204580992e-46
2.291000000000000000e+03 1.095637855214608549e-46
2.292000000000000000e+03 1.154789705394833549e-46
2.293000000000000000e+03 1.066684412382867270e-46
2.294000000000000000e+03 1.026766677269879611e-46
2.295000000000000000e+03 1.066231988011027260e-46
2.296000000000000000e+03 1.052241110960665503e-45
2.297000000000000000e+03 1.763163561413900649e-44
2.298000000000000000e+03 2.149293359036354435e-44
2.299000000000000000e+03 2.876992506541754710e-44
2.300000000000000000e+03 9.436618103898554833e-44
2.301000000000000000e+03 4.209550723040963799e-44
2.302000000000000000e+03 1.820897815598735039e-44
2.303000000000000000e+03 2.234261129901723886e-44
2.304000000000000000e+03 2.489690160465832782e-45
2.305000000000000000e+03 1.174483187094561042e-46
2.306000000000000000e+03 1.155783712627371064e-46
2.307000000000000000e+03 1.123217308279942669e-46
2.308000000000000000e+03 9.429625504545898935e-47
2.309000000000000000e+03 1.050495817829367601e-46
2.310000000000000000e+03 1.042677776220762565e-46
2.311000000000000000e+03 1.015336049542997751e-46
2.312000000000000000e+03 1.219286710151471760e-46
2.313000000000000000e+03 9.469976899368377623e-47
2.314000000000000000e+03 6.968343853328552678e-47
2.315000000000000000e+03 8.105043098184077277e-47
2.316000000000000000e+03 1.040650605255813958e-46
2.317000000000000000e+03 1.165664992253088292e-46
2.318000000000000000e+03 1.133204100385177503e-46
2.319000000000000000e+03 1.135119256751403549e-46
2.320000000000000000e+03 1.051240710898978040e-46
2.321000000000000000e+03 3.975556883761247504e-46
2.322000000000000000e+03 2.439824207317517623e-45
2.323000000000000000e+03 1.805234736341871907e-44
2.324000000000000000e+03 4.857200023295061217e-43
2.325000000000000000e+03 1.445074041249586608e-42
2.326000000000000000e+03 7.054342547118029374e-43
2.327000000000000000e+03 4.124067269776272396e-44
2.328000000000000000e+03 2.537550875711514675e-45
2.329000000000000000e+03 5.786490639729789386e-46
2.330000000000000000e+03 1.123924101647598991e-46
2.331000000000000000e+03 1.190764118059482135e-46
2.332000000000000000e+03 1.091876590719708011e-46
2.333000000000000000e+03 1.158762326192639611e-46
2.334000000000000000e+03 1.408524755242912486e-46
2.335000000000000000e+03 1.157885419369025428e-46
2.336000000000000000e+03 1.088401946235175670e-46
2.337000000000000000e+03 1.124165685940533308e-46
2.338000000000000000e+03 1.110103662738679852e-46
2.339000000000000000e+03 1.130232514530765464e-46
2.340000000000000000e+03 1.014456617731431639e-46
2.341000000000000000e+03 1.156619263099727498e-46
2.342000000000000000e+03 1.271114041903590699e-46
2.343000000000000000e+03 1.105501309985739662e-46
2.344000000000000000e+03 1.145456803969577164e-46
2.345000000000000000e+03 1.143040028016953098e-46
2.346000000000000000e+03 1.005789267805355054e-46
2.347000000000000000e+03 1.156660358975244834e-46
2.348000000000000000e+03 1.220294228249791836e-46
2.349000000000000000e+03 1.206391238681923726e-46
2.350000000000000000e+03 1.326328347340917757e-46
2.351000000000000000e+03 1.390571194643548915e-46
2.352000000000000000e+03 1.338269615998003434e-46
2.353000000000000000e+03 1.406678986828884516e-46
2.354000000000000000e+03 1.348529001396589105e-46
2.355000000000000000e+03 1.390765180734686608e-46
2.356000000000000000e+03 1.187967095528090689e-46
2.357000000000000000e+03 8.111897939904432467e-47
2.358000000000000000e+03 1.279619539958429852e-46
2.359000000000000000e+03 1.510059312381545999e-46
2.360000000000000000e+03 1.170438808781262186e-46
2.361000000000000000e+03 1.092819911576508847e-46
2.362000000000000000e+03 1.198851407600084188e-46
2.363000000000000000e+03 1.210943628723950978e-46
2.364000000000000000e+03 1.208297022006550527e-46
2.365000000000000000e+03 1.051084583855409597e-46
2.366000000000000000e+03 9.664251065774031378e-47
2.367000000000000000e+03 1.142772120778738706e-46
2.368000000000000000e+03 1.276056816868976900e-46
2.369000000000000000e+03 1.122217430573086417e-46
2.370000000000000000e+03 1.262280566712091053e-46
2.371000000000000000e+03 1.138666210765831391e-46
2.372000000000000000e+03 1.212824422620650881e-46
2.373000000000000000e+03 1.174924894954994685e-46
2.374000000000000000e+03 1.002064837315442816e-46
2.375000000000000000e+03 1.260051798515338848e-46
2.376000000000000000e+03 1.118207177539848903e-46
2.377000000000000000e+03 1.172392426241638995e-46
2.378000000000000000e+03 1.280061821909411928e-46
2.379000000000000000e+03 1.337653524302925650e-46
2.380000000000000000e+03 1.213928719831040444e-46
2.381000000000000000e+03 9.524125468507600951e-47
2.382000000000000000e+03 1.022078752993391102e-46
2.383000000000000000e+03 1.354536234398731803e-46
2.384000000000000000e+03 1.476274850244272692e-46
2.385000000000000000e+03 2.744824645110686582e-46
2.386000000000000000e+03 8.127525205526008760e-46
2.387000000000000000e+03 1.750349193009625504e-45
2.388000000000000000e+03 6.724587245384140365e-46
2.389000000000000000e+03 9.993203495386653406e-47
2.390000000000000000e+03 1.105700842942065294e-46
2.391000000000000000e+03 1.285288397982781643e-46
2.392000000000000000e+03 1.563808839876568286e-46
2.393000000000000000e+03 1.596554164430219780e-46
2.394000000000000000e+03 1.366786223309296522e-46
2.395000000000000000e+03 1.185888207941902760e-46
2.396000000000000000e+03 1.312619684865719388e-46
2.397000000000000000e+03 1.179715493429485346e-46
2.398000000000000000e+03 9.779848878228989219e-47
2.399000000000000000e+03 8.822075391784398978e-47
2.400000000000000000e+03 1.120162131633005277e-46
2.401000000000000000e+03 1.464316028361512246e-46
2.402000000000000000e+03 1.230222063810566791e-46
2.403000000000000000e+03 1.235858006153697295e-46
2.404000000000000000e+03 1.132675840459176897e-46
2.405000000000000000e+03 1.027027260108433233e-46
2.406000000000000000e+03 1.300193801688418548e-46
2.407000000000000000e+03 1.146905880316766295e-46
2.408000000000000000e+03 1.594091439830519848e-46
2.409000000000000000e+03 1.427173065729955963e-46
2.410000000000000000e+03 1.014835654225675570e-46
2.411000000000000000e+03 1.243072840860427549e-46
2.412000000000000000e+03 1.146429154253931482e-46
2.413000000000000000e+03 1.134014445640761375e-46
2.414000000000000000e+03 2.037538252362813579e-46
2.415000000000000000e+03 8.107572025997030404e-46
2.416000000000000000e+03 5.216933457274368455e-46
2.417000000000000000e+03 2.391312330782587089e-46
2.418000000000000000e+03 6.600333502183929132e-46
2.419000000000000000e+03 1.431186883333867671e-45
2.420000000000000000e+03 1.604995389297391793e-45
2.421000000000000000e+03 3.019559563744927935e-46
2.422000000000000000e+03 5.808581017120465599e-46
2.423000000000000000e+03 1.834732755348863692e-45
2.424000000000000000e+03 8.480090091071664012e-46
2.425000000000000000e+03 3.332729764153062083e-46
2.426000000000000000e+03 1.589351239694620608e-46
2.427000000000000000e+03 1.994572468496347331e-46
2.428000000000000000e+03 3.138567404121318484e-46
2.429000000000000000e+03 4.130725666950724219e-46
2.430000000000000000e+03 2.401512206891904954e-46
2.431000000000000000e+03 1.797434757335970681e-46
2.432000000000000000e+03 1.629611731384218139e-46
2.433000000000000000e+03 2.131980212875081982e-46
2.434000000000000000e+03 1.486859488778547365e-45
2.435000000000000000e+03 1.149017609860580669e-45
2.436000000000000000e+03 1.643925713388510493e-46
2.437000000000000000e+03 1.284345141844856441e-46
2.438000000000000000e+03 1.521241476437887912e-46
2.439000000000000000e+03 1.433298069298810261e-46
2.440000000000000000e+03 1.298491807620573235e-46
2.441000000000000000e+03 1.323820771337310644e-46
2.442000000000000000e+03 1.426737564279528491e-46
2.443000000000000000e+03 1.560348238338500765e-46
2.444000000000000000e+03 1.378598534649374454e-46
2.445000000000000000e+03 1.687240600668541840e-46
2.446000000000000000e+03 2.587896529746947786e-46
2.447000000000000000e+03 1.783522959652473554e-46
2.448000000000000000e+03 1.473802096195435928e-46
2.449000000000000000e+03 5.805170531360299156e-46
2.450000000000000000e+03 1.383769161010462699e-45
2.451000000000000000e+03 6.192805086534610325e-46
2.452000000000000000e+03 2.604640897926756168e-46
2.453000000000000000e+03 4.677882784677700741e-46
2.454000000000000000e+03 2.434101426066000931e-46
2.455000000000000000e+03 1.164147475747532849e-45
2.456000000000000000e+03 1.026409557008303461e-45
2.457000000000000000e+03 1.398224153679162150e-46
2.458000000000000000e+03 1.204290231127408188e-46
2.459000000000000000e+03 1.310141201663081538e-46
2.460000000000000000e+03 1.412791769824161105e-46
2.461000000000000000e+03 2.838319069632065471e-46
2.462000000000000000e+03 4.575447986548589340e-46
2.463000000000000000e+03 1.823027283722698108e-46
2.464000000000000000e+03 1.025637082323910387e-46
2.465000000000000000e+03 1.068513842688455452e-46
2.466000000000000000e+03 1.164338641324773355e-46
2.467000000000000000e+03 9.996824910294126786e-47
2.468000000000000000e+03 1.110190298639279872e-46
2.469000000000000000e+03 1.311597361893017646e-46
2.470000000000000000e+03 1.266059076925355397e-46
2.471000000000000000e+03 1.310165420412774846e-46
2.472000000000000000e+03 1.129895457374589205e-46
2.473000000000000000e+03 1.208668323474939481e-46
2.474000000000000000e+03 1.308408488971158096e-46
2.475000000000000000e+03 1.132893411934548967e-46
2.476000000000000000e+03 1.445071269597145149e-46
2.477000000000000000e+03 1.729390525342824945e-46
2.478000000000000000e+03 1.225854036603535530e-46
2.479000000000000000e+03 1.035387243081384916e-46
2.480000000000000000e+03 1.074818084195370124e-46
2.481000000000000000e+03 1.554367488347274101e-46
2.482000000000000000e+03 1.438731853166746688e-46
2.483000000000000000e+03 1.121246341748680566e-46
2.484000000000000000e+03 1.281813227790843053e-46
2.485000000000000000e+03 1.343445658407404397e-46
2.486000000000000000e+03 1.553077465390272835e-46
2.487000000000000000e+03 1.436522638671612605e-46
2.488000000000000000e+03 1.126718513500527684e-46
2.489000000000000000e+03 1.193783065442396722e-46
2.490000000000000000e+03 1.403127625427346883e-46
2.491000000000000000e+03 1.283289716565815375e-46
2.492000000000000000e+03 1.147194497712209420e-46
2.493000000000000000e+03 1.607742163606027560e-46
2.494000000000000000e+03 1.500684071666052231e-46
2.495000000000000000e+03 1.398525535925613282e-46
2.496000000000000000e+03 1.211387502961385512e-46
2.497000000000000000e+03 1.229931463346235985e-46
2.498000000000000000e+03 1.389580881645546038e-46
2.499000000000000000e+03 1.473771149437021001e-46
2.500000000000000000e+03 1.424596617668529543e-46
2.501000000000000000e+03 1.351518812325747300e-46
2.502000000000000000e+03 1.447963149517418910e-46
2.503000000000000000e+03 1.680589855822915563e-46
2.504000000000000000e+03 1.540266597954822693e-46
2.505000000000000000e+03 1.302343958940656748e-46
2.506000000000000000e+03 1.424998084639724863e-46
2.507000000000000000e+03 1.574231750960609980e-46
2.508000000000000000e+03 1.419267827188729614e-46
2.509000000000000000e+03 1.275380545720716289e-46
2.510000000000000000e+03 1.233612049613315848e-46
2.511000000000000000e+03 1.333162920972382682e-46
2.512000000000000000e+03 1.176130467725274873e-46
2.513000000000000000e+03 1.113684835979031580e-46
2.514000000000000000e+03 1.299279391110706823e-46
2.515000000000000000e+03 1.498244974532783929e-46
2.516000000000000000e+03 1.610685185216717906e-46
2.517000000000000000e+03 1.219296140166500039e-46
2.518000000000000000e+03 1.254822756674780663e-46
2.519000000000000000e+03 1.427357219908724930e-46
2.520000000000000000e+03 1.650844415869710897e-46
2.521000000000000000e+03 1.531290081078366514e-46
2.522000000000000000e+03 1.609201874715022764e-46
2.523000000000000000e+03 1.443044720169995638e-46
2.524000000000000000e+03 1.699205634253971673e-46
2.525000000000000000e+03 1.876866579660304444e-46
2.526000000000000000e+03 1.813726836106650333e-46
2.527000000000000000e+03 1.650259748330547661e-46
2.528000000000000000e+03 2.023160857087963366e-46
2.529000000000000000e+03 2.063439868273546061e-46
2.530000000000000000e+03 1.963443736391264171e-46
2.531000000000000000e+03 2.078037809175122072e-46
2.532000000000000000e+03 2.361401029169215653e-46
2.533000000000000000e+03 3.014875836340501891e-46
2.534000000000000000e+03 3.413186023385824380e-46
2.535000000000000000e+03 3.215150495399693697e-46
2.536000000000000000e+03 2.631954297789327640e-46
2.537000000000000000e+03 2.414492301571118070e-46
2.538000000000000000e+03 2.330556829128642775e-46
2.539000000000000000e+03 2.399160399759142511e-46
2.540000000000000000e+03 2.231913832885836992e-46
2.541000000000000000e+03 2.105033122429444698e-46
2.542000000000000000e+03 2.501579515064050974e-46
2.543000000000000000e+03 2.188809633502620413e-46
2.544000000000000000e+03 2.776983803955256955e-46
2.545000000000000000e+03 2.949722689733246730e-46
2.546000000000000000e+03 3.510357618164122582e-46
2.547000000000000000e+03 4.498790674899220454e-46
2.548000000000000000e+03 1.029362105105871913e-45
2.549000000000000000e+03 2.440291517013252209e-45
2.550000000000000000e+03 4.638214905303710915e-45
2.551000000000000000e+03 4.501896264126569304e-45
2.552000000000000000e+03 2.059836456166067277e-45
2.553000000000000000e+03 7.335364212100598573e-46
2.554000000000000000e+03 4.449755444306488217e-46
2.555000000000000000e+03 3.634552518196484053e-46
2.556000000000000000e+03 2.732600894292586953e-46
2.557000000000000000e+03 2.365099604966472467e-46
2.558000000000000000e+03 1.624849564095532275e-46
2.559000000000000000e+03 1.662323169201293481e-46
2.560000000000000000e+03 1.945246999562775656e-46
2.561000000000000000e+03 1.461951886912391201e-46
2.562000000000000000e+03 1.536956382248998708e-46
2.563000000000000000e+03 1.869612061784448786e-46
2.564000000000000000e+03 1.960316712565061895e-46
2.565000000000000000e+03 1.951417279084445695e-46
2.566000000000000000e+03 1.767939191175814440e-46
2.567000000000000000e+03 1.751622804252773499e-46
2.568000000000000000e+03 1.516473953982719164e-46
2.569000000000000000e+03 1.376975004024750488e-46
2.570000000000000000e+03 1.636977288696351951e-46
2.571000000000000000e+03 1.595334065281831692e-46
2.572000000000000000e+03 1.303228968334639903e-46
2.573000000000000000e+03 1.453509457418322725e-46
2.574000000000000000e+03 1.520532217868313630e-46
2.575000000000000000e+03 1.706380862333358775e-46
2.576000000000000000e+03 1.539087071444484570e-46
2.577000000000000000e+03 1.729430976833555278e-46
2.578000000000000000e+03 1.823569824106773029e-46
2.579000000000000000e+03 1.817791237194728225e-46
2.580000000000000000e+03 1.736693514273519468e-46
2.581000000000000000e+03 1.448547062056462145e-46
2.582000000000000000e+03 1.598916953197490035e-46
2.583000000000000000e+03 1.576132626712428094e-46
2.584000000000000000e+03 1.611291567122973366e-46
2.585000000000000000e+03 1.475568853201200614e-46
2.586000000000000000e+03 1.620614769834701408e-46
2.587000000000000000e+03 1.436949346377731890e-46
2.588000000000000000e+03 1.373524570166193037e-46
2.589000000000000000e+03 1.535034625062600397e-46
2.590000000000000000e+03 1.530965305894570241e-46
2.591000000000000000e+03 1.806583723098520178e-46
2.592000000000000000e+03 2.000670876167943877e-46
2.593000000000000000e+03 1.801568166719669740e-46
2.594000000000000000e+03 1.734365729775410770e-46
2.595000000000000000e+03 1.493179866376491891e-46
2.596000000000000000e+03 1.453109619809672669e-46
2.597000000000000000e+03 1.454012353461391214e-46
2.598000000000000000e+03 1.546693479858706358e-46
2.599000000000000000e+03 1.306320083235001297e-46
2.600000000000000000e+03 1.328641476385107191e-46
2.601000000000000000e+03 1.750848154223680654e-46
2.602000000000000000e+03 1.768576926621380463e-46
2.603000000000000000e+03 1.439606357692907039e-46
2.604000000000000000e+03 1.517770852489828815e-46
2.605000000000000000e+03 1.428870784015445052e-46
2.606000000000000000e+03 1.599360124920441569e-46
2.607000000000000000e+03 1.156779695123432717e-46
2.608000000000000000e+03 1.085411536035937491e-46
2.609000000000000000e+03 1.402781542665412243e-46
2.610000000000000000e+03 1.627576372651040185e-46
2.611000000000000000e+03 1.731892130056218291e-46
2.612000000000000000e+03 1.791063161450046504e-46
2.613000000000000000e+03 1.744169578889902104e-46
2.614000000000000000e+03 1.615153600293853130e-46
2.615000000000000000e+03 1.674962965728224121e-46
2.616000000000000000e+03 1.811369459312322078e-46
2.617000000000000000e+03 1.883595612329862827e-46
2.618000000000000000e+03 2.260209778314534709e-46
2.619000000000000000e+03 2.132820037383321544e-46
2.620000000000000000e+03 2.663974824227009947e-46
2.621000000000000000e+03 5.004128350958913460e-46
2.622000000000000000e+03 7.214291924974498921e-46
2.623000000000000000e+03 7.448585316619768407e-46
2.624000000000000000e+03 6.994340784391975135e-46
2.625000000000000000e+03 4.350288508341251009e-46
2.626000000000000000e+03 2.556303233376955538e-46
2.627000000000000000e+03 2.003835877075741194e-46
2.628000000000000000e+03 1.923164434873998859e-46
2.629000000000000000e+03 1.710261577199232981e-46
2.630000000000000000e+03 1.700825520371865908e-46
2.631000000000000000e+03 1.901928498922803843e-46
2.632000000000000000e+03 1.652550053235843854e-46
2.633000000000000000e+03 1.473638737332732901e-46
2.634000000000000000e+03 1.535552344580372322e-46
2.635000000000000000e+03 2.087485426886376631e-46
2.636000000000000000e+03 1.772177691594950167e-46
2.637000000000000000e+03 1.752318456914072031e-46
2.638000000000000000e+03 1.427854668649844093e-46
2.639000000000000000e+03 1.600247511810913247e-46
2.640000000000000000e+03 1.900756116724645188e-46
2.641000000000000000e+03 1.516229940936409052e-46
2.642000000000000000e+03 1.269937036279040284e-46
2.643000000000000000e+03 1.331092785214448333e-46
2.644000000000000000e+03 1.678242144321949224e-46
2.645000000000000000e+03 1.762108900796587933e-46
2.646000000000000000e+03 1.732238275280664543e-46
2.647000000000000000e+03 2.060315360065461075e-46
2.648000000000000000e+03 1.734834950253241682e-46
2.649000000000000000e+03 1.786873745660219011e-46
2.650000000000000000e+03 1.652155964830758814e-46
2.651000000000000000e+03 1.428520682930485914e-46
2.652000000000000000e+03 1.456267938571952857e-46
2.653000000000000000e+03 1.696236334540694633e-46
2.654000000000000000e+03 1.839045721442481865e-46
2.655000000000000000e+03 1.874251772839157617e-46
2.656000000000000000e+03 1.722534434848779487e-46
2.657000000000000000e+03 1.485713631469582107e-46
2.658000000000000000e+03 1.278295634892807385e-46
2.659000000000000000e+03 1.368735756306106301e-46
2.660000000000000000e+03 1.512517675002460965e-46
2.661000000000000000e+03 1.386588403821239024e-46
2.662000000000000000e+03 1.240335577561704339e-46
2.663000000000000000e+03 1.289731479146376412e-46
2.664000000000000000e+03 1.598785644698630726e-46
2.665000000000000000e+03 1.605228940115636936e-46
2.666000000000000000e+03 1.315602118246133262e-46
2.667000000000000000e+03 1.427123207337962616e-46
2.668000000000000000e+03 1.517166621063391266e-46
2.669000000000000000e+03 1.603890027827820663e-46
2.670000000000000000e+03 1.348149612419949293e-46
2.671000000000000000e+03 1.251127830459561651e-46
2.672000000000000000e+03 1.418694136990418454e-46
2.673000000000000000e+03 1.415891842693016441e-46
2.674000000000000000e+03 1.560673926804012531e-46
2.675000000000000000e+03 1.929432745389405120e-46
2.676000000000000000e+03 1.539958612696756688e-46
2.677000000000000000e+03 1.575763845444675588e-46
2.678000000000000000e+03 1.388724380330118270e-46
2.679000000000000000e+03 1.234071935930894270e-46
2.680000000000000000e+03 1.311038436277246367e-46
2.681000000000000000e+03 1.139239612117143224e-46
2.682000000000000000e+03 1.159414025656801733e-46
2.683000000000000000e+03 1.643540788031516225e-46
2.684000000000000000e+03 1.692388257042392831e-46
2.685000000000000000e+03 1.499858316123718329e-46
2.686000000000000000e+03 1.574288195110253760e-46
2.687000000000000000e+03 1.391091928007978885e-46
2.688000000000000000e+03 1.630109249041310810e-46
2.689000000000000000e+03 1.604749702449887861e-46
2.690000000000000000e+03 1.380854231227015142e-46
2.691000000000000000e+03 1.418551576381618846e-46
2.692000000000000000e+03 1.667748451476963488e-46
2.693000000000000000e+03 1.560029708613906726e-46
2.694000000000000000e+03 1.334255263364688517e-46
2.695000000000000000e+03 1.288560627134516614e-46
2.696000000000000000e+03 1.887162901093307123e-46
2.697000000000000000e+03 1.726844761084032263e-46
2.698000000000000000e+03 1.646858225938197938e-46
2.699000000000000000e+03 1.965654092293954181e-46
2.700000000000000000e+03 1.559938819932702639e-46
2.701000000000000000e+03 1.532503895489589124e-46
2.702000000000000000e+03 1.875517771456885123e-46
2.703000000000000000e+03 2.048149923046889471e-46
2.704000000000000000e+03 1.979128673170077688e-46
2.705000000000000000e+03 1.801732429817914978e-46
2.706000000000000000e+03 1.780005560495819896e-46
2.707000000000000000e+03 1.372577418335879528e-46
2.708000000000000000e+03 1.244477284433813389e-46
2.709000000000000000e+03 1.371726007438590958e-46
2.710000000000000000e+03 1.527951219888107229e-46
2.711000000000000000e+03 1.698351580008324566e-46
2.712000000000000000e+03 1.535993108301519151e-46
2.713000000000000000e+03 1.312723708769303258e-46
2.714000000000000000e+03 1.589250337647345494e-46
2.715000000000000000e+03 1.664519953367381634e-46
2.716000000000000000e+03 1.420724010862887293e-46
2.717000000000000000e+03 1.892031628055376093e-46
2.718000000000000000e+03 1.948972624822168886e-46
2.719000000000000000e+03 1.923539313131685694e-46
2.720000000000000000e+03 1.611652971489998716e-46
2.721000000000000000e+03 1.372920449842841423e-46
2.722000000000000000e+03 1.324781913011535686e-46
2.723000000000000000e+03 1.666503519398284426e-46
2.724000000000000000e+03 1.682528586293357054e-46
2.725000000000000000e+03 1.673395567309599637e-46
2.726000000000000000e+03 1.668736509788976677e-46
2.727000000000000000e+03 1.849868345486323919e-46
2.728000000000000000e+03 1.583633855331955812e-46
2.729000000000000000e+03 1.470542615021436119e-46
2.730000000000000000e+03 1.817913479148286216e-46
2.731000000000000000e+03 1.350573537269386255e-46
2.732000000000000000e+03 1.476552077643764891e-46
2.733000000000000000e+03 1.715871217940889335e-46
2.734000000000000000e+03 1.700898111204909103e-46
2.735000000000000000e+03 1.584318504862757353e-46
2.736000000000000000e+03 1.720214683304732003e-46
2.737000000000000000e+03 1.399670727280494420e-46
2.738000000000000000e+03 1.086061724585642075e-46
2.739000000000000000e+03 1.284477797634260949e-46
2.740000000000000000e+03 1.314821940731547988e-46
2.741000000000000000e+03 1.344791246515419067e-46
2.742000000000000000e+03 1.527289184766594339e-46
2.743000000000000000e+03 1.456211989110923568e-46
2.744000000000000000e+03 1.886359746327934996e-46
2.745000000000000000e+03 1.615968927260328588e-46
2.746000000000000000e+03 1.367061147818941142e-46
2.747000000000000000e+03 1.666289723287864850e-46
2.748000000000000000e+03 1.466399032221774692e-46
2.749000000000000000e+03 1.515870631852482918e-46
2.750000000000000000e+03 1.726234790211160500e-46
2.751000000000000000e+03 1.372469518680913977e-46
2.752000000000000000e+03 1.615665419994722619e-46
2.753000000000000000e+03 1.645631790359323038e-46
2.754000000000000000e+03 1.617321792031327537e-46
2.755000000000000000e+03 1.653239473502300980e-46
2.756000000000000000e+03 1.887476459369044723e-46
2.757000000000000000e+03 1.603584005954922973e-46
2.758000000000000000e+03 1.368929494044994866e-46
2.759000000000000000e+03 1.633026098548393573e-46
2.760000000000000000e+03 1.530342355951848165e-46
2.761000000000000000e+03 1.337528098025588132e-46
2.762000000000000000e+03 1.470763387035069799e-46
2.763000000000000000e+03 1.940986976622621347e-46
2.764000000000000000e+03 1.843080239748566586e-46
2.765000000000000000e+03 1.663899381451932780e-46
2.766000000000000000e+03 1.873027533988602135e-46
2.767000000000000000e+03 1.820716726898279423e-46
2.768000000000000000e+03 1.701348378709207489e-46
2.769000000000000000e+03 1.657091162729141482e-46
2.770000000000000000e+03 2.087638487708421450e-46
2.771000000000000000e+03 1.853971415902509700e-46
2.772000000000000000e+03 1.402179285723163015e-46
2.773000000000000000e+03 1.504994114968541553e-46
2.774000000000000000e+03 1.449626017557499067e-46
2.775000000000000000e+03 1.706303931015836468e-46
2.776000000000000000e+03 1.607725507590410430e-46
2.777000000000000000e+03 1.640970638885988959e-46
2.778000000000000000e+03 1.674476421823821893e-46
2.779000000000000000e+03 1.400541648669129878e-46
2.780000000000000000e+03 1.494281179672036032e-46
2.781000000000000000e+03 1.532348525476219143e-46
2.782000000000000000e+03 1.653116642942973500e-46
2.783000000000000000e+03 1.826042144719651427e-46
2.784000000000000000e+03 1.817745189692048760e-46
2.785000000000000000e+03 1.621501002622758364e-46
2.786000000000000000e+03 1.555848676387370615e-46
2.787000000000000000e+03 1.305492755174879433e-46
2.788000000000000000e+03 1.452035191902265442e-46
2.789000000000000000e+03 1.602871662293305808e-46
2.790000000000000000e+03 1.551622829783512737e-46
2.791000000000000000e+03 1.614376041321284205e-46
2.792000000000000000e+03 1.620253850286596291e-46
2.793000000000000000e+03 1.386760674702624827e-46
2.794000000000000000e+03 1.586144885718185099e-46
2.795000000000000000e+03 1.741689640248321162e-46
2.796000000000000000e+03 1.925862108889201948e-46
2.797000000000000000e+03 1.844318002716286318e-46
2.798000000000000000e+03 1.760551875077942759e-46
2.799000000000000000e+03 1.865748152101744158e-46
2.800000000000000000e+03 1.877839563386990600e-46
2.801000000000000000e+03 1.627755052078176191e-46
2.802000000000000000e+03 1.381720485769113304e-46
2.803000000000000000e+03 1.455986638686236233e-46
2.804000000000000000e+03 1.383034835007645168e-46
2.805000000000000000e+03 1.304041935627322757e-46
2.806000000000000000e+03 1.891711281997416836e-46
2.807000000000000000e+03 1.810359712190981530e-46
2.808000000000000000e+03 1.659371908097765078e-46
2.809000000000000000e+03 1.757062618848508865e-46
2.810000000000000000e+03 1.773910877118936443e-46
2.811000000000000000e+03 1.237361178546777633e-46
2.812000000000000000e+03 1.317370229308717741e-46
2.813000000000000000e+03 1.538873795843740516e-46
2.814000000000000000e+03 1.772058727934650399e-46
2.815000000000000000e+03 1.437187957721448707e-46
2.816000000000000000e+03 1.686142150132926744e-46
2.817000000000000000e+03 1.802103000924525126e-46
2.818000000000000000e+03 1.466487523324178984e-46
2.819000000000000000e+03 1.389107394555033755e-46
2.820000000000000000e+03 1.634772870615041801e-46
2.821000000000000000e+03 1.751754985191197495e-46
2.822000000000000000e+03 1.640753880049788388e-46
2.823000000000000000e+03 1.548604426715029523e-46
2.824000000000000000e+03 1.638568584937598827e-46
2.825000000000000000e+03 1.919053645928397422e-46
2.826000000000000000e+03 1.638660219094141613e-46
2.827000000000000000e+03 1.630781854455409263e-46
2.828000000000000000e+03 1.652747114444376881e-46
2.829000000000000000e+03 1.694027754808384338e-46
2.830000000000000000e+03 1.857505837546975412e-46
2.831000000000000000e+03 1.881115563277414998e-46
2.832000000000000000e+03 2.082950801554368529e-46
2.833000000000000000e+03 1.946817398733469839e-46
2.834000000000000000e+03 1.987291320577827765e-46
2.835000000000000000e+03 1.608975957247273039e-46
2.836000000000000000e+03 1.647374539961111991e-46
2.837000000000000000e+03 1.704559500417686360e-46
2.838000000000000000e+03 1.759859455583411568e-46
2.839000000000000000e+03 2.198760180381700046e-46
2.840000000000000000e+03 3.208252564084860284e-46
2.841000000000000000e+03 2.152749904143112041e-46
2.842000000000000000e+03 1.528618150086964368e-46
2.843000000000000000e+03 1.419066696906000487e-46
2.844000000000000000e+03 1.764276689071098761e-46
2.845000000000000000e+03 1.758586457125922310e-46
2.846000000000000000e+03 1.563032313916864453e-46
2.847000000000000000e+03 1.964177077600291407e-46
2.848000000000000000e+03 1.828292723318539756e-46
2.849000000000000000e+03 2.209907657921144334e-46
2.850000000000000000e+03 1.763050227361263476e-46
2.851000000000000000e+03 1.659771202816675628e-46
2.852000000000000000e+03 1.996843636945336809e-46
2.853000000000000000e+03 2.037387867990276873e-46
2.854000000000000000e+03 1.756813564039414124e-46
2.855000000000000000e+03 1.681345085934815238e-46
2.856000000000000000e+03 1.657244539617193950e-46
2.857000000000000000e+03 1.968634461952699166e-46
2.858000000000000000e+03 1.866279332381669705e-46
2.859000000000000000e+03 1.789572902801350486e-46
2.860000000000000000e+03 1.765024438793398860e-46
2.861000000000000000e+03 1.773356123793495261e-46
2.862000000000000000e+03 1.768013449011356507e-46
2.863000000000000000e+03 1.871631245232357078e-46
2.864000000000000000e+03 1.945352922947982141e-46
2.865000000000000000e+03 1.783241806306143725e-46
2.866000000000000000e+03 1.602051477431467208e-46
2.867000000000000000e+03 1.886599409630650856e-46
2.868000000000000000e+03 2.302007095204488900e-46
2.869000000000000000e+03 4.161836330198706380e-46
2.870000000000000000e+03 4.791711643091116294e-46
2.871000000000000000e+03 3.090347218349695984e-46
2.872000000000000000e+03 5.345607115779702077e-46
2.873000000000000000e+03 5.676127229620596838e-46
2.874000000000000000e+03 5.843517923180529251e-46
2.875000000000000000e+03 4.496355432862798609e-46
2.876000000000000000e+03 4.377373025014089594e-46
2.877000000000000000e+03 2.094473921026863885e-45
2.878000000000000000e+03 1.224281544930256960e-45
2.879000000000000000e+03 2.964536179641513972e-46
2.880000000000000000e+03 7.782511794934536148e-46
2.881000000000000000e+03 9.552336131040056037e-46
2.882000000000000000e+03 6.936727727590380718e-46
2.883000000000000000e+03 3.319201854815809950e-46
2.884000000000000000e+03 5.966886641892502786e-46
2.885000000000000000e+03 1.231407779036435651e-45
2.886000000000000000e+03 2.406675672461422791e-45
2.887000000000000000e+03 1.621124585933992298e-45
2.888000000000000000e+03 2.512233059630824007e-46
2.889000000000000000e+03 3.630546193139409450e-46
2.890000000000000000e+03 9.550474733852075580e-46
2.891000000000000000e+03 4.738796357126812367e-46
2.892000000000000000e+03 1.511745599811679464e-46
2.893000000000000000e+03 1.508265854066782785e-46
2.894000000000000000e+03 1.548711471542279854e-46
2.895000000000000000e+03 1.452493414252911035e-46
2.896000000000000000e+03 1.719585876988073991e-46
2.897000000000000000e+03 2.021600236725681331e-46
2.898000000000000000e+03 2.293657456294633456e-46
2.899000000000000000e+03 1.546814945523473949e-46
2.900000000000000000e+03 1.599210352204408834e-46
2.901000000000000000e+03 1.724741088977848307e-46
2.902000000000000000e+03 1.656253386488014184e-46
2.903000000000000000e+03 1.788027399444764805e-46
2.904000000000000000e+03 1.922727606274340203e-46
2.905000000000000000e+03 2.009647792774114734e-46
2.906000000000000000e+03 2.077870249946285382e-46
2.907000000000000000e+03 2.242853622617317191e-46
2.908000000000000000e+03 2.279852346660422437e-46
2.909000000000000000e+03 2.555141418085792404e-46
2.910000000000000000e+03 2.234467055313417477e-46
2.911000000000000000e+03 2.265783938846581237e-46
2.912000000000000000e+03 2.230263036035531148e-46
2.913000000000000000e+03 1.807375207787409271e-46
2.914000000000000000e+03 1.774920160409004738e-46
2.915000000000000000e+03 2.191732736876763983e-46
2.916000000000000000e+03 2.068694508366819299e-46
2.917000000000000000e+03 3.003166907667589719e-46
2.918000000000000000e+03 8.143338841664029911e-46
2.919000000000000000e+03 3.818444056197264860e-46
2.920000000000000000e+03 1.651534219786003661e-46
2.921000000000000000e+03 6.737839398713464878e-46
2.922000000000000000e+03 2.813124705914788870e-45
2.923000000000000000e+03 2.627313085926950000e-45
2.924000000000000000e+03 3.042580442320355882e-46
2.925000000000000000e+03 1.549200475841195891e-46
2.926000000000000000e+03 1.922032876864866189e-46
2.927000000000000000e+03 2.101394419068365093e-46
2.928000000000000000e+03 1.880316880959459668e-46
2.929000000000000000e+03 2.858959509483872898e-46
2.930000000000000000e+03 1.547854157322485313e-45
2.931000000000000000e+03 1.029993447162331271e-45
2.932000000000000000e+03 2.200899345066605192e-46
2.933000000000000000e+03 1.656277252776622908e-46
2.934000000000000000e+03 1.262368278682289667e-46
2.935000000000000000e+03 1.882969060720050355e-46
2.936000000000000000e+03 2.105016122638339593e-46
2.937000000000000000e+03 2.182996749982945793e-46
2.938000000000000000e+03 1.908418424570648886e-46
2.939000000000000000e+03 1.887074281491117875e-46
2.940000000000000000e+03 1.812516754860224739e-46
2.941000000000000000e+03 1.925225444250929118e-46
2.942000000000000000e+03 2.218937772392687029e-46
2.943000000000000000e+03 2.148808624308837284e-46
2.944000000000000000e+03 1.958968275421738205e-46
2.945000000000000000e+03 2.011268577776714441e-46
2.946000000000000000e+03 1.824508421615280590e-46
2.947000000000000000e+03 1.922921731895947925e-46
2.948000000000000000e+03 1.746984177372241630e-46
2.949000000000000000e+03 1.441361520388798905e-46
2.950000000000000000e+03 1.762286372132799441e-46
2.951000000000000000e+03 2.177532408797986011e-46
2.952000000000000000e+03 1.872478869290074700e-46
2.953000000000000000e+03 1.658304487690374873e-46
2.954000000000000000e+03 1.740556697836903889e-46
2.955000000000000000e+03 2.217603579028958965e-46
2.956000000000000000e+03 2.331416704275226865e-46
2.957000000000000000e+03 2.120777179523813884e-46
2.958000000000000000e+03 1.627684348593736111e-46
2.959000000000000000e+03 1.965063208556826126e-46
2.960000000000000000e+03 2.204290107465214476e-46
2.961000000000000000e+03 2.266662354571457341e-46
2.962000000000000000e+03 1.817419687481780007e-46
2.963000000000000000e+03 2.076650275337300293e-46
2.964000000000000000e+03 2.052287630383621583e-46
2.965000000000000000e+03 1.986141810255226203e-46
2.966000000000000000e+03 2.120984547781251066e-46
2.967000000000000000e+03 1.991595045479414420e-46
2.968000000000000000e+03 2.002702333274935409e-46
2.969000000000000000e+03 1.734553407851775645e-46
2.970000000000000000e+03 1.396616589941921329e-46
2.971000000000000000e+03 1.890930247248250446e-46
2.972000000000000000e+03 2.082780632232815066e-46
2.973000000000000000e+03 1.852835193743691918e-46
2.974000000000000000e+03 1.691877320073119860e-46
2.975000000000000000e+03 1.937574101965756325e-46
2.976000000000000000e+03 1.813818378685064789e-46
2.977000000000000000e+03 1.649974201128951500e-46
2.978000000000000000e+03 1.565391295900791004e-46
2.979000000000000000e+03 1.725100528207903205e-46
2.980000000000000000e+03 1.785864413432934200e-46
2.981000000000000000e+03 1.779855617944989563e-46
2.982000000000000000e+03 1.915390139639050051e-46
2.983000000000000000e+03 1.785648972980857908e-46
2.984000000000000000e+03 2.302594637352330620e-46
2.985000000000000000e+03 1.857069195193326562e-46
2.986000000000000000e+03 1.557866576713912900e-46
2.987000000000000000e+03 1.516596935217306567e-46
2.988000000000000000e+03 1.419212635334240819e-46
2.989000000000000000e+03 1.465821351505104659e-46
2.990000000000000000e+03 1.914790845706181153e-46
2.991000000000000000e+03 2.242857304519977043e-46
2.992000000000000000e+03 1.982894945873197191e-46
2.993000000000000000e+03 2.198691373999661069e-46
2.994000000000000000e+03 1.922845647456331584e-46
2.995000000000000000e+03 1.454694951728138758e-46
2.996000000000000000e+03 1.753085315133226802e-46
2.997000000000000000e+03 1.970059597049588380e-46
2.998000000000000000e+03 1.965379935884300471e-46
2.999000000000000000e+03 1.681887575607059682e-46
3.000000000000000000e+03 1.864110394868399114e-46
3.001000000000000000e+03 1.873433339697051262e-46
3.002000000000000000e+03 2.346053282274339828e-46
3.003000000000000000e+03 1.824720051656826821e-46
3.004000000000000000e+03 1.847767545078275307e-46
3.005000000000000000e+03 2.205115407915174608e-46
3.006000000000000000e+03 1.950682675513189173e-46
3.007000000000000000e+03 1.889886883981210557e-46
3.008000000000000000e+03 2.162576353135999859e-46
3.009000000000000000e+03 1.807237960138159233e-46
3.010000000000000000e+03 1.545395187940614599e-46
3.011000000000000000e+03 2.060503433861137880e-46
3.012000000000000000e+03 2.244430299120332796e-46
3.013000000000000000e+03 2.318312876746178404e-46
3.014000000000000000e+03 2.069757444322725752e-46
3.015000000000000000e+03 1.874418315821991024e-46
3.016000000000000000e+03 1.665824520140862241e-46
3.017000000000000000e+03 1.964070733492257094e-46
3.018000000000000000e+03 1.932294901421341395e-46
3.019000000000000000e+03 2.188695611382717687e-46
3.020000000000000000e+03 2.025033926404428807e-46
3.021000000000000000e+03 2.225668179082888516e-46
3.022000000000000000e+03 2.249338512034719087e-46
3.023000000000000000e+03 1.868090315190525105e-46
3.024000000000000000e+03 1.864918029502701998e-46
3.025000000000000000e+03 2.025935576866626624e-46
3.026000000000000000e+03 1.820225894955599448e-46
3.027000000000000000e+03 1.890512712018898684e-46
3.028000000000000000e+03 1.953956427995464949e-46
3.029000000000000000e+03 2.288586814093656896e-46
3.030000000000000000e+03 2.057831675273261800e-46
3.031000000000000000e+03 1.865759115182314028e-46
3.032000000000000000e+03 1.969683568416193779e-46
3.033000000000000000e+03 1.817172472412288909e-46
3.034000000000000000e+03 2.094150075874567987e-46
3.035000000000000000e+03 2.440290864850127054e-46
3.036000000000000000e+03 2.063572792497324084e-46
3.037000000000000000e+03 1.763132891491245540e-46
3.038000000000000000e+03 1.843188079453989803e-46
3.039000000000000000e+03 2.018105083172163767e-46
3.040000000000000000e+03 1.851769661913349825e-46
3.041000000000000000e+03 1.895887254296365634e-46
3.042000000000000000e+03 1.541530903137376993e-46
3.043000000000000000e+03 2.016647744528891025e-46
3.044000000000000000e+03 2.057824901884000536e-46
3.045000000000000000e+03 1.894734801496179906e-46
3.046000000000000000e+03 1.708826243760670889e-46
3.047000000000000000e+03 1.847594952524885738e-46
3.048000000000000000e+03 1.985724382178511712e-46
3.049000000000000000e+03 2.210568511265653455e-46
3.050000000000000000e+03 1.903500787704230591e-46
3.051000000000000000e+03 2.106877147222847010e-46
3.052000000000000000e+03 2.541683745508643659e-46
3.053000000000000000e+03 2.173083696172282595e-46
3.054000000000000000e+03 2.099928257323875862e-46
3.055000000000000000e+03 2.321276696394645293e-46
3.056000000000000000e+03 2.393659681081853782e-46
3.057000000000000000e+03 2.320335503605793525e-46
3.058000000000000000e+03 2.290034759308393577e-46
3.059000000000000000e+03 2.103708160093054539e-46
3.060000000000000000e+03 1.752977685746446520e-46
3.061000000000000000e+03 1.467267064242824527e-46
3.062000000000000000e+03 1.522495628102144724e-46
3.063000000000000000e+03 1.662162926453566901e-46
3.064000000000000000e+03 2.105227229776272333e-46
3.065000000000000000e+03 2.070709035245364286e-46
3.066000000000000000e+03 2.089634097898775361e-46
3.067000000000000000e+03 2.396745079793292629e-46
3.068000000000000000e+03 2.371787862084240541e-46
3.069000000000000000e+03 2.580505153624940337e-46
3.070000000000000000e+03 2.624580271532565995e-46
3.071000000000000000e+03 2.385956842742985370e-46
3.072000000000000000e+03 2.143044319017178058e-46
3.073000000000000000e+03 1.919979612253788579e-46
3.074000000000000000e+03 1.853746624216552652e-46
3.075000000000000000e+03 2.376057905727941514e-46
3.076000000000000000e+03 2.370361022161282947e-46
3.077000000000000000e+03 2.385356584940893708e-46
3.078000000000000000e+03 2.470045147155751872e-46
3.079000000000000000e+03 2.431130382688831746e-46
3.080000000000000000e+03 2.266868324034704911e-46
3.081000000000000000e+03 1.746714320365489797e-46
3.082000000000000000e+03 1.578982045238213307e-46
3.083000000000000000e+03 1.808045269859077938e-46
3.084000000000000000e+03 2.034654779584649981e-46
3.085000000000000000e+03 1.878991677643495338e-46
3.086000000000000000e+03 1.910292336701549809e-46
3.087000000000000000e+03 2.511631987475056157e-46
3.088000000000000000e+03 2.631873896110828918e-46
3.089000000000000000e+03 1.936402225048692919e-46
3.090000000000000000e+03 1.865403573388982344e-46
3.091000000000000000e+03 2.227409940423952718e-46
3.092000000000000000e+03 1.899217194526858865e-46
3.093000000000000000e+03 2.202779343581103364e-46
3.094000000000000000e+03 2.260750921988486443e-46
3.095000000000000000e+03 1.944093697156535652e-46
3.096000000000000000e+03 1.725934195456219516e-46
3.097000000000000000e+03 1.918435750205525299e-46
3.098000000000000000e+03 1.880432581783084599e-46
3.099000000000000000e+03 2.170167933695340005e-46
3.100000000000000000e+03 2.338498371311307328e-46
3.101000000000000000e+03 2.420563253367017821e-46
3.102000000000000000e+03 1.993416449717952007e-46
3.103000000000000000e+03 2.053286677431658011e-46
3.104000000000000000e+03 2.070480821729976169e-46
3.105000000000000000e+03 1.968872630546084240e-46
3.106000000000000000e+03 2.391954714492549760e-46
3.107000000000000000e+03 1.981373259557106931e-46
3.108000000000000000e+03 1.679001395607820275e-46
3.109000000000000000e+03 2.083522667588056379e-46
3.110000000000000000e+03 2.414410762543426171e-46
3.111000000000000000e+03 2.115290312548701942e-46
3.112000000000000000e+03 2.175241523819426481e-46
3.113000000000000000e+03 2.360481939008288786e-46
3.114000000000000000e+03 2.625978281424838515e-46
3.115000000000000000e+03 2.744407938386097188e-46
3.116000000000000000e+03 2.640519585560030141e-46
3.117000000000000000e+03 1.807122406948691449e-46
3.118000000000000000e+03 1.610696332167753678e-46
3.119000000000000000e+03 1.969412228089571345e-46
3.120000000000000000e+03 2.228549348396426036e-46
3.121000000000000000e+03 2.247190714401276620e-46
3.122000000000000000e+03 2.457380970614378569e-46
3.123000000000000000e+03 2.011266599795196590e-46
3.124000000000000000e+03 2.079920031583955509e-46
3.125000000000000000e+03 1.693354268488701352e-46
3.126000000000000000e+03 1.807943571914523091e-46
3.127000000000000000e+03 2.202481516796315860e-46
3.128000000000000000e+03 1.935564602114881360e-46
3.129000000000000000e+03 1.755315417992235145e-46
3.130000000000000000e+03 1.930580545942856470e-46
3.131000000000000000e+03 2.312059573733645330e-46
3.132000000000000000e+03 1.864458425115082734e-46
3.133000000000000000e+03 1.848838692575902530e-46
3.134000000000000000e+03 2.113842677732094351e-46
3.135000000000000000e+03 2.149890710988227177e-46
3.136000000000000000e+03 2.093314949989038693e-46
3.137000000000000000e+03 2.130949321531515809e-46
3.138000000000000000e+03 2.756956410762565918e-46
3.139000000000000000e+03 3.300698278705582515e-46
3.140000000000000000e+03 2.849330593801177663e-46
3.141000000000000000e+03 2.307311111924530106e-46
3.142000000000000000e+03 2.029408700370134109e-46
3.143000000000000000e+03 2.212998632158563015e-46
3.144000000000000000e+03 2.111983655440666695e-46
3.145000000000000000e+03 2.391413022046102549e-46
3.146000000000000000e+03 2.375990102748005615e-46
3.147000000000000000e+03 2.103470168059459147e-46
3.148000000000000000e+03 1.751293624232515320e-46
3.149000000000000000e+03 1.675833065452280418e-46
3.150000000000000000e+03 2.309889502591659474e-46
3.151000000000000000e+03 2.436553402785638597e-46
3.152000000000000000e+03 1.847406272097637335e-46
3.153000000000000000e+03 1.955721540238763486e-46
3.154000000000000000e+03 2.117874364109376257e-46
3.155000000000000000e+03 2.373223781588407878e-46
3.156000000000000000e+03 2.108096288318718193e-46
3.157000000000000000e+03 1.921280919660369728e-46
3.158000000000000000e+03 2.275096909314254355e-46
3.159000000000000000e+03 2.354633395592790258e-46
3.160000000000000000e+03 2.137051128157797563e-46
3.161000000000000000e+03 1.593708227892319455e-46
3.162000000000000000e+03 2.007642924389634250e-46
3.163000000000000000e+03 2.267189458495944650e-46
3.164000000000000000e+03 2.050270031699798688e-46
3.165000000000000000e+03 2.110538942457759708e-46
3.166000000000000000e+03 1.880664056681999199e-46
3.167000000000000000e+03 1.852555297099701028e-46
3.168000000000000000e+03 2.258371836119386524e-46
3.169000000000000000e+03 2.507243580653010256e-46
3.170000000000000000e+03 1.493273153199964799e-45
3.171000000000000000e+03 3.409965268561361632e-45
3.172000000000000000e+03 1.023605749306681462e-45
3.173000000000000000e+03 9.708671918975319178e-46
3.174000000000000000e+03 2.997319053440786241e-46
3.175000000000000000e+03 2.408465820944218695e-46
3.176000000000000000e+03 2.142910783778418931e-46
3.177000000000000000e+03 2.225212055788464621e-46
3.178000000000000000e+03 2.051936897526553097e-46
3.179000000000000000e+03 2.612690345115352333e-46
3.180000000000000000e+03 3.258684512398664871e-46
3.181000000000000000e+03 3.822960783011261717e-46
3.182000000000000000e+03 2.240028448169073851e-46
3.183000000000000000e+03 2.380075102724637508e-46
3.184000000000000000e+03 2.692140971462925638e-46
3.185000000000000000e+03 2.264142325965509365e-46
3.186000000000000000e+03 2.565162955396989229e-46
3.187000000000000000e+03 2.662674313966706980e-46
3.188000000000000000e+03 2.654764001883962064e-46
3.189000000000000000e+03 2.906740291867732491e-46
3.190000000000000000e+03 2.633941835232337948e-46
3.191000000000000000e+03 1.899219060723873329e-46
3.192000000000000000e+03 2.311121488223576627e-46
3.193000000000000000e+03 2.812284166628387680e-46
3.194000000000000000e+03 2.427901047859301282e-46
3.195000000000000000e+03 1.989617821565391638e-46
3.196000000000000000e+03 1.955765964137271918e-46
3.197000000000000000e+03 2.168700366173723929e-46
3.198000000000000000e+03 2.327673158962732643e-46
3.199000000000000000e+03 2.344939839640038891e-46
3.200000000000000000e+03 2.541973614531770680e-46
3.201000000000000000e+03 2.142364783457944010e-46
3.202000000000000000e+03 2.184382239698021296e-46
3.203000000000000000e+03 2.424695285892021376e-46
3.204000000000000000e+03 2.218400701957227366e-46
3.205000000000000000e+03 2.510152732694087444e-46
3.206000000000000000e+03 2.558631294878487005e-46
3.207000000000000000e+03 2.896757076636074223e-46
3.208000000000000000e+03 2.757111498290330124e-46
3.209000000000000000e+03 2.408486542151193016e-46
3.210000000000000000e+03 2.453749907846157453e-46
3.211000000000000000e+03 2.709633953912153306e-46
3.212000000000000000e+03 2.884991316451270525e-46
3.213000000000000000e+03 2.973859760632593105e-46
3.214000000000000000e+03 2.806810661134164320e-46
3.215000000000000000e+03 2.607507379181427666e-46
3.216000000000000000e+03 2.940527213898323401e-46
3.217000000000000000e+03 2.477107761914869945e-46
3.218000000000000000e+03 2.334928079357165361e-46
3.219000000000000000e+03 2.823791500831154531e-46
3.220000000000000000e+03 3.021147165901028128e-46
3.221000000000000000e+03 3.406875775216647325e-46
3.222000000000000000e+03 3.137602164357011250e-46
3.223000000000000000e+03 2.990696578828509065e-46
3.224000000000000000e+03 2.301395821294269194e-46
3.225000000000000000e+03 2.690383616487807591e-46
3.226000000000000000e+03 3.297405995585614602e-46
3.227000000000000000e+03 3.561845861621521737e-46
3.228000000000000000e+03 3.609129240177056648e-46
3.229000000000000000e+03 3.538044003929416434e-46
3.230000000000000000e+03 3.301187550256376842e-46
3.231000000000000000e+03 3.162573179604145445e-46
3.232000000000000000e+03 2.965815738046964610e-46
3.233000000000000000e+03 3.292042621843753921e-46
3.234000000000000000e+03 3.845647417063104404e-46
3.235000000000000000e+03 3.333910869933835330e-46
3.236000000000000000e+03 3.044821157459396381e-46
3.237000000000000000e+03 3.954232989427782418e-46
3.238000000000000000e+03 3.282439728551649612e-46
3.239000000000000000e+03 2.834388931504186670e-46
3.240000000000000000e+03 3.323311981617244146e-46
3.241000000000000000e+03 3.428417154461485758e-46
3.242000000000000000e+03 4.512213734975926223e-46
3.243000000000000000e+03 4.379765081146468385e-46
3.244000000000000000e+03 4.577629962265651360e-46
3.245000000000000000e+03 4.831320199972812424e-46
3.246000000000000000e+03 4.700298863464115174e-46
3.247000000000000000e+03 4.982163608618249768e-46
3.248000000000000000e+03 4.766570861357378349e-46
3.249000000000000000e+03 3.869323662260773539e-46
3.250000000000000000e+03 3.497503001941399901e-46
3.251000000000000000e+03 4.607514678240277572e-46
3.252000000000000000e+03 4.799423178708021066e-46
3.253000000000000000e+03 4.355253535262321032e-46
3.254000000000000000e+03 4.616508951474812787e-46
3.255000000000000000e+03 3.983674018918661819e-46
3.256000000000000000e+03 3.398413677729082164e-46
3.257000000000000000e+03 2.942843748118359059e-46
3.258000000000000000e+03 3.014293278678692779e-46
3.259000000000000000e+03 3.399676306139966229e-46
3.260000000000000000e+03 3.205173553457896239e-46
3.261000000000000000e+03 3.352153030329273596e-46
3.262000000000000000e+03 3.371418561057897421e-46
3.263000000000000000e+03 3.008436945201503806e-46
3.264000000000000000e+03 3.006463885869909332e-46
3.265000000000000000e+03 2.905630229042245219e-46
3.266000000000000000e+03 2.323306887027391508e-46
3.267000000000000000e+03 2.086962775027800441e-46
3.268000000000000000e+03 2.453367728305624001e-46
3.269000000000000000e+03 2.811053032852979878e-46
3.270000000000000000e+03 2.578339217084733303e-46
3.271000000000000000e+03 3.064144131493273422e-46
3.272000000000000000e+03 3.200642502265942038e-46
3.273000000000000000e+03 2.790896283024826440e-46
3.274000000000000000e+03 2.552460826698408615e-46
3.275000000000000000e+03 2.380457882132587874e-46
3.276000000000000000e+03 2.798139676548289832e-46
3.277000000000000000e+03 2.530521640875691722e-46
3.278000000000000000e+03 2.355975565035669393e-46
3.279000000000000000e+03 2.597764870406192079e-46
3.280000000000000000e+03 2.719032042422456809e-46
3.281000000000000000e+03 2.968980194965047297e-46
3.282000000000000000e+03 2.988475321374658162e-46
3.283000000000000000e+03 2.155469226977983714e-46
3.284000000000000000e+03 2.217410406338907453e-46
3.285000000000000000e+03 2.754439128936930285e-46
3.286000000000000000e+03 2.820144996333265522e-46
3.287000000000000000e+03 2.767325849979068649e-46
3.288000000000000000e+03 2.485229894441289829e-46
3.289000000000000000e+03 3.154160281048386850e-46
3.290000000000000000e+03 9.895451510894228842e-46
3.291000000000000000e+03 1.864585650336633606e-45
3.292000000000000000e+03 4.325717738703466262e-46
3.293000000000000000e+03 2.182340074708890048e-46
3.294000000000000000e+03 1.961278201173655450e-46
3.295000000000000000e+03 2.582281483690227267e-46
3.296000000000000000e+03 2.714708706555260692e-46
3.297000000000000000e+03 2.423277801007291582e-46
3.298000000000000000e+03 2.177911228291672579e-46
3.299000000000000000e+03 2.218621467800498701e-46
3.300000000000000000e+03 2.092610135510458936e-46
3.301000000000000000e+03 2.234025055785743153e-46
3.302000000000000000e+03 2.574659512710097738e-46
3.303000000000000000e+03 2.846278558631141931e-46
3.304000000000000000e+03 2.321813617532215341e-46
3.305000000000000000e+03 2.022207781523812190e-46
3.306000000000000000e+03 2.669087157972802501e-46
3.307000000000000000e+03 2.881820970785600426e-46
3.308000000000000000e+03 2.715561535234842396e-46
3.309000000000000000e+03 2.791873782992781388e-46
3.310000000000000000e+03 3.184362416199120105e-46
3.311000000000000000e+03 2.784735195967335962e-46
3.312000000000000000e+03 2.396383701815371950e-46
3.313000000000000000e+03 2.163644660114604704e-46
3.314000000000000000e+03 2.305949305388905167e-46
3.315000000000000000e+03 2.294120776944870208e-46
3.316000000000000000e+03 2.668969865001921713e-46
3.317000000000000000e+03 2.465962219262982373e-46
3.318000000000000000e+03 3.860623104397121771e-46
3.319000000000000000e+03 1.307893432091788425e-45
3.320000000000000000e+03 1.394454057166876036e-45
3.321000000000000000e+03 1.329189478657968938e-45
3.322000000000000000e+03 3.766213538299561267e-46
3.323000000000000000e+03 2.757889730837538674e-46
3.324000000000000000e+03 2.701373345609757652e-46
3.325000000000000000e+03 2.769312024647008258e-46
3.326000000000000000e+03 2.823078567792698362e-46
3.327000000000000000e+03 2.690318089839341389e-46
3.328000000000000000e+03 2.649126443602904480e-46
3.329000000000000000e+03 3.379988019615635051e-46
3.330000000000000000e+03 3.544849272872818835e-46
3.331000000000000000e+03 2.922194047967056086e-46
3.332000000000000000e+03 5.050975209412351985e-46
3.333000000000000000e+03 5.512531101105846711e-46
3.334000000000000000e+03 4.223938341857095764e-46
3.335000000000000000e+03 1.918152803478510200e-45
3.336000000000000000e+03 3.180683074729981945e-45
3.337000000000000000e+03 9.760263807721811014e-46
3.338000000000000000e+03 1.313258146020454576e-45
3.339000000000000000e+03 6.624460085507243742e-46
3.340000000000000000e+03 3.471676989574414199e-46
3.341000000000000000e+03 4.031693618464582234e-46
3.342000000000000000e+03 4.820520802109871660e-46
3.343000000000000000e+03 6.922179200758240559e-46
3.344000000000000000e+03 5.707216168295835065e-46
3.345000000000000000e+03 4.005560775113804706e-46
3.346000000000000000e+03 3.378887628916560356e-46
3.347000000000000000e+03 3.199456263915069423e-46
3.348000000000000000e+03 3.225257788387915422e-46
3.349000000000000000e+03 2.769635092616349305e-46
3.350000000000000000e+03 2.539317909810937913e-46
3.351000000000000000e+03 3.096426876697824045e-46
3.352000000000000000e+03 3.622063132693785033e-46
3.353000000000000000e+03 3.269582389388765200e-46
3.354000000000000000e+03 2.462311143522047860e-46
3.355000000000000000e+03 2.627956011518712416e-46
3.356000000000000000e+03 2.768623146326402739e-46
3.357000000000000000e+03 8.095229233733529586e-46
3.358000000000000000e+03 1.167506787179139431e-45
3.359000000000000000e+03 7.210325953469016068e-46
3.360000000000000000e+03 2.342267774368949736e-45
3.361000000000000000e+03 1.723021529415419814e-45
3.362000000000000000e+03 3.063370454047260606e-46
3.363000000000000000e+03 2.710126281775940328e-46
3.364000000000000000e+03 3.095999459404964618e-46
3.365000000000000000e+03 3.077627231419196038e-46
3.366000000000000000e+03 2.803885656420233776e-46
3.367000000000000000e+03 2.439724356334137308e-46
3.368000000000000000e+03 2.546726415337675037e-46
3.369000000000000000e+03 2.752448259758627814e-46
3.370000000000000000e+03 2.729929089413285145e-46
3.371000000000000000e+03 3.244109950344548455e-46
3.372000000000000000e+03 3.137502745366794023e-46
3.373000000000000000e+03 2.491833821198894972e-46
3.374000000000000000e+03 2.672638682777177327e-46
3.375000000000000000e+03 3.614383587399792776e-46
3.376000000000000000e+03 2.821738817651961205e-46
3.377000000000000000e+03 3.179603573239165962e-46
3.378000000000000000e+03 3.152671590673170014e-46
3.379000000000000000e+03 3.166424010984222705e-46
3.380000000000000000e+03 3.264415677356987812e-46
3.381000000000000000e+03 3.260844681214559205e-46
3.382000000000000000e+03 3.224157200869640926e-46
3.383000000000000000e+03 3.961489235880388778e-46
3.384000000000000000e+03 3.890578826779776687e-46
3.385000000000000000e+03 6.171445133025063737e-45
3.386000000000000000e+03 1.438958721823714620e-44
3.387000000000000000e+03 2.330885950787976805e-45
3.388000000000000000e+03 4.330959317283419580e-46
3.389000000000000000e+03 6.977180469728286772e-46
3.390000000000000000e+03 9.149535704208596251e-46
3.391000000000000000e+03 4.580818802096871618e-46
3.392000000000000000e+03 1.106254299206240676e-45
3.393000000000000000e+03 3.083055340130986188e-45
3.394000000000000000e+03 1.210655753983430604e-45
3.395000000000000000e+03 5.971526718017741386e-46
3.396000000000000000e+03 4.787215266899227634e-46
3.397000000000000000e+03 3.869607065326369017e-46
3.398000000000000000e+03 3.963394314140949024e-46
3.399000000000000000e+03 3.229929273677901581e-46
3.400000000000000000e+03 3.273445960002942841e-46
3.401000000000000000e+03 3.988645169030174003e-46
3.402000000000000000e+03 4.984226382816880142e-46
3.403000000000000000e+03 5.522570299223327117e-46
3.404000000000000000e+03 3.521757024982875866e-46
3.405000000000000000e+03 2.988487511020038770e-46
3.406000000000000000e+03 3.950616924686180455e-46
3.407000000000000000e+03 3.658206499607922246e-46
3.408000000000000000e+03 3.695113567343055274e-46
3.409000000000000000e+03 3.755006552298694173e-46
3.410000000000000000e+03 3.471748828006262847e-46
3.411000000000000000e+03 2.655929021935739039e-46
3.412000000000000000e+03 3.246083632016786645e-46
3.413000000000000000e+03 3.407760735354392253e-46
3.414000000000000000e+03 4.464658609310118391e-46
3.415000000000000000e+03 3.850551452896035467e-46
3.416000000000000000e+03 3.507093671668555532e-46
3.417000000000000000e+03 3.663007745620043871e-46
3.418000000000000000e+03 3.674556847655077833e-46
3.419000000000000000e+03 3.054734400013775357e-46
3.420000000000000000e+03 2.981156311658425398e-46
3.421000000000000000e+03 3.023600542950057717e-46
3.422000000000000000e+03 3.392485993407865476e-46
3.423000000000000000e+03 3.102628087942492882e-46
3.424000000000000000e+03 2.799404488113125465e-46
3.425000000000000000e+03 3.677690561990390532e-46
3.426000000000000000e+03 3.641932022191390424e-46
3.427000000000000000e+03 2.834224891357729324e-46
3.428000000000000000e+03 3.484576240975958414e-46
3.429000000000000000e+03 3.272350683500146192e-46
3.430000000000000000e+03 3.487451290517448244e-46
3.431000000000000000e+03 5.012958176557190017e-46
3.432000000000000000e+03 4.045613402657708793e-46
3.433000000000000000e+03 4.063444476283515879e-46
3.434000000000000000e+03 4.140502216016483016e-46
3.435000000000000000e+03 4.462809802051164618e-46
3.436000000000000000e+03 7.438409494230290173e-46
3.437000000000000000e+03 8.558698425226945362e-46
3.438000000000000000e+03 5.956151110078676613e-46
3.439000000000000000e+03 5.135778091793966928e-46
3.440000000000000000e+03 4.361042941927523241e-46
3.441000000000000000e+03 2.985146669910597867e-46
3.442000000000000000e+03 3.285517587757319143e-46
3.443000000000000000e+03 3.187529566322746613e-46
3.444000000000000000e+03 3.728133709110266807e-46
3.445000000000000000e+03 3.443006362515946015e-46
3.446000000000000000e+03 3.194731406572798309e-46
3.447000000000000000e+03 2.986222124684122239e-46
3.448000000000000000e+03 2.895121898037443304e-46
3.449000000000000000e+03 3.189607783092685527e-46
3.450000000000000000e+03 4.434280870882409469e-46
3.451000000000000000e+03 4.404584606784683958e-46
3.452000000000000000e+03 3.639645493902428394e-46
3.453000000000000000e+03 3.473188849078483662e-46
3.454000000000000000e+03 3.633161424339973820e-46
3.455000000000000000e+03 3.305357318625306765e-46
3.456000000000000000e+03 3.414443708151530504e-46
3.457000000000000000e+03 2.731980806776346094e-46
3.458000000000000000e+03 2.855740564264852556e-46
3.459000000000000000e+03 3.301778388038930987e-46
3.460000000000000000e+03 2.977057666018331501e-46
3.461000000000000000e+03 3.253431523346547655e-46
3.462000000000000000e+03 2.864084026089169941e-46
3.463000000000000000e+03 3.067840646473007615e-46
3.464000000000000000e+03 3.492365124032872029e-46
3.465000000000000000e+03 2.626083726403454670e-46
3.466000000000000000e+03 2.410545180693992574e-46
3.467000000000000000e+03 2.755088564092356960e-46
3.468000000000000000e+03 2.534467141809690023e-46
3.469000000000000000e+03 2.889830020659525270e-46
3.470000000000000000e+03 3.224119963909127325e-46
3.471000000000000000e+03 2.555536527545278227e-46
3.472000000000000000e+03 2.901137046727796070e-46
3.473000000000000000e+03 2.857140562001818770e-46
3.474000000000000000e+03 2.592808025510970904e-46
3.475000000000000000e+03 2.516074267930245484e-46
3.476000000000000000e+03 3.263014400886314056e-46
3.477000000000000000e+03 3.767912572628808074e-46
3.478000000000000000e+03 3.311446119903161482e-46
3.479000000000000000e+03 2.772467180684614239e-46
3.480000000000000000e+03 2.935274428695860997e-46
3.481000000000000000e+03 3.624461752301375380e-46
3.482000000000000000e+03 4.202400000311541579e-46
3.483000000000000000e+03 4.221545949804676727e-46
3.484000000000000000e+03 3.800337254780817086e-46
3.485000000000000000e+03 2.997245415606552600e-46
3.486000000000000000e+03 2.480760426089507452e-46
3.487000000000000000e+03 3.721395673555102980e-46
3.488000000000000000e+03 3.415689807794832011e-46
3.489000000000000000e+03 3.253473501929766684e-46
3.490000000000000000e+03 3.983919390547010330e-46
3.491000000000000000e+03 3.038933554195132296e-46
3.492000000000000000e+03 3.479406809893488633e-46
3.493000000000000000e+03 3.477308622455747122e-46
3.494000000000000000e+03 3.043871316580028445e-46
3.495000000000000000e+03 3.480263038766437791e-46
3.496000000000000000e+03 3.345808217030433289e-46
3.497000000000000000e+03 3.169815329169184916e-46
3.498000000000000000e+03 3.428913298678954342e-46
3.499000000000000000e+03 3.315623287120485858e-46
3.500000000000000000e+03 3.736409429721658604e-46
3.501000000000000000e+03 3.217323546512349693e-46
3.502000000000000000e+03 3.242158042751734565e-46
3.503000000000000000e+03 3.825886203406823865e-46
3.504000000000000000e+03 3.251121924618761025e-46
3.505000000000000000e+03 2.864012316372999761e-46
3.506000000000000000e+03 3.449668096892370456e-46
3.507000000000000000e+03 3.094916303392674095e-46
3.508000000000000000e+03 2.999351500657917324e-46
3.509000000000000000e+03 3.297127563740800108e-46
3.510000000000000000e+03 3.721592541635065037e-46
3.511000000000000000e+03 3.578431741240342261e-46
3.512000000000000000e+03 2.532309788509877214e-46
3.513000000000000000e+03 3.075307480274108591e-46
3.514000000000000000e+03 3.738455176799525672e-46
3.515000000000000000e+03 3.135987164895939632e-46
3.516000000000000000e+03 3.669909081208577843e-46
3.517000000000000000e+03 3.543822230546242363e-46
3.518000000000000000e+03 3.546901570297315697e-46
3.519000000000000000e+03 3.637528609028564989e-46
3.520000000000000000e+03 3.946526490301541624e-46
3.521000000000000000e+03 3.216653538668314249e-46
3.522000000000000000e+03 3.507217523084601740e-46
3.523000000000000000e+03 3.429868817069207091e-46
3.524000000000000000e+03 3.019535295510780733e-46
3.525000000000000000e+03 3.185325851038391266e-46
3.526000000000000000e+03 4.304272465286540654e-46
3.527000000000000000e+03 5.018777682056109119e-46
3.528000000000000000e+03 3.503552021097386874e-46
3.529000000000000000e+03 3.279594678471127864e-46
3.530000000000000000e+03 3.544342792099024251e-46
3.531000000000000000e+03 3.752767687094123377e-46
3.532000000000000000e+03 3.224188616536829594e-46
3.533000000000000000e+03 4.520124918679294988e-46
3.534000000000000000e+03 5.000421629525986830e-46
3.535000000000000000e+03 3.887552483017152005e-46
3.536000000000000000e+03 3.407882609231196918e-46
3.537000000000000000e+03 3.349145655170234876e-46
3.538000000000000000e+03 4.255491099996268237e-46
3.539000000000000000e+03 4.936547724538381235e-46
3.540000000000000000e+03 4.433997003942996538e-46
3.541000000000000000e+03 4.131100304030561115e-46
3.542000000000000000e+03 3.399599257415115440e-46
3.543000000000000000e+03 3.508029445611290000e-46
3.544000000000000000e+03 3.298475970704720539e-46
3.545000000000000000e+03 3.168395395116416840e-46
3.546000000000000000e+03 3.512499309418384357e-46
3.547000000000000000e+03 3.496898599027615431e-46
3.548000000000000000e+03 3.746469874829844862e-46
3.549000000000000000e+03 3.750413105644019295e-46
3.550000000000000000e+03 4.112309472306604272e-46
3.551000000000000000e+03 4.153416602420549973e-46
3.552000000000000000e+03 3.358207144675986342e-46
3.553000000000000000e+03 3.593131638950694105e-46
3.554000000000000000e+03 3.663463790511121444e-46
3.555000000000000000e+03 3.414281154451233394e-46
3.556000000000000000e+03 3.566038251710366358e-46
3.557000000000000000e+03 3.120074701195146696e-46
3.558000000000000000e+03 2.892383998149345060e-46
3.559000000000000000e+03 3.521380983233807593e-46
3.560000000000000000e+03 3.155418272509647377e-46
3.561000000000000000e+03 4.380837532232894494e-46
3.562000000000000000e+03 4.510027976343590669e-46
3.563000000000000000e+03 3.693852078749815187e-46
3.564000000000000000e+03 3.816452806929676864e-46
3.565000000000000000e+03 4.323923373815431085e-46
3.566000000000000000e+03 4.200060315412249162e-46
3.567000000000000000e+03 3.931626823548244643e-46
3.568000000000000000e+03 4.267290559970612496e-46
3.569000000000000000e+03 3.736259960602412313e-46
3.570000000000000000e+03 4.227170501660913877e-46
3.571000000000000000e+03 4.077825650681933859e-46
3.572000000000000000e+03 3.683194933791980457e-46
3.573000000000000000e+03 4.533613588334361861e-46
3.574000000000000000e+03 3.918267920561895174e-46
3.575000000000000000e+03 4.054365975152313426e-46
3.576000000000000000e+03 4.196386382890798144e-46
3.577000000000000000e+03 4.838934103218505525e-46
3.578000000000000000e+03 4.782492559522673442e-46
3.579000000000000000e+03 4.219237323341332295e-46
3.580000000000000000e+03 3.801813921958297146e-46
3.581000000000000000e+03 3.344636873828856730e-46
3.582000000000000000e+03 4.495585387291343108e-46
3.583000000000000000e+03 4.138569537274886209e-46
3.584000000000000000e+03 4.302799659715474681e-46
3.585000000000000000e+03 4.689326703121589039e-46
3.586000000000000000e+03 5.245499496658882475e-46
3.587000000000000000e+03 5.077305503798781491e-46
3.588000000000000000e+03 4.503339538608349640e-46
3.589000000000000000e+03 4.504470098660948933e-46
3.590000000000000000e+03 4.917554234809600583e-46
3.591000000000000000e+03 4.829050036168607724e-46
3.592000000000000000e+03 4.544477904351632810e-46
3.593000000000000000e+03 5.174578176647345635e-46
3.594000000000000000e+03 5.168181500141030017e-46
3.595000000000000000e+03 4.454067355006272021e-46
3.596000000000000000e+03 4.408275166921030715e-46
3.597000000000000000e+03 5.421162785540578723e-46
3.598000000000000000e+03 5.255484784674813230e-46
3.599000000000000000e+03 4.068399668706543050e-46
3.600000000000000000e+03 4.559145630743617124e-46
3.601000000000000000e+03 5.251776481677595538e-46
3.602000000000000000e+03 4.322499435628021749e-46
3.603000000000000000e+03 3.339002983747699452e-46
3.604000000000000000e+03 3.266341370216393497e-46
3.605000000000000000e+03 5.482139727725910148e-46
3.606000000000000000e+03 5.131667493582949874e-46
3.607000000000000000e+03 4.672935284115484824e-46
3.608000000000000000e+03 4.605339838465805852e-46
3.609000000000000000e+03 4.176999893744581976e-46
3.610000000000000000e+03 4.548898575321146298e-46
3.611000000000000000e+03 4.800176049209053129e-46
3.612000000000000000e+03 5.406841166548538673e-46
3.613000000000000000e+03 6.859578814233588487e-46
3.614000000000000000e+03 4.617103340261979095e-45
3.615000000000000000e+03 4.344158088584736811e-44
3.616000000000000000e+03 2.521930198120047373e-44
3.617000000000000000e+03 9.286035045560522696e-46
3.618000000000000000e+03 6.355906374921076800e-46
3.619000000000000000e+03 6.283721887933674366e-46
3.620000000000000000e+03 5.199196942216037952e-46
3.621000000000000000e+03 4.832938459730360604e-46
3.622000000000000000e+03 5.318773380031926836e-46
3.623000000000000000e+03 4.425791077742292782e-46
3.624000000000000000e+03 4.912486487231739546e-46
3.625000000000000000e+03 4.861680551846692426e-46
3.626000000000000000e+03 5.409363802503822530e-46
3.627000000000000000e+03 4.646277727727882458e-46
3.628000000000000000e+03 4.266039002549788804e-46
3.629000000000000000e+03 5.139021106988306207e-46
3.630000000000000000e+03 5.515623423437169971e-46
3.631000000000000000e+03 5.150552321980224886e-46
3.632000000000000000e+03 4.819010965381579311e-46
3.633000000000000000e+03 3.795785841630394326e-46
3.634000000000000000e+03 4.267971001934955909e-46
3.635000000000000000e+03 3.866960483283107266e-46
3.636000000000000000e+03 4.607840230827122940e-46
3.637000000000000000e+03 4.874292273378798325e-46
3.638000000000000000e+03 5.380882319724371281e-46
3.639000000000000000e+03 5.045460528009529027e-46
3.640000000000000000e+03 4.524355763291343393e-46
3.641000000000000000e+03 4.514574096623056683e-46
3.642000000000000000e+03 3.607736733270312081e-46
3.643000000000000000e+03 4.399749469804922313e-46
3.644000000000000000e+03 4.524851331550612979e-46
3.645000000000000000e+03 4.150579620735807435e-46
3.646000000000000000e+03 5.290239158106549721e-46
3.647000000000000000e+03 5.212404810663537531e-46
3.648000000000000000e+03 3.943197142265587425e-46
3.649000000000000000e+03 4.910342571570540292e-46
3.650000000000000000e+03 4.795148051391111713e-46
3.651000000000000000e+03 3.687026686338854855e-46
3.652000000000000000e+03 3.674116425290690656e-46
3.653000000000000000e+03 4.381232494517606548e-46
3.654000000000000000e+03 4.007411071205583924e-46
3.655000000000000000e+03 3.986487121636173269e-46
3.656000000000000000e+03 4.266634230268544644e-46
3.657000000000000000e+03 4.508593314357850050e-46
3.658000000000000000e+03 4.098541414483133694e-46
3.659000000000000000e+03 4.257482666013304394e-46
3.660000000000000000e+03 3.850623861737842218e-46
3.661000000000000000e+03 4.402209480861689061e-46
3.662000000000000000e+03 4.574506441726355578e-46
3.663000000000000000e+03 3.763050577207645750e-46
3.664000000000000000e+03 3.591558598614005587e-46
3.665000000000000000e+03 3.834587529325128181e-46
3.666000000000000000e+03 3.850076077239888277e-46
3.667000000000000000e+03 3.066841020052255822e-46
3.668000000000000000e+03 3.049796686461573182e-46
3.669000000000000000e+03 3.866938470462958334e-46
3.670000000000000000e+03 3.641523861059142198e-46
3.671000000000000000e+03 3.632334895782013787e-46
3.672000000000000000e+03 3.714125343129122005e-46
3.673000000000000000e+03 4.188627040643102155e-46
3.674000000000000000e+03 4.436859879612037293e-46
3.675000000000000000e+03 4.542747456818594267e-46
3.676000000000000000e+03 3.895205892573945155e-46
3.677000000000000000e+03 3.224721666687425550e-46
3.678000000000000000e+03 3.050887200468487622e-46
3.679000000000000000e+03 2.707735148894041106e-46
3.680000000000000000e+03 2.564676545516923389e-46
3.681000000000000000e+03 3.076298465252860886e-46
3.682000000000000000e+03 3.194622149915927813e-46
3.683000000000000000e+03 3.319466374885899452e-46
3.684000000000000000e+03 2.624114633101438323e-46
3.685000000000000000e+03 3.153478982403746292e-46
3.686000000000000000e+03 3.548909265135282503e-46
3.687000000000000000e+03 3.525830422377041381e-46
3.688000000000000000e+03 2.829426400926762614e-46
3.689000000000000000e+03 2.520134137101735324e-46
3.690000000000000000e+03 2.867594341326305407e-46
3.691000000000000000e+03 2.795597978534964481e-46
3.692000000000000000e+03 3.554004775234456596e-46
3.693000000000000000e+03 2.577541166366277795e-46
3.694000000000000000e+03 2.925236419885659318e-46
3.695000000000000000e+03 3.170938385484356791e-46
3.696000000000000000e+03 2.950887085225938829e-46
3.697000000000000000e+03 3.060306643533913115e-46
3.698000000000000000e+03 2.592365103443373342e-46
3.699000000000000000e+03 2.947957758000453350e-46
3.700000000000000000e+03 3.455335722940813034e-46
3.701000000000000000e+03 3.370385956069359160e-46
3.702000000000000000e+03 3.024282677080952582e-46
3.703000000000000000e+03 3.211241044668299326e-46
3.704000000000000000e+03 3.509494476941185237e-46
3.705000000000000000e+03 3.337345530257622575e-46
3.706000000000000000e+03 3.146825229107870239e-46
3.707000000000000000e+03 2.870971295204585904e-46
3.708000000000000000e+03 2.983962781037465924e-46
3.709000000000000000e+03 3.790401000691948115e-46
3.710000000000000000e+03 3.328418413351504109e-46
3.711000000000000000e+03 2.617888685729877329e-46
3.712000000000000000e+03 2.270439010498514123e-46
3.713000000000000000e+03 2.143202734258525236e-46
3.714000000000000000e+03 3.054611940586285346e-46
3.715000000000000000e+03 3.250303863161426687e-46
3.716000000000000000e+03 3.507618801778807622e-46
3.717000000000000000e+03 3.629240806456441655e-46
3.718000000000000000e+03 3.488084731589321918e-46
3.719000000000000000e+03 4.113680038291701477e-46
3.720000000000000000e+03 3.602688075378135937e-46
3.721000000000000000e+03 2.542247754532912193e-46
3.722000000000000000e+03 3.196866378818964330e-46
3.723000000000000000e+03 3.716833432681182471e-46
3.724000000000000000e+03 3.096563832112583586e-46
3.725000000000000000e+03 3.794135048250549365e-46
3.726000000000000000e+03 3.766333797300785152e-46
3.727000000000000000e+03 3.311502869154610643e-46
3.728000000000000000e+03 3.022565573948550150e-46
3.729000000000000000e+03 3.150561043199899468e-46
3.730000000000000000e+03 2.817097677031375468e-46
3.731000000000000000e+03 2.745492789399782043e-46
3.732000000000000000e+03 3.168046555109297278e-46
3.733000000000000000e+03 3.744880349936497711e-46
3.734000000000000000e+03 4.884093533871111100e-46
3.735000000000000000e+03 4.704370041916406895e-46
3.736000000000000000e+03 3.115653027660886230e-46
3.737000000000000000e+03 2.866540465325210693e-46
3.738000000000000000e+03 2.976455808897918774e-46
3.739000000000000000e+03 3.318318069964947892e-46
3.740000000000000000e+03 3.533345487726861689e-46
3.741000000000000000e+03 3.162832482240857566e-46
3.742000000000000000e+03 3.394833141258433284e-46
3.743000000000000000e+03 3.148552943175940224e-46
3.744000000000000000e+03 3.485161342002836641e-46
3.745000000000000000e+03 3.680487051779761799e-46
3.746000000000000000e+03 4.103044349601930056e-46
3.747000000000000000e+03 3.647472025452633266e-46
3.748000000000000000e+03 3.126035188733017146e-46
3.749000000000000000e+03 2.952909876193904497e-46
3.750000000000000000e+03 2.901987779038944631e-46
3.751000000000000000e+03 4.156471972273479063e-46
3.752000000000000000e+03 4.210423865738718495e-46
3.753000000000000000e+03 3.285549976632561374e-46
3.754000000000000000e+03 2.624272881190563324e-46
3.755000000000000000e+03 3.730248386183200099e-46
3.756000000000000000e+03 3.851478328008104161e-46
3.757000000000000000e+03 6.911927243338701837e-46
3.758000000000000000e+03 7.410150693491649968e-46
3.759000000000000000e+03 3.792102920103221148e-46
3.760000000000000000e+03 3.728653022329279906e-46
3.761000000000000000e+03 2.989055136611741726e-46
3.762000000000000000e+03 3.254577037792918680e-46
3.763000000000000000e+03 3.500363312834932291e-46
3.764000000000000000e+03 3.004630936475642169e-46
3.765000000000000000e+03 2.925826150500093645e-46
3.766000000000000000e+03 3.559114032781834385e-46
3.767000000000000000e+03 3.012148281175612650e-46
3.768000000000000000e+03 3.189825525292180280e-46
3.769000000000000000e+03 3.644456747907740831e-46
3.770000000000000000e+03 3.213822094730456954e-46
3.771000000000000000e+03 2.931969812417992921e-46
3.772000000000000000e+03 3.339623854477287892e-46
3.773000000000000000e+03 3.126208179994908056e-46
3.774000000000000000e+03 2.542561153582420808e-46
3.775000000000000000e+03 2.313814874763541334e-46
3.776000000000000000e+03 3.301371278975353307e-46
3.777000000000000000e+03 3.576728839761086341e-46
3.778000000000000000e+03 3.972573711245401189e-46
3.779000000000000000e+03 2.954678751960701797e-46
3.780000000000000000e+03 2.769748900096994868e-46
3.781000000000000000e+03 2.551090735992711323e-46
3.782000000000000000e+03 2.242741627988244239e-46
3.783000000000000000e+03 2.670067643382522933e-46
3.784000000000000000e+03 3.313498586838214677e-46
3.785000000000000000e+03 3.015693092407372748e-46
3.786000000000000000e+03 3.057615850712550700e-46
3.787000000000000000e+03 3.413524162097341219e-46
3.788000000000000000e+03 3.319305264021661833e-46
3.789000000000000000e+03 3.028781119350399419e-46
3.790000000000000000e+03 2.903680316283107138e-46
3.791000000000000000e+03 3.635254489306462451e-46
3.792000000000000000e+03 3.734087568975381811e-46
3.793000000000000000e+03 2.923022729932940658e-46
3.794000000000000000e+03 3.116391734738193706e-46
3.795000000000000000e+03 2.878438701818749067e-46
3.796000000000000000e+03 2.635914300181296429e-46
3.797000000000000000e+03 3.207520209376797981e-46
3.798000000000000000e+03 3.723421459880481273e-46
3.799000000000000000e+03 3.678038169343576529e-46
3.800000000000000000e+03 3.507745711723942775e-46
3.801000000000000000e+03 2.738012844033770616e-46
3.802000000000000000e+03 4.737679100623728487e-46
3.803000000000000000e+03 4.145409002239705752e-46
3.804000000000000000e+03 5.988269626952812780e-46
3.805000000000000000e+03 2.120198655497417961e-45
3.806000000000000000e+03 1.719530098322444674e-45
3.807000000000000000e+03 6.723357135491275595e-46
3.808000000000000000e+03 4.400590781177407224e-46
3.809000000000000000e+03 2.976108708436821607e-46
3.810000000000000000e+03 2.374306503758477483e-46
3.811000000000000000e+03 3.440669544008258321e-46
3.812000000000000000e+03 5.932414446782117101e-46
3.813000000000000000e+03 1.023378600959507898e-45
3.814000000000000000e+03 5.944144500445074800e-46
3.815000000000000000e+03 3.186218105642139800e-46
3.816000000000000000e+03 3.643914318124946562e-46
3.817000000000000000e+03 3.474792637471531773e-46
3.818000000000000000e+03 3.767932746269672491e-46
3.819000000000000000e+03 2.867625786947954390e-46
3.820000000000000000e+03 3.623879023873666733e-46
3.821000000000000000e+03 4.879664285069818879e-46
3.822000000000000000e+03 3.399378911640491843e-46
3.823000000000000000e+03 3.678963977443562912e-46
3.824000000000000000e+03 4.539026822506977402e-46
3.825000000000000000e+03 4.530263589988847003e-46
3.826000000000000000e+03 3.840776435262461496e-46
3.827000000000000000e+03 3.043529369727559555e-46
3.828000000000000000e+03 3.968775676432264923e-46
3.829000000000000000e+03 7.199840973725519191e-46
3.830000000000000000e+03 7.378229325706124021e-46
3.831000000000000000e+03 4.856797097118610524e-46
3.832000000000000000e+03 2.303430351156096478e-46
3.833000000000000000e+03 5.259110815257854111e-46
3.834000000000000000e+03 1.137296111425047335e-45
3.835000000000000000e+03 6.107412662130306134e-46
3.836000000000000000e+03 4.596804872636792206e-46
3.837000000000000000e+03 4.584903607728788890e-46
3.838000000000000000e+03 4.060425762330276227e-46
3.839000000000000000e+03 4.483976131882454540e-46
3.840000000000000000e+03 3.900811276762947068e-46
3.841000000000000000e+03 3.240142093650553933e-46
3.842000000000000000e+03 3.894067919305136276e-46
3.843000000000000000e+03 3.587583138862892653e-46
3.844000000000000000e+03 3.536746976810889684e-46
3.845000000000000000e+03 3.362084115545766202e-46
3.846000000000000000e+03 3.665876215006479870e-46
3.847000000000000000e+03 8.321686395862513196e-46
3.848000000000000000e+03 5.813775103771025527e-46
3.849000000000000000e+03 3.498551723237057561e-46
3.850000000000000000e+03 3.627079066653794583e-46
3.851000000000000000e+03 3.880839716163830833e-46
3.852000000000000000e+03 6.768839203283168999e-46
3.853000000000000000e+03 4.114175675695453109e-46
3.854000000000000000e+03 4.035927759240877713e-46
3.855000000000000000e+03 4.604693705212890030e-46
3.856000000000000000e+03 4.418042581485777671e-46
3.857000000000000000e+03 3.851175168223441527e-46
3.858000000000000000e+03 3.889987713769100989e-46
3.859000000000000000e+03 3.714753141698179597e-46
3.860000000000000000e+03 4.630925948334746571e-46
3.861000000000000000e+03 4.229685998473212579e-46
3.862000000000000000e+03 4.339368947382251652e-46
3.863000000000000000e+03 3.921853003531894855e-46
3.864000000000000000e+03 3.942097012663077481e-46
3.865000000000000000e+03 4.688957366666072528e-46
3.866000000000000000e+03 3.840647727436201384e-46
3.867000000000000000e+03 3.723595453716373173e-46
3.868000000000000000e+03 3.444858180578520864e-46
3.869000000000000000e+03 3.436115359049276085e-46
3.870000000000000000e+03 3.357376024441785982e-46
3.871000000000000000e+03 4.052410310276546286e-46
3.872000000000000000e+03 3.962006268191501075e-46
3.873000000000000000e+03 6.050508621236567012e-46
3.874000000000000000e+03 5.491530890556453620e-46
3.875000000000000000e+03 3.788900213905062627e-46
3.876000000000000000e+03 3.027574115639995776e-46
3.877000000000000000e+03 3.729930872795585158e-46
3.878000000000000000e+03 4.795985387269282096e-46
3.879000000000000000e+03 4.066640290219773999e-46
3.880000000000000000e+03 3.692399422266834425e-46
3.881000000000000000e+03 3.273677452453718791e-46
3.882000000000000000e+03 3.609158055303035946e-46
3.883000000000000000e+03 3.799105763838175426e-46
3.884000000000000000e+03 3.161727350146561321e-46
3.885000000000000000e+03 3.666865047721356089e-46
3.886000000000000000e+03 4.278733880272475541e-46
3.887000000000000000e+03 3.050337347092313311e-46
3.888000000000000000e+03 3.413392235052101427e-46
3.889000000000000000e+03 3.829184250205740052e-46
3.890000000000000000e+03 3.423907275210786727e-46
3.891000000000000000e+03 3.312840819062219438e-46
3.892000000000000000e+03 3.347371477777807586e-46
3.893000000000000000e+03 4.242333589754624264e-46
3.894000000000000000e+03 3.152069621666034263e-46
3.895000000000000000e+03 2.847702120864337268e-46
3.896000000000000000e+03 3.497240079861851975e-46
3.897000000000000000e+03 3.671751784697541048e-46
3.898000000000000000e+03 3.415924713992695301e-46
3.899000000000000000e+03 4.150331173834795858e-46
3.900000000000000000e+03 4.658459551136623054e-46
3.901000000000000000e+03 4.096434497074230885e-46
3.902000000000000000e+03 3.238271715643431718e-46
3.903000000000000000e+03 3.682305468199128928e-46
3.904000000000000000e+03 3.829769793862092648e-46
3.905000000000000000e+03 3.800791714594524782e-46
3.906000000000000000e+03 3.594077062379085719e-46
3.907000000000000000e+03 3.671148993580681018e-46
3.908000000000000000e+03 4.056714241585755848e-46
3.909000000000000000e+03 4.158636083359303394e-46
3.910000000000000000e+03 2.902366152640471925e-46
3.911000000000000000e+03 3.030256443680275096e-46
3.912000000000000000e+03 3.791288631716309725e-46
3.913000000000000000e+03 4.053356428886855610e-46
3.914000000000000000e+03 4.368016787171777158e-46
3.915000000000000000e+03 4.477145324547072518e-46
3.916000000000000000e+03 4.356452447637049304e-46
3.917000000000000000e+03 4.163151544753570153e-46
3.918000000000000000e+03 4.165029505730703119e-46
3.919000000000000000e+03 3.473777993397604136e-46
3.920000000000000000e+03 3.641592798414820452e-46
3.921000000000000000e+03 3.214318013027452487e-46
3.922000000000000000e+03 2.752599517910169266e-46
3.923000000000000000e+03 3.235314765849152777e-46
3.924000000000000000e+03 3.909203665428269782e-46
3.925000000000000000e+03 4.285921011305639912e-46
3.926000000000000000e+03 4.009338815775878467e-46
3.927000000000000000e+03 3.583130851268249925e-46
3.928000000000000000e+03 3.967269578759484991e-46
3.929000000000000000e+03 4.183170528614465059e-46
3.930000000000000000e+03 3.220255539716508280e-46
3.931000000000000000e+03 3.171365407893275831e-46
3.932000000000000000e+03 2.911656622575644086e-46
3.933000000000000000e+03 3.275964143481887497e-46
3.934000000000000000e+03 4.324740789929422874e-46
3.935000000000000000e+03 3.520820797560757048e-46
3.936000000000000000e+03 3.488201638742214676e-46
3.937000000000000000e+03 3.981577524213764983e-46
3.938000000000000000e+03 4.432155354806617774e-46
3.939000000000000000e+03 4.759908649211521777e-46
3.940000000000000000e+03 4.037350945964662292e-46
3.941000000000000000e+03 4.377411844344641330e-46
3.942000000000000000e+03 4.150008919840546476e-46
3.943000000000000000e+03 3.671329513826382225e-46
3.944000000000000000e+03 4.505727947052330648e-46
3.945000000000000000e+03 3.433198353982480539e-46
3.946000000000000000e+03 3.671722322713801761e-46
3.947000000000000000e+03 4.063693243015895930e-46
3.948000000000000000e+03 3.995614180680316902e-46
3.949000000000000000e+03 3.845499518067850455e-46
3.950000000000000000e+03 3.863368885039270548e-46
3.951000000000000000e+03 3.623806981446376306e-46
3.952000000000000000e+03 3.513062817262612611e-46
3.953000000000000000e+03 4.335517164011434634e-46
3.954000000000000000e+03 3.470779130450315813e-46
3.955000000000000000e+03 3.274688936475700497e-46
3.956000000000000000e+03 3.932108905450836586e-46
3.957000000000000000e+03 3.423462613348698495e-46
3.958000000000000000e+03 3.909642052739450220e-46
3.959000000000000000e+03 3.401387928835186304e-46
3.960000000000000000e+03 4.065175696197199826e-46
3.961000000000000000e+03 4.120337612673216962e-46
3.962000000000000000e+03 3.576025613177206999e-46
3.963000000000000000e+03 3.924134084931636407e-46
3.964000000000000000e+03 4.436586104631965414e-46
3.965000000000000000e+03 3.554747858608232143e-46
3.966000000000000000e+03 4.158135538565601712e-46
3.967000000000000000e+03 3.835970216299495687e-46
3.968000000000000000e+03 3.858299309412940720e-46
3.969000000000000000e+03 3.694286114110050793e-46
3.970000000000000000e+03 3.916693034731583336e-46
3.971000000000000000e+03 4.204505365767380511e-46
3.972000000000000000e+03 3.580783478225733574e-46
3.973000000000000000e+03 3.547380338462224023e-46
3.974000000000000000e+03 3.641285714090792389e-46
3.975000000000000000e+03 3.489588533307896004e-46
3.976000000000000000e+03 4.077676031847733024e-46
3.977000000000000000e+03 4.195823588801736337e-46
3.978000000000000000e+03 3.834594003298610492e-46
3.979000000000000000e+03 3.485952139065624763e-46
3.980000000000000000e+03 3.108512033013900449e-46
3.981000000000000000e+03 3.095832978540268936e-46
3.982000000000000000e+03 3.281086471438059227e-46
3.983000000000000000e+03 3.621807573731733934e-46
3.984000000000000000e+03 4.435892529518126662e-46
3.985000000000000000e+03 4.353472264730897129e-46
3.986000000000000000e+03 3.641754284917365367e-46
3.987000000000000000e+03 2.971529644028638788e-46
3.988000000000000000e+03 3.319037164883523910e-46
3.989000000000000000e+03 3.236404385520672172e-46
3.990000000000000000e+03 3.902325383145610668e-46
3.991000000000000000e+03 4.404523322993825107e-46
3.992000000000000000e+03 4.053286316565293173e-46
3.993000000000000000e+03 3.941701914193227001e-46
3.994000000000000000e+03 3.820136833901104783e-46
3.995000000000000000e+03 3.838616223923190020e-46
3.996000000000000000e+03 4.293076334671044403e-46
3.997000000000000000e+03 3.734386323303608809e-46
3.998000000000000000e+03 3.420400420456728373e-46
3.999000000000000000e+03 3.196522537143434898e-46
4.000000000000000000e+03 3.418677696620171528e-46
4.001000000000000000e+03 3.699501204166661801e-46
4.002000000000000000e+03 3.813509317900450692e-46
4.003000000000000000e+03 4.260072582442589727e-46
4.004000000000000000e+03 3.872290960245591800e-46
4.005000000000000000e+03 3.691326681114637476e-46
4.006000000000000000e+03 3.984227535452528973e-46
4.007000000000000000e+03 3.290606155628157656e-46
4.008000000000000000e+03 3.528710998965878249e-46
4.009000000000000000e+03 4.522044008654801520e-46
4.010000000000000000e+03 3.842463783119730064e-46
4.011000000000000000e+03 2.920208432115095776e-46
4.012000000000000000e+03 3.277569139861288557e-46
4.013000000000000000e+03 3.347830099836172610e-46
4.014000000000000000e+03 3.982586485173763537e-46
4.015000000000000000e+03 4.235217331219064502e-46
4.016000000000000000e+03 3.886293106675315061e-46
4.017000000000000000e+03 4.277834707728160029e-46
4.018000000000000000e+03 4.229425647433133014e-46
4.019000000000000000e+03 4.808815427206960393e-46
4.020000000000000000e+03 4.726040583424337639e-46
4.021000000000000000e+03 3.594514780547192258e-46
4.022000000000000000e+03 3.568499856591452688e-46
4.023000000000000000e+03 2.829742484669251716e-46
4.024000000000000000e+03 3.994070882926098818e-46
4.025000000000000000e+03 4.059372236650541218e-46
4.026000000000000000e+03 2.820831567666952974e-46
4.027000000000000000e+03 3.596402816806577294e-46
4.028000000000000000e+03 4.917146711907615754e-46
4.029000000000000000e+03 4.944316873109227048e-46
4.030000000000000000e+03 4.893149181791129587e-46
4.031000000000000000e+03 4.347993026258951921e-46
4.032000000000000000e+03 3.846776766241660077e-46
4.033000000000000000e+03 3.978074181894172935e-46
4.034000000000000000e+03 3.712796179567024362e-46
4.035000000000000000e+03 3.809992727943054682e-46
4.036000000000000000e+03 3.723647198247304727e-46
4.037000000000000000e+03 4.198995590704936179e-46
4.038000000000000000e+03 4.050996406800787072e-46
4.039000000000000000e+03 3.999574143613135274e-46
4.040000000000000000e+03 3.927210248501110374e-46
4.041000000000000000e+03 3.687166749421318802e-46
4.042000000000000000e+03 3.548635716308685426e-46
4.043000000000000000e+03 3.960131666415380423e-46
4.044000000000000000e+03 3.442543012250729211e-46
4.045000000000000000e+03 3.493313626090078191e-46
4.046000000000000000e+03 3.747807364739932586e-46
4.047000000000000000e+03 3.513787304649972092e-46
4.048000000000000000e+03 3.054032594813657923e-46
4.049000000000000000e+03 2.786719263840819357e-46
4.050000000000000000e+03 3.268709771014626750e-46
4.051000000000000000e+03 4.293036365220987219e-46
4.052000000000000000e+03 3.332503661786378248e-46
4.053000000000000000e+03 3.923267268781313189e-46
4.054000000000000000e+03 3.863173809906118291e-46
4.055000000000000000e+03 4.255617321280771636e-46
4.056000000000000000e+03 4.435722951003836051e-46
4.057000000000000000e+03 4.446853846398692797e-46
4.058000000000000000e+03 4.405098754957046128e-46
4.059000000000000000e+03 3.376341340275847733e-46
4.060000000000000000e+03 3.701833735233939773e-46
4.061000000000000000e+03 4.340477737949752420e-46
4.062000000000000000e+03 4.328745918019035432e-46
4.063000000000000000e+03 4.512259975403061368e-46
4.064000000000000000e+03 3.983744672510542273e-46
4.065000000000000000e+03 3.231079870204836353e-46
4.066000000000000000e+03 3.410324162119580343e-46
4.067000000000000000e+03 3.777859859761226603e-46
4.068000000000000000e+03 3.673128559041258172e-46
4.069000000000000000e+03 3.649428789885844493e-46
4.070000000000000000e+03 3.136196615499979304e-46
4.071000000000000000e+03 3.197582707944917538e-46
4.072000000000000000e+03 3.602442519658348862e-46
4.073000000000000000e+03 3.571545038412429650e-46
4.074000000000000000e+03 3.178018843106995993e-46
4.075000000000000000e+03 3.880442086223400617e-46
4.076000000000000000e+03 4.583820744845125312e-46
4.077000000000000000e+03 4.209193695350628599e-46
4.078000000000000000e+03 3.169369822690861028e-46
4.079000000000000000e+03 3.634602898793113454e-46
4.080000000000000000e+03 3.893161914790038366e-46
4.081000000000000000e+03 3.276530141447718787e-46
4.082000000000000000e+03 3.854405574009207998e-46
4.083000000000000000e+03 3.983738950943855805e-46
4.084000000000000000e+03 3.220854327799831653e-46
4.085000000000000000e+03 3.968009551699257431e-46
4.086000000000000000e+03 4.336975114674194384e-46
4.087000000000000000e+03 3.478935453035389116e-46
4.088000000000000000e+03 3.352852342573476403e-46
4.089000000000000000e+03 3.181843829263121790e-46
4.090000000000000000e+03 3.393079599447326144e-46
4.091000000000000000e+03 4.462997775466876199e-46
4.092000000000000000e+03 4.618023417749313578e-46
4.093000000000000000e+03 4.519959219420974152e-46
4.094000000000000000e+03 3.575113032113870185e-46
4.095000000000000000e+03 2.595893388539014346e-46
4.096000000000000000e+03 3.403346147751769790e-46
4.097000000000000000e+03 3.899458940563149244e-46
4.098000000000000000e+03 5.181585894939482117e-46
4.099000000000000000e+03 5.129152641268222158e-46
4.100000000000000000e+03 4.207944124771507614e-46
4.101000000000000000e+03 4.325183736654484373e-46
4.102000000000000000e+03 4.085431571786741332e-46
4.103000000000000000e+03 3.568282953968944782e-46
4.104000000000000000e+03 3.734956731495753160e-46
4.105000000000000000e+03 4.771415044946199185e-46
4.106000000000000000e+03 4.197855598046432817e-46
4.107000000000000000e+03 5.150247954638281539e-46
4.108000000000000000e+03 4.985451455571799446e-46
4.109000000000000000e+03 3.666622069974911578e-46
4.110000000000000000e+03 3.513109137226116134e-46
4.111000000000000000e+03 3.336565786310396580e-46
4.112000000000000000e+03 3.786435754028910439e-46
4.113000000000000000e+03 3.966586317858343620e-46
4.114000000000000000e+03 3.967241453603619327e-46
4.115000000000000000e+03 4.144140887356262355e-46
4.116000000000000000e+03 3.650527106438056444e-46
4.117000000000000000e+03 4.112917225570474100e-46
4.118000000000000000e+03 4.223247226035484625e-46
4.119000000000000000e+03 4.296102511056308327e-46
4.120000000000000000e+03 4.543343123376553504e-46
4.121000000000000000e+03 4.345305128524904242e-46
4.122000000000000000e+03 4.451154433078367355e-46
4.123000000000000000e+03 3.932704984571964401e-46
4.124000000000000000e+03 5.100179867756823897e-46
4.125000000000000000e+03 6.993407936523848396e-46
4.126000000000000000e+03 7.555808947242063963e-46
4.127000000000000000e+03 4.954214203059216823e-46
4.128000000000000000e+03 3.107839709660182137e-46
4.129000000000000000e+03 2.911853993576352146e-46
4.130000000000000000e+03 3.762178083674094321e-46
4.131000000000000000e+03 3.897745383580921430e-46
4.132000000000000000e+03 4.281758222972829037e-46
4.133000000000000000e+03 4.053519343194104600e-46
4.134000000000000000e+03 3.203303615486927347e-46
4.135000000000000000e+03 3.445426157493367635e-46
4.136000000000000000e+03 4.132921027242714682e-46
4.137000000000000000e+03 4.378559509676344694e-46
4.138000000000000000e+03 4.771257356966536379e-46
4.139000000000000000e+03 4.635663458189760484e-46
4.140000000000000000e+03 4.990398824088987549e-46
4.141000000000000000e+03 4.346357076358043635e-46
4.142000000000000000e+03 4.641701466083510192e-46
4.143000000000000000e+03 4.505492661978285153e-46
4.144000000000000000e+03 5.434997390099574230e-46
4.145000000000000000e+03 5.774801688233756210e-46
4.146000000000000000e+03 4.860054908240494237e-46
4.147000000000000000e+03 4.637659244333871066e-46
4.148000000000000000e+03 4.067957910044546160e-46
4.149000000000000000e+03 3.632508015053291935e-46
4.150000000000000000e+03 5.160878206105133902e-46
4.151000000000000000e+03 3.761170090676497495e-46
4.152000000000000000e+03 4.616656409907955440e-46
4.153000000000000000e+03 4.959048751330593208e-46
4.154000000000000000e+03 4.736551575111183442e-46
4.155000000000000000e+03 5.042628514171306627e-46
4.156000000000000000e+03 4.758689019798087386e-46
4.157000000000000000e+03 4.414483502007474845e-46
4.158000000000000000e+03 5.120365214893985174e-46
4.159000000000000000e+03 4.784287386101443306e-46
4.160000000000000000e+03 4.820732022118990161e-46
4.161000000000000000e+03 3.637445476397847043e-46
4.162000000000000000e+03 5.056087250660108567e-46
4.163000000000000000e+03 6.483561620045648499e-46
4.164000000000000000e+03 7.596088330706079164e-46
4.165000000000000000e+03 5.421699929271995437e-46
4.166000000000000000e+03 4.632364489059122148e-46
4.167000000000000000e+03 4.757085406601488047e-46
4.168000000000000000e+03 5.121135945997641301e-46
4.169000000000000000e+03 6.029958494305228726e-46
4.170000000000000000e+03 6.061779885328763775e-46
4.171000000000000000e+03 5.246820845312405320e-46
4.172000000000000000e+03 4.862402634293016652e-46
4.173000000000000000e+03 5.389996480008419401e-46
4.174000000000000000e+03 5.307950461108909248e-46
4.175000000000000000e+03 4.698389698720962485e-46
4.176000000000000000e+03 4.895263750071381434e-46
4.177000000000000000e+03 4.788003578215097560e-46
4.178000000000000000e+03 5.337183380209825411e-46
4.179000000000000000e+03 4.444851809185074036e-46
4.180000000000000000e+03 4.091823476029913454e-46
4.181000000000000000e+03 4.117096909146224331e-46
4.182000000000000000e+03 5.553114844404826355e-46
4.183000000000000000e+03 6.043447130243034256e-46
4.184000000000000000e+03 6.312113450435678557e-46
4.185000000000000000e+03 5.697259225801313167e-46
4.186000000000000000e+03 5.865836377678343721e-46
4.187000000000000000e+03 5.093440181098549263e-46
4.188000000000000000e+03 4.360581625653202074e-46
4.189000000000000000e+03 4.387132387076929286e-46
4.190000000000000000e+03 4.625608821879324457e-46
4.191000000000000000e+03 4.975517892835935932e-46
4.192000000000000000e+03 4.490489343660335406e-46
4.193000000000000000e+03 4.402527417031038604e-46
4.194000000000000000e+03 5.840332863352207487e-46
4.195000000000000000e+03 4.708758324230652407e-46
4.196000000000000000e+03 3.381668989585551885e-46
4.197000000000000000e+03 4.020268778281531856e-46
4.198000000000000000e+03 5.269706823841286614e-46
4.199000000000000000e+03 6.156858534469398007e-46
4.200000000000000000e+03 6.333166119403477955e-46
4.201000000000000000e+03 5.124121437013183084e-46
4.202000000000000000e+03 6.487365262577944936e-46
4.203000000000000000e+03 6.044311839881618679e-46
4.204000000000000000e+03 4.697452663171800661e-46
4.205000000000000000e+03 4.186976771782065191e-46
4.206000000000000000e+03 3.226333196204380906e-46
4.207000000000000000e+03 3.938707176004246056e-46
4.208000000000000000e+03 5.054639034139483068e-46
4.209000000000000000e+03 4.757502827736110454e-46
4.210000000000000000e+03 4.177451519147012883e-46
4.211000000000000000e+03 4.791813789985899466e-46
4.212000000000000000e+03 5.969713373594423898e-46
4.213000000000000000e+03 5.450755750748097769e-46
4.214000000000000000e+03 4.836091525521409165e-46
4.215000000000000000e+03 5.240829099146985363e-46
4.216000000000000000e+03 4.398110608040723487e-46
4.217000000000000000e+03 5.318496068873468023e-46
4.218000000000000000e+03 4.068301879302171544e-46
4.219000000000000000e+03 4.395517494406447361e-46
4.220000000000000000e+03 5.302904779125780023e-46
4.221000000000000000e+03 5.872961681899174724e-46
4.222000000000000000e+03 4.232055852991326459e-46
4.223000000000000000e+03 4.613313177121049913e-46
4.224000000000000000e+03 5.519816480234316650e-46
4.225000000000000000e+03 4.433776887923807940e-46
4.226000000000000000e+03 5.021641870963945881e-46
4.227000000000000000e+03 5.491534543434275183e-46
4.228000000000000000e+03 6.703884498306375965e-46
4.229000000000000000e+03 9.247237103292261724e-46
4.230000000000000000e+03 8.385459935555427625e-46
4.231000000000000000e+03 4.642744559857573020e-46
4.232000000000000000e+03 3.733668617305538219e-46
4.233000000000000000e+03 4.281162307776505100e-46
4.234000000000000000e+03 4.144208143915353802e-46
4.235000000000000000e+03 3.869021309786079005e-46
4.236000000000000000e+03 3.730251970700315167e-46
4.237000000000000000e+03 5.161335565434411222e-46
4.238000000000000000e+03 5.311505160256988610e-46
4.239000000000000000e+03 4.903636742980035837e-46
4.240000000000000000e+03 6.248065122155371905e-46
4.241000000000000000e+03 6.484102990331040342e-46
4.242000000000000000e+03 5.105034737226257148e-46
4.243000000000000000e+03 4.909149870782269514e-46
4.244000000000000000e+03 5.185134859729978951e-46
4.245000000000000000e+03 5.144212629443884586e-46
4.246000000000000000e+03 4.480159573312524977e-46
4.247000000000000000e+03 4.998495122349103069e-46
4.248000000000000000e+03 5.245041359960237548e-46
4.249000000000000000e+03 5.879644539385278559e-46
4.250000000000000000e+03 5.461481656662307580e-46
4.251000000000000000e+03 6.153923817357095831e-46
4.252000000000000000e+03 5.906570845892386402e-46
4.253000000000000000e+03 5.021032201831738129e-46
4.254000000000000000e+03 5.848636368067290002e-46
4.255000000000000000e+03 6.118696479101261705e-46
4.256000000000000000e+03 5.349865318035283044e-46
4.257000000000000000e+03 5.242256967844467141e-46
4.258000000000000000e+03 5.765758398011481390e-46
4.259000000000000000e+03 5.407876504382863640e-46
4.260000000000000000e+03 5.187568360678230038e-46
4.261000000000000000e+03 5.176541186177017396e-46
4.262000000000000000e+03 4.228317940139285807e-46
4.263000000000000000e+03 4.542791535297989789e-46
4.264000000000000000e+03 8.970646454658777002e-46
4.265000000000000000e+03 1.085663305002132529e-45
4.266000000000000000e+03 5.567886295273994455e-46
4.267000000000000000e+03 6.713692887600531585e-46
4.268000000000000000e+03 1.472312188870589998e-45
4.269000000000000000e+03 7.712548847037314495e-46
4.270000000000000000e+03 7.552138519048354526e-46
4.271000000000000000e+03 6.232961642279926193e-46
4.272000000000000000e+03 5.933012916213093807e-46
4.273000000000000000e+03 5.389645856155392407e-46
4.274000000000000000e+03 4.378048675375045584e-46
4.275000000000000000e+03 5.475734933083191975e-46
4.276000000000000000e+03 5.025605069882084177e-46
4.277000000000000000e+03 4.185085285405245754e-46
4.278000000000000000e+03 5.331395987229556676e-46
4.279000000000000000e+03 1.435638797747820956e-45
4.280000000000000000e+03 1.280995415629031803e-45
4.281000000000000000e+03 1.239898976537558857e-45
4.282000000000000000e+03 7.589831865224697707e-46
4.283000000000000000e+03 1.041048596878656659e-45
4.284000000000000000e+03 6.640608986240425240e-46
4.285000000000000000e+03 6.513048278686291611e-46
4.286000000000000000e+03 6.339094548047149947e-46
4.287000000000000000e+03 7.443279437349230502e-46
4.288000000000000000e+03 8.227197956728288919e-46
4.289000000000000000e+03 7.673691933244584327e-46
4.290000000000000000e+03 6.200095545530980531e-46
4.291000000000000000e+03 4.911225711004689674e-46
4.292000000000000000e+03 5.737766964815609844e-46
4.293000000000000000e+03 6.575182920497792579e-46
4.294000000000000000e+03 5.104803590035441660e-46
4.295000000000000000e+03 5.188546300131222243e-46
4.296000000000000000e+03 6.319016915366280804e-46
4.297000000000000000e+03 6.177778809369544128e-46
4.298000000000000000e+03 6.539399573654487050e-46
4.299000000000000000e+03 6.750827292963352033e-46
4.300000000000000000e+03 6.322038198356795880e-46
4.301000000000000000e+03 8.048011310474502235e-46
4.302000000000000000e+03 7.901563487227269165e-46
4.303000000000000000e+03 6.625539426067371592e-46
4.304000000000000000e+03 5.109437223751054086e-46
4.305000000000000000e+03 5.910498563098817641e-46
4.306000000000000000e+03 5.889309589614861708e-46
4.307000000000000000e+03 5.995119838609970865e-46
4.308000000000000000e+03 1.367621442883324907e-45
4.309000000000000000e+03 3.731994633979032661e-45
4.310000000000000000e+03 1.356032461270514160e-45
4.311000000000000000e+03 6.658967740749889085e-46
4.312000000000000000e+03 5.639636387197558637e-46
4.313000000000000000e+03 4.667904817979028938e-46
4.314000000000000000e+03 5.067414589220029474e-46
4.315000000000000000e+03 5.899205932599437250e-46
4.316000000000000000e+03 5.251240521120178931e-46
4.317000000000000000e+03 4.574082340465809306e-46
4.318000000000000000e+03 5.837744422699810207e-46
4.319000000000000000e+03 5.858912890704140480e-46
4.320000000000000000e+03 5.828672345941456560e-46
4.321000000000000000e+03 4.723604103736359559e-46
4.322000000000000000e+03 4.125814557648888672e-46
4.323000000000000000e+03 5.838119472381028885e-46
4.324000000000000000e+03 6.239184905082446995e-46
4.325000000000000000e+03 4.931387096088231294e-46
4.326000000000000000e+03 5.378728257029365556e-46
4.327000000000000000e+03 6.916421038472691396e-46
4.328000000000000000e+03 5.932454005838204147e-46
4.329000000000000000e+03 5.202214490419302554e-46
4.330000000000000000e+03 5.874438270525480735e-46
4.331000000000000000e+03 5.176543515026757198e-46
4.332000000000000000e+03 4.487484251262475224e-46
4.333000000000000000e+03 4.866025626556363944e-46
4.334000000000000000e+03 4.303202838810791022e-46
4.335000000000000000e+03 3.605956320798680014e-46
4.336000000000000000e+03 4.455259136174385208e-46
4.337000000000000000e+03 5.239157094583885376e-46
4.338000000000000000e+03 4.516319213406580156e-46
4.339000000000000000e+03 5.286558546456796529e-46
4.340000000000000000e+03 6.119278864130198246e-46
4.341000000000000000e+03 5.079774021529734488e-46
4.342000000000000000e+03 3.660940527803055426e-46
4.343000000000000000e+03 6.117100679321091896e-46
4.344000000000000000e+03 2.229984631765491493e-45
4.345000000000000000e+03 1.602181805026242501e-45
4.346000000000000000e+03 5.931122685592217145e-46
4.347000000000000000e+03 5.582757837861577512e-46
4.348000000000000000e+03 4.182329544535339795e-46
4.349000000000000000e+03 5.462049870444961411e-46
4.350000000000000000e+03 5.044012634122484114e-46
4.351000000000000000e+03 4.407474401735751979e-46
4.352000000000000000e+03 4.261689541711283519e-46
4.353000000000000000e+03 4.725523603200859678e-46
4.354000000000000000e+03 4.351657857667706187e-46
4.355000000000000000e+03 5.736921047840646859e-46
4.356000000000000000e+03 5.843804234787754848e-46
4.357000000000000000e+03 5.375943117589699065e-46
4.358000000000000000e+03 6.064677388550084811e-46
4.359000000000000000e+03 5.102115345768014402e-46
4.360000000000000000e+03 4.814638032559307445e-46
4.361000000000000000e+03 6.000350250579159936e-46
4.362000000000000000e+03 5.902929099811646980e-46
4.363000000000000000e+03 6.143554354056487454e-46
4.364000000000000000e+03 5.098769291807877464e-46
4.365000000000000000e+03 5.346723515223269929e-46
4.366000000000000000e+03 6.221000240798880908e-46
4.367000000000000000e+03 5.571803804017675773e-46
4.368000000000000000e+03 6.158516171072329905e-46
4.369000000000000000e+03 4.884255793581249139e-46
4.370000000000000000e+03 5.456771159078923446e-46
4.371000000000000000e+03 6.070548603653068528e-46
4.372000000000000000e+03 5.189768190883431008e-46
4.373000000000000000e+03 5.601939551984602452e-46
4.374000000000000000e+03 5.958715512492191253e-46
4.375000000000000000e+03 6.601301825030967573e-46
4.376000000000000000e+03 6.275990385762807929e-46
4.377000000000000000e+03 4.401232946664778799e-46
4.378000000000000000e+03 5.603244064575908768e-46
4.379000000000000000e+03 9.144174568310460144e-46
4.380000000000000000e+03 7.679019411087463897e-46
4.381000000000000000e+03 4.848999744791615295e-46
4.382000000000000000e+03 4.856347237233494604e-46
4.383000000000000000e+03 4.679604151124779165e-46
4.384000000000000000e+03 4.255036766509401190e-46
4.385000000000000000e+03 5.270233004626706163e-46
4.386000000000000000e+03 4.684589302008068381e-46
4.387000000000000000e+03 4.862488804809781257e-46
4.388000000000000000e+03 4.837183077627754591e-46
4.389000000000000000e+03 5.162863591223619407e-46
4.390000000000000000e+03 4.737275168033734441e-46
4.391000000000000000e+03 5.660367350567420134e-46
4.392000000000000000e+03 4.960136661591805178e-46
4.393000000000000000e+03 5.134298843124490447e-46
4.394000000000000000e+03 5.695718779669211985e-46
4.395000000000000000e+03 6.084252415486878778e-46
4.396000000000000000e+03 5.135130371796869146e-46
4.397000000000000000e+03 4.697598637701376049e-46
4.398000000000000000e+03 4.686176542367709882e-46
4.399000000000000000e+03 4.783921614248399625e-46
4.400000000000000000e+03 5.505603720839250462e-46
4.401000000000000000e+03 5.066595952346467483e-46
4.402000000000000000e+03 4.374401498483011863e-46
4.403000000000000000e+03 4.322201206637918717e-46
4.404000000000000000e+03 6.056259395556260139e-46
4.405000000000000000e+03 6.173006074120305478e-46
4.406000000000000000e+03 5.609266395227559751e-46
4.407000000000000000e+03 5.106120107689556043e-46
4.408000000000000000e+03 4.491663442775467296e-46
4.409000000000000000e+03 3.823596561629322016e-46
4.410000000000000000e+03 4.715036308216047468e-46
4.411000000000000000e+03 5.114396317763804893e-46
4.412000000000000000e+03 5.814267669418614010e-46
4.413000000000000000e+03 6.212322235924575542e-46
4.414000000000000000e+03 7.462145470009780221e-46
4.415000000000000000e+03 7.042829597307658006e-46
4.416000000000000000e+03 6.523315102935274444e-46
4.417000000000000000e+03 5.244019315448556580e-46
4.418000000000000000e+03 4.603010381933545051e-46
4.419000000000000000e+03 4.818845774063742967e-46
4.420000000000000000e+03 4.366285476134218353e-46
4.421000000000000000e+03 5.293053443593839876e-46
4.422000000000000000e+03 6.741949203890187890e-46
4.423000000000000000e+03 6.283696816226569548e-46
4.424000000000000000e+03 5.656752723531764273e-46
4.425000000000000000e+03 6.072385391358606564e-46
4.426000000000000000e+03 6.250950690672641333e-46
4.427000000000000000e+03 5.764885545036685748e-46
4.428000000000000000e+03 6.824779356400061379e-46
4.429000000000000000e+03 6.314799906233821627e-46
4.430000000000000000e+03 5.040307210257802227e-46
4.431000000000000000e+03 6.021218064463909459e-46
4.432000000000000000e+03 6.765780213236492687e-46
4.433000000000000000e+03 7.633914495084983116e-46
4.434000000000000000e+03 6.812491979736634965e-46
4.435000000000000000e+03 6.090265580778072107e-46
4.436000000000000000e+03 6.062917004820890876e-46
4.437000000000000000e+03 6.782735927763223616e-46
4.438000000000000000e+03 6.876668102730731250e-46
4.439000000000000000e+03 8.559165624146743293e-46
4.440000000000000000e+03 1.567459846558391733e-45
4.441000000000000000e+03 8.538946781019196108e-46
4.442000000000000000e+03 7.467753082753651000e-46
4.443000000000000000e+03 7.842572918721378146e-46
4.444000000000000000e+03 6.893486050176180842e-46
4.445000000000000000e+03 6.502556190536049802e-46
4.446000000000000000e+03 7.267505568070089969e-46
4.447000000000000000e+03 7.724988197856270729e-46
4.448000000000000000e+03 6.732879287753233838e-46
4.449000000000000000e+03 5.217793967978438659e-46
4.450000000000000000e+03 6.480366749321705977e-46
4.451000000000000000e+03 6.109427812093798968e-46
4.452000000000000000e+03 6.351371574498728170e-46
4.453000000000000000e+03 7.348879196364042740e-46
4.454000000000000000e+03 7.423381209503873663e-46
4.455000000000000000e+03 7.852120586341234899e-46
4.456000000000000000e+03 7.011250220569598621e-46
4.457000000000000000e+03 5.881784044135967559e-46
4.458000000000000000e+03 7.367153257888274532e-46
4.459000000000000000e+03 7.562375351980232179e-46
4.460000000000000000e+03 8.075481797945306312e-46
4.461000000000000000e+03 8.877350474886743707e-46
4.462000000000000000e+03 8.152740065091144923e-46
4.463000000000000000e+03 7.422086649516068233e-46
4.464000000000000000e+03 8.788354209873950636e-46
4.465000000000000000e+03 7.779136815991234142e-46
4.466000000000000000e+03 7.951220157050005595e-46
4.467000000000000000e+03 8.018820498059960344e-46
4.468000000000000000e+03 7.724948247384787490e-46
4.469000000000000000e+03 8.899006197993694356e-46
4.470000000000000000e+03 1.001719384522458397e-45
4.471000000000000000e+03 9.702436460529002391e-46
4.472000000000000000e+03 9.396933538818154394e-46
4.473000000000000000e+03 1.022790793371652623e-45
4.474000000000000000e+03 9.164273833064711296e-46
4.475000000000000000e+03 1.001845020612857948e-45
4.476000000000000000e+03 1.184615953201341805e-45
4.477000000000000000e+03 1.427597783127322024e-45
4.478000000000000000e+03 1.564234837215640274e-45
4.479000000000000000e+03 1.678505142265343300e-45
4.480000000000000000e+03 1.518800567008619172e-45
4.481000000000000000e+03 1.792628567638301949e-45
4.482000000000000000e+03 1.740794778457119894e-45
4.483000000000000000e+03 2.390602048078798125e-45
4.484000000000000000e+03 3.353238380907974737e-45
4.485000000000000000e+03 3.598159843505535046e-45
4.486000000000000000e+03 4.438418987612218510e-45
4.487000000000000000e+03 6.239574227161481623e-45
4.488000000000000000e+03 7.791218866504904329e-45
4.489000000000000000e+03 1.175789758552343718e-44
4.490000000000000000e+03 1.785779321328850760e-44
4.491000000000000000e+03 1.427876902742241236e-44
4.492000000000000000e+03 9.490836811455090274e-45
4.493000000000000000e+03 6.103748827877840951e-45
4.494000000000000000e+03 3.372929696800527680e-45
4.495000000000000000e+03 2.596657016518280330e-45
4.496000000000000000e+03 1.982265368076035510e-45
4.497000000000000000e+03 2.065673752687028353e-45
4.498000000000000000e+03 1.992895361631860140e-45
4.499000000000000000e+03 3.464648166825308429e-45
4.500000000000000000e+03 6.533723671207628156e-45
4.501000000000000000e+03 4.001725833015414578e-45
4.502000000000000000e+03 2.105944864666203185e-45
4.503000000000000000e+03 2.173662791668179570e-45
4.504000000000000000e+03 2.050107222262552062e-45
4.505000000000000000e+03 2.608888474911189081e-45
4.506000000000000000e+03 3.179208175307311349e-45
4.507000000000000000e+03 4.873301087222892589e-45
4.508000000000000000e+03 6.894951925234582660e-45
4.509000000000000000e+03 9.656939884067845542e-45
4.510000000000000000e+03 1.173713981089728368e-44
4.511000000000000000e+03 8.081838375891769261e-45
4.512000000000000000e+03 4.898474159384053283e-45
4.513000000000000000e+03 3.547565995483865030e-45
4.514000000000000000e+03 2.570475071020515308e-45
4.515000000000000000e+03 1.662714065984920279e-45
4.516000000000000000e+03 1.539841899264898431e-45
4.517000000000000000e+03 1.307733090870881203e-45
4.518000000000000000e+03 9.973337013334449812e-46
4.519000000000000000e+03 9.509640352444478329e-46
4.520000000000000000e+03 7.671774579827663529e-46
4.521000000000000000e+03 7.642673094879272451e-46
4.522000000000000000e+03 7.349046304822445583e-46
4.523000000000000000e+03 8.019680969236038024e-46
4.524000000000000000e+03 6.692989379890337630e-46
4.525000000000000000e+03 6.027657257092121677e-46
4.526000000000000000e+03 5.982219601717065046e-46
4.527000000000000000e+03 5.875278539564268660e-46
4.528000000000000000e+03 5.432554293405997840e-46
4.529000000000000000e+03 6.166043215342958654e-46
4.530000000000000000e+03 7.173061580866725877e-46
4.531000000000000000e+03 6.763856600246986196e-46
4.532000000000000000e+03 5.966800872899154753e-46
4.533000000000000000e+03 5.288765528844789214e-46
4.534000000000000000e+03 5.833774125113098780e-46
4.535000000000000000e+03 4.319699595638563126e-46
4.536000000000000000e+03 4.495585309004906241e-46
4.537000000000000000e+03 4.642593531408576772e-46
4.538000000000000000e+03 5.985580930437521115e-46
4.539000000000000000e+03 6.647741314159162066e-46
4.540000000000000000e+03 6.029542642597563388e-46
4.541000000000000000e+03 5.976405211727244518e-46
4.542000000000000000e+03 6.739579582622497129e-46
4.543000000000000000e+03 7.506714463766631038e-46
4.544000000000000000e+03 6.408496225187524589e-46
4.545000000000000000e+03 4.980984572952689975e-46
4.546000000000000000e+03 4.704769667874088808e-46
4.547000000000000000e+03 5.909175766291340875e-46
4.548000000000000000e+03 8.202251069860187301e-46
4.549000000000000000e+03 6.505842732918478186e-46
4.550000000000000000e+03 6.086222785183743048e-46
4.551000000000000000e+03 7.057281992833410441e-46
4.552000000000000000e+03 8.384129932582053474e-46
4.553000000000000000e+03 7.987630181256558114e-46
4.554000000000000000e+03 5.715527963362229719e-46
4.555000000000000000e+03 6.047636494970950297e-46
4.556000000000000000e+03 5.421381565218157001e-46
4.557000000000000000e+03 7.020842755476260602e-46
4.558000000000000000e+03 8.133670594858606703e-46
4.559000000000000000e+03 1.028103751788212767e-45
4.560000000000000000e+03 1.609298901233560399e-45
4.561000000000000000e+03 8.966119689280316579e-46
4.562000000000000000e+03 6.262207765322286803e-46
4.563000000000000000e+03 5.760047173953918503e-46
4.564000000000000000e+03 5.372379379862334931e-46
4.565000000000000000e+03 4.828183457139236437e-46
4.566000000000000000e+03 5.850382554963427582e-46
4.567000000000000000e+03 8.427063628926333994e-46
4.568000000000000000e+03 6.974947745788629086e-46
4.569000000000000000e+03 7.541846751842482691e-46
4.570000000000000000e+03 6.878009390890462484e-46
4.571000000000000000e+03 5.168241737958836419e-46
4.572000000000000000e+03 5.475967943358259183e-46
4.573000000000000000e+03 4.985636106532074538e-46
4.574000000000000000e+03 3.882444790694239612e-46
4.575000000000000000e+03 5.149981463697861541e-46
4.576000000000000000e+03 7.124547402555684036e-46
4.577000000000000000e+03 6.832914063387440377e-46
4.578000000000000000e+03 6.130805925450540976e-46
4.579000000000000000e+03 5.389666834709174669e-46
4.580000000000000000e+03 4.647924787843809633e-46
4.581000000000000000e+03 4.725853737973160207e-46
4.582000000000000000e+03 4.151702816076501823e-46
4.583000000000000000e+03 4.491740350040005450e-46
4.584000000000000000e+03 4.519875825284980536e-46
4.585000000000000000e+03 5.580939806584166204e-46
4.586000000000000000e+03 6.336426516260278359e-46
4.587000000000000000e+03 7.012610943946306843e-46
4.588000000000000000e+03 5.586675191316302051e-46
4.589000000000000000e+03 6.046976863830007622e-46
4.590000000000000000e+03 5.222827906350585232e-46
4.591000000000000000e+03 5.313071731652155308e-46
4.592000000000000000e+03 5.775613915662690391e-46
4.593000000000000000e+03 5.860758991068672878e-46
4.594000000000000000e+03 4.870255865807399225e-46
4.595000000000000000e+03 6.273898405595974441e-46
4.596000000000000000e+03 7.905454063020469988e-46
4.597000000000000000e+03 4.862491596346808634e-46
4.598000000000000000e+03 5.302341155526752190e-46
4.599000000000000000e+03 5.774779915009605628e-46
4.600000000000000000e+03 4.775420610582473863e-46
4.601000000000000000e+03 4.612589737178290747e-46
4.602000000000000000e+03 5.213747720451190613e-46
4.603000000000000000e+03 5.059985652637710170e-46
4.604000000000000000e+03 4.717193459090060921e-46
4.605000000000000000e+03 6.180097109869382554e-46
4.606000000000000000e+03 5.951705265719873462e-46
4.607000000000000000e+03 4.644170713566525933e-46
4.608000000000000000e+03 5.422495806311739836e-46
4.609000000000000000e+03 6.578687566596336302e-46
4.610000000000000000e+03 6.526056519652359306e-46
4.611000000000000000e+03 5.411574160593046745e-46
4.612000000000000000e+03 5.309980565609152645e-46
4.613000000000000000e+03 6.302002918594603749e-46
4.614000000000000000e+03 6.911702496073320930e-46
4.615000000000000000e+03 7.007100721064244437e-46
4.616000000000000000e+03 6.088047655063457201e-46
4.617000000000000000e+03 5.458068540024691409e-46
4.618000000000000000e+03 5.199057715352781274e-46
4.619000000000000000e+03 5.813778626767210865e-46
4.620000000000000000e+03 6.033153233777393524e-46
4.621000000000000000e+03 6.350423565842209005e-46
4.622000000000000000e+03 5.824239392467038471e-46
4.623000000000000000e+03 6.513554282823552830e-46
4.624000000000000000e+03 6.255689887605293171e-46
4.625000000000000000e+03 7.562299884252591240e-46
4.626000000000000000e+03 5.920755063704893538e-46
4.627000000000000000e+03 5.257999752447739171e-46
4.628000000000000000e+03 5.506783483120107696e-46
4.629000000000000000e+03 6.160261721604354131e-46
4.630000000000000000e+03 7.701855165423469748e-46
4.631000000000000000e+03 6.278016591788835950e-46
4.632000000000000000e+03 4.584644240203612495e-46
4.633000000000000000e+03 5.478062914068053190e-46
4.634000000000000000e+03 6.684653625532501218e-46
4.635000000000000000e+03 6.200442175631585534e-46
4.636000000000000000e+03 5.951150725422341537e-46
4.637000000000000000e+03 5.437822238092630795e-46
4.638000000000000000e+03 6.930713913319561214e-46
4.639000000000000000e+03 5.221564293348592458e-46
4.640000000000000000e+03 5.302557592327420277e-46
4.641000000000000000e+03 5.378615384448978588e-46
4.642000000000000000e+03 5.440762237275442985e-46
4.643000000000000000e+03 5.599443462019813469e-46
4.644000000000000000e+03 5.248118658374311787e-46
4.645000000000000000e+03 5.291338843146980062e-46
4.646000000000000000e+03 6.326539265401856777e-46
4.647000000000000000e+03 5.101226330497034388e-46
4.648000000000000000e+03 5.576019943596600361e-46
4.649000000000000000e+03 6.134226653252391166e-46
4.650000000000000000e+03 6.162650903756201906e-46
4.651000000000000000e+03 5.874543096729280600e-46
4.652000000000000000e+03 6.592956382469896991e-46
4.653000000000000000e+03 7.437062056335280372e-46
4.654000000000000000e+03 6.433111645554409528e-46
4.655000000000000000e+03 4.265952138985429596e-46
4.656000000000000000e+03 4.448551312350259143e-46
4.657000000000000000e+03 5.319034419610069646e-46
4.658000000000000000e+03 5.112592517715725483e-46
4.659000000000000000e+03 5.520934972490652403e-46
4.660000000000000000e+03 5.956361634867775437e-46
4.661000000000000000e+03 7.070818137854816923e-46
4.662000000000000000e+03 6.127852453133251947e-46
4.663000000000000000e+03 7.689124219841567271e-46
4.664000000000000000e+03 7.265431659942086014e-46
4.665000000000000000e+03 9.067588824964492640e-46
4.666000000000000000e+03 1.166633571979318949e-45
4.667000000000000000e+03 1.037167777741089987e-45
4.668000000000000000e+03 6.745906240385856553e-46
4.669000000000000000e+03 7.281036068492779714e-46
4.670000000000000000e+03 6.771985972431437118e-46
4.671000000000000000e+03 5.986197068363440073e-46
4.672000000000000000e+03 7.671881786216976715e-46
4.673000000000000000e+03 7.273437322668322154e-46
4.674000000000000000e+03 6.094861887388332341e-46
4.675000000000000000e+03 5.489901254570728622e-46
4.676000000000000000e+03 4.842807840648158874e-46
4.677000000000000000e+03 5.519597020343891862e-46
4.678000000000000000e+03 6.868831432174027678e-46
4.679000000000000000e+03 1.055780366949438159e-45
4.680000000000000000e+03 1.080449942242152008e-45
4.681000000000000000e+03 6.964404361596812593e-46
4.682000000000000000e+03 6.893706592766264597e-46
4.683000000000000000e+03 5.961324888465622029e-46
4.684000000000000000e+03 5.512523416273351695e-46
4.685000000000000000e+03 5.513853336852610389e-46
4.686000000000000000e+03 5.444223548337831277e-46
4.687000000000000000e+03 4.640877180542496504e-46
4.688000000000000000e+03 5.348727271494185964e-46
4.689000000000000000e+03 5.601211794935623924e-46
4.690000000000000000e+03 6.401805237648533572e-46
4.691000000000000000e+03 6.150753064534025227e-46
4.692000000000000000e+03 6.333962306481738170e-46
4.693000000000000000e+03 8.271160012291990698e-46
4.694000000000000000e+03 8.050167988077438768e-46
4.695000000000000000e+03 5.269648760616244527e-46
4.696000000000000000e+03 4.452365051646495369e-46
4.697000000000000000e+03 5.477301272700438651e-46
4.698000000000000000e+03 6.695323413702127052e-46
4.699000000000000000e+03 7.765487898050540304e-46
4.700000000000000000e+03 1.111579042766525190e-45
4.701000000000000000e+03 6.779335169845725624e-46
4.702000000000000000e+03 5.620377743263854060e-46
4.703000000000000000e+03 5.494643881322700309e-46
4.704000000000000000e+03 5.532928282732091835e-46
4.705000000000000000e+03 6.027179966581838702e-46
4.706000000000000000e+03 5.529638022623339096e-46
4.707000000000000000e+03 5.311768275588956789e-46
4.708000000000000000e+03 4.943837482889670399e-46
4.709000000000000000e+03 4.638402532711755158e-46
4.710000000000000000e+03 6.059848863745409324e-46
4.711000000000000000e+03 6.752955182390950834e-46
4.712000000000000000e+03 6.857582933400163004e-46
4.713000000000000000e+03 6.259169655874058189e-46
4.714000000000000000e+03 6.493581315453880427e-46
4.715000000000000000e+03 6.633403766600896986e-46
4.716000000000000000e+03 6.308693788444685928e-46
4.717000000000000000e+03 5.946539190976892714e-46
4.718000000000000000e+03 5.592582348230378045e-46
4.719000000000000000e+03 6.092199012290261453e-46
4.720000000000000000e+03 6.564335285103436443e-46
4.721000000000000000e+03 6.866671484321146678e-46
4.722000000000000000e+03 6.006334309842384671e-46
4.723000000000000000e+03 5.464694668469074762e-46
4.724000000000000000e+03 6.187902095270530873e-46
4.725000000000000000e+03 5.755265530996166361e-46
4.726000000000000000e+03 6.383054456252052750e-46
4.727000000000000000e+03 5.938553190551187002e-46
4.728000000000000000e+03 5.264930556363753427e-46
4.729000000000000000e+03 5.698233704927054507e-46
4.730000000000000000e+03 1.532245157719685492e-45
4.731000000000000000e+03 1.654275206163832542e-45
4.732000000000000000e+03 5.517830128357067141e-46
4.733000000000000000e+03 4.890592786528023433e-46
4.734000000000000000e+03 6.123172518514046309e-46
4.735000000000000000e+03 5.155791915933066945e-46
4.736000000000000000e+03 8.109945685585178312e-46
4.737000000000000000e+03 1.630810937167569060e-45
4.738000000000000000e+03 9.691746016130503989e-46
4.739000000000000000e+03 9.435842702876092340e-46
4.740000000000000000e+03 9.205252739838938094e-46
4.741000000000000000e+03 6.196672863141060675e-46
4.742000000000000000e+03 5.406821242461513735e-46
4.743000000000000000e+03 7.539840454045378332e-46
4.744000000000000000e+03 8.893449088848216770e-46
4.745000000000000000e+03 7.136632099856191896e-46
4.746000000000000000e+03 6.879490103983879986e-46
4.747000000000000000e+03 5.279928450859375432e-46
4.748000000000000000e+03 5.437558936962359865e-46
4.749000000000000000e+03 6.713481218653027546e-46
4.750000000000000000e+03 7.062695825255443366e-46
4.751000000000000000e+03 5.492605743173071752e-46
4.752000000000000000e+03 5.308124815136540225e-46
4.753000000000000000e+03 6.296399088157289818e-46
4.754000000000000000e+03 5.941825761057191642e-46
4.755000000000000000e+03 5.660689197703065144e-46
4.756000000000000000e+03 9.324547644904127577e-46
4.757000000000000000e+03 1.936651052747127076e-45
4.758000000000000000e+03 1.121272619567582125e-45
4.759000000000000000e+03 6.034035062576800314e-46
4.760000000000000000e+03 6.351667809709878307e-46
4.761000000000000000e+03 5.638284998354751607e-46
4.762000000000000000e+03 5.367243612912714821e-46
4.763000000000000000e+03 4.819513452340075336e-46
4.764000000000000000e+03 5.442379361719256439e-46
4.765000000000000000e+03 7.878339876126861792e-46
4.766000000000000000e+03 7.832023941159569349e-46
4.767000000000000000e+03 5.538384911436509101e-46
4.768000000000000000e+03 4.380066490802768077e-46
4.769000000000000000e+03 4.010515626720880256e-46
4.770000000000000000e+03 4.915026066095604894e-46
4.771000000000000000e+03 6.300266354144643539e-46
4.772000000000000000e+03 1.375097720764121017e-45
4.773000000000000000e+03 8.647549973029528729e-46
4.774000000000000000e+03 7.696161245738925065e-46
4.775000000000000000e+03 8.167254859868966058e-46
4.776000000000000000e+03 4.786945756469564672e-46
4.777000000000000000e+03 6.091729026866263190e-46
4.778000000000000000e+03 1.155472838221912040e-45
4.779000000000000000e+03 8.514519078826963386e-46
4.780000000000000000e+03 5.890088508684011905e-46
4.781000000000000000e+03 5.683709076435566591e-46
4.782000000000000000e+03 4.802515848533151411e-46
4.783000000000000000e+03 5.789657825027683472e-46
4.784000000000000000e+03 5.420502752680402965e-46
4.785000000000000000e+03 4.105740963063455555e-46
4.786000000000000000e+03 6.344830650687838100e-46
4.787000000000000000e+03 7.349473469019399133e-46
4.788000000000000000e+03 6.120737570152262659e-46
4.789000000000000000e+03 6.397765869453399166e-46
4.790000000000000000e+03 6.143426905898264005e-46
4.791000000000000000e+03 5.921994059797899014e-46
4.792000000000000000e+03 6.188492637717149496e-46
4.793000000000000000e+03 9.689473418166978259e-46
4.794000000000000000e+03 1.195868876640537947e-45
4.795000000000000000e+03 7.453419091842912978e-46
4.796000000000000000e+03 4.761922740200311243e-46
4.797000000000000000e+03 5.543206232436798597e-46
4.798000000000000000e+03 6.456159993004937124e-46
4.799000000000000000e+03 7.510171966943316698e-46
4.800000000000000000e+03 6.716590698328004159e-46
4.801000000000000000e+03 6.254807266211943012e-46
4.802000000000000000e+03 6.807318674706646413e-46
4.803000000000000000e+03 5.122341346896115712e-46
4.804000000000000000e+03 5.362807555408254740e-46
4.805000000000000000e+03 6.812458788774041198e-46
4.806000000000000000e+03 8.367771325039348312e-46
4.807000000000000000e+03 9.224366401510594769e-46
4.808000000000000000e+03 7.798329733872402136e-46
4.809000000000000000e+03 6.487839881095509935e-46
4.810000000000000000e+03 5.107816088294750587e-46
4.811000000000000000e+03 5.673013490508248352e-46
4.812000000000000000e+03 7.039242809347098926e-46
4.813000000000000000e+03 7.111714897292664383e-46
4.814000000000000000e+03 8.096151852568940985e-46
4.815000000000000000e+03 7.316354058629685381e-46
4.816000000000000000e+03 8.064878433358145333e-46
4.817000000000000000e+03 7.342364443069344315e-46
4.818000000000000000e+03 6.893006421121898971e-46
4.819000000000000000e+03 6.698165342154299206e-46
4.820000000000000000e+03 8.634546292316185886e-46
4.821000000000000000e+03 8.072298556471980679e-46
4.822000000000000000e+03 7.353244830560909040e-46
4.823000000000000000e+03 6.930694266030247357e-46
4.824000000000000000e+03 5.612782898869412672e-46
4.825000000000000000e+03 8.391444104113585588e-46
4.826000000000000000e+03 7.269442665167321498e-46
4.827000000000000000e+03 6.865076997835847688e-46
4.828000000000000000e+03 6.902919210147334281e-46
4.829000000000000000e+03 6.495585570085086618e-46
4.830000000000000000e+03 6.149886577208494375e-46
4.831000000000000000e+03 6.126081863011940192e-46
4.832000000000000000e+03 5.462367823691327456e-46
4.833000000000000000e+03 4.605996436712198758e-46
4.834000000000000000e+03 5.609180721730741935e-46
4.835000000000000000e+03 6.289059601115756191e-46
4.836000000000000000e+03 5.551515069928397832e-46
4.837000000000000000e+03 5.680005545885285263e-46
4.838000000000000000e+03 6.437796409188222464e-46
4.839000000000000000e+03 6.945945255532477906e-46
4.840000000000000000e+03 6.671732016128963175e-46
4.841000000000000000e+03 5.970408439229551605e-46
4.842000000000000000e+03 6.573977393804520433e-46
4.843000000000000000e+03 5.066712704233528577e-46
4.844000000000000000e+03 5.193898044439948498e-46
4.845000000000000000e+03 6.882587987374970407e-46
4.846000000000000000e+03 6.532119842013461430e-46
4.847000000000000000e+03 6.684627107073632506e-46
4.848000000000000000e+03 5.169793707362694970e-46
4.849000000000000000e+03 5.463834509432892140e-46
4.850000000000000000e+03 4.931240089364107600e-46
4.851000000000000000e+03 5.307355125371488270e-46
4.852000000000000000e+03 6.037462196552744632e-46
4.853000000000000000e+03 5.126463516400752443e-46
4.854000000000000000e+03 7.055266100274578905e-46
4.855000000000000000e+03 8.214485046311896425e-46
4.856000000000000000e+03 6.500649640539863408e-46
4.857000000000000000e+03 5.630065614642514653e-46
4.858000000000000000e+03 7.679407485680681999e-46
4.859000000000000000e+03 1.338362378488904833e-45
4.860000000000000000e+03 1.278104127543650781e-45
4.861000000000000000e+03 6.022154207955139976e-46
4.862000000000000000e+03 6.933751799596604865e-46
4.863000000000000000e+03 7.048801096863879191e-46
4.864000000000000000e+03 6.433075909347633285e-46
4.865000000000000000e+03 6.269019776231814598e-46
4.866000000000000000e+03 5.597519556975543774e-46
4.867000000000000000e+03 6.098113802886864178e-46
4.868000000000000000e+03 6.338191771585361113e-46
4.869000000000000000e+03 6.816552707362645611e-46
4.870000000000000000e+03 8.260149778003436536e-46
4.871000000000000000e+03 7.234687363664873707e-46
4.872000000000000000e+03 6.304583753020628508e-46
4.873000000000000000e+03 7.186175958602843190e-46
4.874000000000000000e+03 6.308755132243867966e-46
4.875000000000000000e+03 5.258961133997725993e-46
4.876000000000000000e+03 6.784483689867114410e-46
4.877000000000000000e+03 6.452207410323035936e-46
4.878000000000000000e+03 6.623135828610848407e-46
4.879000000000000000e+03 8.489973989807015731e-46
4.880000000000000000e+03 7.151438508162502294e-46
4.881000000000000000e+03 5.473638975570206074e-46
4.882000000000000000e+03 5.037357061948006258e-46
4.883000000000000000e+03 6.920278130377817174e-46
4.884000000000000000e+03 7.125471054828077297e-46
4.885000000000000000e+03 6.214440741922225771e-46
4.886000000000000000e+03 6.403507985014227283e-46
4.887000000000000000e+03 5.209025386184855040e-46
4.888000000000000000e+03 4.436070894485330280e-46
4.889000000000000000e+03 5.507714756768077636e-46
4.890000000000000000e+03 7.008212608839635566e-46
4.891000000000000000e+03 8.642387431993525071e-46
4.892000000000000000e+03 6.790559368841690799e-46
4.893000000000000000e+03 5.589171253435609430e-46
4.894000000000000000e+03 6.232323099929715724e-46
4.895000000000000000e+03 4.817322966678472296e-46
4.896000000000000000e+03 4.051193722118764195e-46
4.897000000000000000e+03 4.009737144154829856e-46
4.898000000000000000e+03 6.078506403304034105e-46
4.899000000000000000e+03 7.710031743638377793e-46
4.900000000000000000e+03 6.966879116464851901e-46
4.901000000000000000e+03 5.161829942252417350e-46
4.902000000000000000e+03 4.572558761691732184e-46
4.903000000000000000e+03 5.258893644096819445e-46
4.904000000000000000e+03 6.768761773622217213e-46
4.905000000000000000e+03 6.303502838814066196e-46
4.906000000000000000e+03 6.070278524247111946e-46
4.907000000000000000e+03 6.709464101424644934e-46
4.908000000000000000e+03 6.594765568288764777e-46
4.909000000000000000e+03 6.229658107621382962e-46
4.910000000000000000e+03 7.618850254497361239e-46
4.911000000000000000e+03 7.315635842261379654e-46
4.912000000000000000e+03 6.136958670907600892e-46
4.913000000000000000e+03 6.675995066138693925e-46
4.914000000000000000e+03 6.748054182452339051e-46
4.915000000000000000e+03 5.995719457398691387e-46
4.916000000000000000e+03 6.346959008988447558e-46
4.917000000000000000e+03 6.619619829368731304e-46
4.918000000000000000e+03 7.724281248900015943e-46
4.919000000000000000e+03 8.580484154492500798e-46
4.920000000000000000e+03 5.871091087368514160e-46
4.921000000000000000e+03 5.929785269840089603e-46
4.922000000000000000e+03 6.292003208275795296e-46
4.923000000000000000e+03 6.197158941812306329e-46
4.924000000000000000e+03 5.984258375664360881e-46
4.925000000000000000e+03 6.066183158716058005e-46
4.926000000000000000e+03 5.722977712157794881e-46
4.927000000000000000e+03 6.163810697354729794e-46
4.928000000000000000e+03 6.219547181221390021e-46
4.929000000000000000e+03 6.926478681011883261e-46
4.930000000000000000e+03 7.618998585206914148e-46
4.931000000000000000e+03 6.604665964105656734e-46
4.932000000000000000e+03 6.081337298747801958e-46
4.933000000000000000e+03 6.971291628132313831e-46
4.934000000000000000e+03 6.163309190449996188e-46
4.935000000000000000e+03 6.287588137174765162e-46
4.936000000000000000e+03 7.106046622186644196e-46
4.937000000000000000e+03 8.638499575996742731e-46
4.938000000000000000e+03 9.467776322281819411e-46
4.939000000000000000e+03 7.573581500125222650e-46
4.940000000000000000e+03 7.648838381090735282e-46
4.941000000000000000e+03 6.707053514726668804e-46
4.942000000000000000e+03 5.861571235192365513e-46
4.943000000000000000e+03 6.967050333984946537e-46
4.944000000000000000e+03 6.511368127454428152e-46
4.945000000000000000e+03 4.880316970824505144e-46
4.946000000000000000e+03 6.326820759889985807e-46
4.947000000000000000e+03 6.568040178412186633e-46
4.948000000000000000e+03 8.521017743512497714e-46
4.949000000000000000e+03 9.651014402221442223e-46
4.950000000000000000e+03 7.896946340283488672e-46
4.951000000000000000e+03 6.998583584979329271e-46
4.952000000000000000e+03 6.085920617465676849e-46
4.953000000000000000e+03 6.854777095932746578e-46
4.954000000000000000e+03 6.370909157500738860e-46
4.955000000000000000e+03 6.534747897782992461e-46
4.956000000000000000e+03 7.470520885950497938e-46
4.957000000000000000e+03 6.723731188985660425e-46
4.958000000000000000e+03 6.489634146230871496e-46
4.959000000000000000e+03 6.778928273321742639e-46
4.960000000000000000e+03 8.141223626307850827e-46
4.961000000000000000e+03 8.314547126810864557e-46
4.962000000000000000e+03 7.204593591723348869e-46
4.963000000000000000e+03 7.883552778382116637e-46
4.964000000000000000e+03 5.896406092291964656e-46
4.965000000000000000e+03 5.763801084661850733e-46
4.966000000000000000e+03 5.455776455744382577e-46
4.967000000000000000e+03 6.433639148156154752e-46
4.968000000000000000e+03 7.057501903375540555e-46
4.969000000000000000e+03 8.231594666273359155e-46
4.970000000000000000e+03 7.535731927729141629e-46
4.971000000000000000e+03 6.967180988162964686e-46
4.972000000000000000e+03 7.144132344749418476e-46
4.973000000000000000e+03 8.628986311601745834e-46
4.974000000000000000e+03 7.852575035476498077e-46
4.975000000000000000e+03 6.150381043514486996e-46
4.976000000000000000e+03 6.293794341678690270e-46
4.977000000000000000e+03 7.533226611528547870e-46
4.978000000000000000e+03 7.905292893296764536e-46
4.979000000000000000e+03 1.377254759325644020e-45
4.980000000000000000e+03 1.082543382600160496e-45
4.981000000000000000e+03 7.453463146749966127e-46
4.982000000000000000e+03 9.026655793747073007e-46
4.983000000000000000e+03 9.468913911466513501e-46
4.984000000000000000e+03 8.167986038901009456e-46
4.985000000000000000e+03 8.522349676086573384e-46
4.986000000000000000e+03 1.320094517356347814e-45
4.987000000000000000e+03 1.340704036723836001e-45
4.988000000000000000e+03 1.303647208513407721e-45
4.989000000000000000e+03 1.271298815973821838e-45
4.990000000000000000e+03 1.020812913574010438e-45
4.991000000000000000e+03 1.055533139008100229e-45
4.992000000000000000e+03 9.429222899788831537e-46
4.993000000000000000e+03 8.119253998471674848e-46
4.994000000000000000e+03 8.459686727025946187e-46
4.995000000000000000e+03 8.833742926679178171e-46
4.996000000000000000e+03 6.673330293505115433e-46
4.997000000000000000e+03 7.393827701692496320e-46
4.998000000000000000e+03 8.335864707452723736e-46
4.999000000000000000e+03 1.100701737658943125e-45
5.000000000000000000e+03 1.111518234094064324e-45
5.001000000000000000e+03 9.795579933723513583e-46
5.002000000000000000e+03 8.610841254851992197e-46
5.003000000000000000e+03 8.568770400336141891e-46
5.004000000000000000e+03 8.185505087218672994e-46
5.005000000000000000e+03 7.609458198557434131e-46
5.006000000000000000e+03 7.329029290008594871e-46
5.007000000000000000e+03 8.071765501393131949e-46
5.008000000000000000e+03 9.211765402258111166e-46
5.009000000000000000e+03 9.145118813422302459e-46
5.010000000000000000e+03 7.551865785172463500e-46
5.011000000000000000e+03 7.280824319149343199e-46
5.012000000000000000e+03 8.664183685773270970e-46
5.013000000000000000e+03 8.907928558088648456e-46
5.014000000000000000e+03 8.384722900994600079e-46
5.015000000000000000e+03 6.933140374616918998e-46
5.016000000000000000e+03 7.016842846134372146e-46
5.017000000000000000e+03 7.784305628789097883e-46
5.018000000000000000e+03 8.891996586286491487e-46
5.019000000000000000e+03 8.219866507942806853e-46
5.020000000000000000e+03 7.799314048856434010e-46
5.021000000000000000e+03 6.066306048331515963e-46
5.022000000000000000e+03 6.923456422409527952e-46
5.023000000000000000e+03 7.248426023009628022e-46
5.024000000000000000e+03 6.935473714797391872e-46
5.025000000000000000e+03 6.220500041341207104e-46
5.026000000000000000e+03 6.451194534926781595e-46
5.027000000000000000e+03 6.525672582959398159e-46
5.028000000000000000e+03 7.204608708703707438e-46
5.029000000000000000e+03 7.569922826588165960e-46
5.030000000000000000e+03 7.058757072742073347e-46
5.031000000000000000e+03 7.712316685985755700e-46
5.032000000000000000e+03 7.528580891355373724e-46
5.033000000000000000e+03 7.249333185429251497e-46
5.034000000000000000e+03 7.858154942435435791e-46
5.035000000000000000e+03 9.141680753357520909e-46
5.036000000000000000e+03 9.023159489430305900e-46
5.037000000000000000e+03 8.180735343033313361e-46
5.038000000000000000e+03 9.040437108030824431e-46
5.039000000000000000e+03 1.671864924903276945e-45
5.040000000000000000e+03 1.281471350097150903e-45
5.041000000000000000e+03 7.314016487247764329e-46
5.042000000000000000e+03 6.714064912423560418e-46
5.043000000000000000e+03 6.987906299962110718e-46
5.044000000000000000e+03 8.041734756185319301e-46
5.045000000000000000e+03 8.116013788092598891e-46
5.046000000000000000e+03 7.327129828275032816e-46
5.047000000000000000e+03 6.988466569612427365e-46
5.048000000000000000e+03 7.026735830417893978e-46
5.049000000000000000e+03 7.020442962159388357e-46
5.050000000000000000e+03 5.184401386342221640e-46
5.051000000000000000e+03 6.588225494959192972e-46
5.052000000000000000e+03 7.837798260827311317e-46
5.053000000000000000e+03 7.239128525948596627e-46
5.054000000000000000e+03 6.794916090057477231e-46
5.055000000000000000e+03 6.330891920292555509e-46
5.056000000000000000e+03 6.856365068384114765e-46
5.057000000000000000e+03 4.568072400841029202e-46
5.058000000000000000e+03 6.202693652434201385e-46
5.059000000000000000e+03 7.037723646042624288e-46
5.060000000000000000e+03 7.523007772443018745e-46
5.061000000000000000e+03 6.123864384089855692e-46
5.062000000000000000e+03 5.549760201602876686e-46
5.063000000000000000e+03 6.366829229817187739e-46
5.064000000000000000e+03 6.852235269562033251e-46
5.065000000000000000e+03 8.539589813310294172e-46
5.066000000000000000e+03 8.231776157981494354e-46
5.067000000000000000e+03 7.510450175405290199e-46
5.068000000000000000e+03 6.377352156863423110e-46
5.069000000000000000e+03 5.754773231909951561e-46
5.070000000000000000e+03 7.152936924170339323e-46
5.071000000000000000e+03 5.698581059222337804e-46
5.072000000000000000e+03 5.653532208705572619e-46
5.073000000000000000e+03 6.050053222506559530e-46
5.074000000000000000e+03 5.119803881576646730e-46
5.075000000000000000e+03 5.789566246179704855e-46
5.076000000000000000e+03 5.960094033777462863e-46
5.077000000000000000e+03 6.060145040364647448e-46
5.078000000000000000e+03 7.260563650568250919e-46
5.079000000000000000e+03 8.230840038982702354e-46
5.080000000000000000e+03 7.896659145892965163e-46
5.081000000000000000e+03 7.798684406522876234e-46
5.082000000000000000e+03 7.686392801284216164e-46
5.083000000000000000e+03 7.108474011325787217e-46
5.084000000000000000e+03 6.466784922261683563e-46
5.085000000000000000e+03 6.479084835074126874e-46
5.086000000000000000e+03 7.263855772289802414e-46
5.087000000000000000e+03 6.083094139442026940e-46
5.088000000000000000e+03 7.171309664276148368e-46
5.089000000000000000e+03 7.351569131926101555e-46
5.090000000000000000e+03 6.799543789480168210e-46
5.091000000000000000e+03 7.474123827591835339e-46
5.092000000000000000e+03 8.450237657667924141e-46
5.093000000000000000e+03 6.766561626753756064e-46
5.094000000000000000e+03 6.260887462021247990e-46
5.095000000000000000e+03 6.726280430463343849e-46
5.096000000000000000e+03 6.883438236254245054e-46
5.097000000000000000e+03 5.206086221885146958e-46
5.098000000000000000e+03 7.192228105184209803e-46
5.099000000000000000e+03 9.016110848729622812e-46
5.100000000000000000e+03 9.055154110252372706e-46
5.101000000000000000e+03 7.595203796299363472e-46
5.102000000000000000e+03 6.585534804476084565e-46
5.103000000000000000e+03 6.090143676162373103e-46
5.104000000000000000e+03 4.797962012318519572e-46
5.105000000000000000e+03 5.266063103138797563e-46
5.106000000000000000e+03 5.349688912904500937e-46
5.107000000000000000e+03 6.249865714013575284e-46
5.108000000000000000e+03 8.119329109297582986e-46
5.109000000000000000e+03 7.846219832761495915e-46
5.110000000000000000e+03 8.573999867002212135e-46
5.111000000000000000e+03 5.898165023755334101e-46
5.112000000000000000e+03 6.050891509487082123e-46
5.113000000000000000e+03 7.238477910164304139e-46
5.114000000000000000e+03 6.133938864581976369e-46
5.115000000000000000e+03 5.501603581530144184e-46
5.116000000000000000e+03 7.792063240941091873e-46
5.117000000000000000e+03 7.603511440761764663e-46
5.118000000000000000e+03 7.576042538336922127e-46
5.119000000000000000e+03 8.017188149561443971e-46
5.120000000000000000e+03 8.000202272828124299e-46
5.121000000000000000e+03 7.936963652507940808e-46
5.122000000000000000e+03 7.801454200339437123e-46
5.123000000000000000e+03 7.611543824928817024e-46
5.124000000000000000e+03 6.714248317325604825e-46
5.125000000000000000e+03 6.867850971170233794e-46
5.126000000000000000e+03 8.145486027805612666e-46
5.127000000000000000e+03 7.651607152111052799e-46
5.128000000000000000e+03 6.776299675651810183e-46
5.129000000000000000e+03 7.460993655548026342e-46
5.130000000000000000e+03 6.396933815097848974e-46
5.131000000000000000e+03 7.320096414550699201e-46
5.132000000000000000e+03 7.390643504620357785e-46
5.133000000000000000e+03 7.222966375964963431e-46
5.134000000000000000e+03 7.025087372864476588e-46
5.135000000000000000e+03 6.573315947781372641e-46
5.136000000000000000e+03 6.701700297958300465e-46
5.137000000000000000e+03 6.611124586890723972e-46
5.138000000000000000e+03 5.940175279094190372e-46
5.139000000000000000e+03 5.465372903885911463e-46
5.140000000000000000e+03 8.135754291302330853e-46
5.141000000000000000e+03 8.335877115565369233e-46
5.142000000000000000e+03 8.807897539362570900e-46
5.143000000000000000e+03 9.647505795858569091e-46
5.144000000000000000e+03 1.181159517033572031e-45
5.145000000000000000e+03 1.134082502398886145e-45
5.146000000000000000e+03 1.115798388196946607e-45
5.147000000000000000e+03 8.406531428312994816e-46
5.148000000000000000e+03 7.124463157177129365e-46
5.149000000000000000e+03 6.757188898112826860e-46
5.150000000000000000e+03 7.004637227889795093e-46
5.151000000000000000e+03 6.912378544231806224e-46
5.152000000000000000e+03 7.435347747257012317e-46
5.153000000000000000e+03 6.348309730044939594e-46
5.154000000000000000e+03 7.894078013741804572e-46
5.155000000000000000e+03 9.090211078594549864e-46
5.156000000000000000e+03 7.999580463577297975e-46
5.157000000000000000e+03 8.548718083502351661e-46
5.158000000000000000e+03 1.318916074603477720e-45
5.159000000000000000e+03 1.803932510904640716e-45
5.160000000000000000e+03 1.057610849821503339e-45
5.161000000000000000e+03 7.001095013310512844e-46
5.162000000000000000e+03 7.312667944260634553e-46
5.163000000000000000e+03 8.973578163534631593e-46
5.164000000000000000e+03 1.064655620824790366e-45
5.165000000000000000e+03 9.288507181648475842e-46
5.166000000000000000e+03 8.262411258372358151e-46
5.167000000000000000e+03 7.823125378587966645e-46
5.168000000000000000e+03 6.407764005972252926e-46
5.169000000000000000e+03 5.591062543043462802e-46
5.170000000000000000e+03 7.557032089148534514e-46
5.171000000000000000e+03 7.705802720352731303e-46
5.172000000000000000e+03 5.775037503439736035e-46
5.173000000000000000e+03 6.582449942833336284e-46
5.174000000000000000e+03 7.000159090796270997e-46
5.175000000000000000e+03 7.641328398933145336e-46
5.176000000000000000e+03 7.280341197759933629e-46
5.177000000000000000e+03 9.745844506792037245e-46
5.178000000000000000e+03 9.903765442386642543e-46
5.179000000000000000e+03 7.279373819405040776e-46
5.180000000000000000e+03 7.424050777268738025e-46
5.181000000000000000e+03 1.030121606010044014e-45
5.182000000000000000e+03 8.508890549883197670e-46
5.183000000000000000e+03 7.541498623109320818e-46
5.184000000000000000e+03 8.308777906493705379e-46
5.185000000000000000e+03 1.003091466662865980e-45
5.186000000000000000e+03 9.803179489632374926e-46
5.187000000000000000e+03 8.630536262267867208e-46
5.188000000000000000e+03 8.058697689179524873e-46
5.189000000000000000e+03 7.571184265381554375e-46
5.190000000000000000e+03 8.421856952403670858e-46
5.191000000000000000e+03 7.741099597667886493e-46
5.192000000000000000e+03 7.737052521443584128e-46
5.193000000000000000e+03 7.991413044989915761e-46
5.194000000000000000e+03 8.070529524519172336e-46
5.195000000000000000e+03 9.817506793519029543e-46
5.196000000000000000e+03 1.249935669392813297e-45
5.197000000000000000e+03 1.190947989966265340e-45
5.198000000000000000e+03 1.707055499267533818e-45
5.199000000000000000e+03 1.567281902498087056e-45
5.200000000000000000e+03 9.870573266936050902e-46
5.201000000000000000e+03 1.519713763093111145e-45
5.202000000000000000e+03 1.172489318882702623e-45
5.203000000000000000e+03 1.063387865187217749e-45
5.204000000000000000e+03 1.333958582152322824e-45
5.205000000000000000e+03 1.676853542407354779e-45
5.206000000000000000e+03 1.215369509792463639e-45
5.207000000000000000e+03 1.084222562637181953e-45
5.208000000000000000e+03 1.249962398761028023e-45
5.209000000000000000e+03 1.206943704488344647e-45
5.210000000000000000e+03 1.669076266352298134e-45
5.211000000000000000e+03 1.588914912816798672e-45
5.212000000000000000e+03 1.270503537222287699e-45
5.213000000000000000e+03 1.123677947493221051e-45
5.214000000000000000e+03 9.825851445152660800e-46
5.215000000000000000e+03 1.134262120510478991e-45
5.216000000000000000e+03 9.894549752101097703e-46
5.217000000000000000e+03 9.288661027010590597e-46
5.218000000000000000e+03 1.320692920666667518e-45
5.219000000000000000e+03 2.283762033149241217e-45
5.220000000000000000e+03 1.785527516821926544e-45
5.221000000000000000e+03 1.519924597435310213e-45
5.222000000000000000e+03 1.756576909536123138e-45
5.223000000000000000e+03 1.913622762924554180e-45
5.224000000000000000e+03 1.495079682918428311e-45
5.225000000000000000e+03 1.191106625478651134e-45
5.226000000000000000e+03 1.471563213953362248e-45
5.227000000000000000e+03 1.507947307270714733e-45
5.228000000000000000e+03 1.395762518443375239e-45
5.229000000000000000e+03 1.236657620273193278e-45
5.230000000000000000e+03 1.683250791896445022e-45
5.231000000000000000e+03 1.624161962299196052e-45
5.232000000000000000e+03 1.771118454275314639e-45
5.233000000000000000e+03 1.929122754719377013e-45
5.234000000000000000e+03 1.365661908254536972e-45
5.235000000000000000e+03 9.834621290383843026e-46
5.236000000000000000e+03 1.618549741886321198e-45
5.237000000000000000e+03 2.161757295444456092e-45
5.238000000000000000e+03 1.940823958033474418e-45
5.239000000000000000e+03 1.438539048096076363e-45
5.240000000000000000e+03 1.247575880074500233e-45
5.241000000000000000e+03 1.236794239112297144e-45
5.242000000000000000e+03 1.159005135889738255e-45
5.243000000000000000e+03 1.223714412801147246e-45
5.244000000000000000e+03 1.297467614855024557e-45
5.245000000000000000e+03 1.206705947975179461e-45
5.246000000000000000e+03 1.236082739089110514e-45
5.247000000000000000e+03 1.238834234883406918e-45
5.248000000000000000e+03 1.604592036595148136e-45
5.249000000000000000e+03 1.348677631735618494e-45
5.250000000000000000e+03 1.371485858556223372e-45
5.251000000000000000e+03 1.576284649248803960e-45
5.252000000000000000e+03 1.813739205990843530e-45
5.253000000000000000e+03 2.160261066442573060e-45
5.254000000000000000e+03 1.554328244544578783e-45
5.255000000000000000e+03 1.062069205903664357e-45
5.256000000000000000e+03 1.102470888503679617e-45
5.257000000000000000e+03 8.743578087343248438e-46
5.258000000000000000e+03 7.106149221555948771e-46
5.259000000000000000e+03 9.059610068997227059e-46
5.260000000000000000e+03 9.161235616651250347e-46
5.261000000000000000e+03 8.791185175534843787e-46
5.262000000000000000e+03 9.705509936574480533e-46
5.263000000000000000e+03 9.647746000677660604e-46
5.264000000000000000e+03 7.417836881671444131e-46
5.265000000000000000e+03 8.766927432291005644e-46
5.266000000000000000e+03 1.037795985716317033e-45
5.267000000000000000e+03 9.971050036728702904e-46
5.268000000000000000e+03 8.977041464965497486e-46
5.269000000000000000e+03 9.551959697972221775e-46
5.270000000000000000e+03 8.390645462199903844e-46
5.271000000000000000e+03 8.232541167508866567e-46
5.272000000000000000e+03 8.534062145537210515e-46
5.273000000000000000e+03 8.824059546007393790e-46
5.274000000000000000e+03 8.336716748872747101e-46
5.275000000000000000e+03 7.793221231027477302e-46
5.276000000000000000e+03 7.965698426118931359e-46
5.277000000000000000e+03 7.480861933710113224e-46
5.278000000000000000e+03 7.252594238553140895e-46
5.279000000000000000e+03 9.982719182490187100e-46
5.280000000000000000e+03 1.023253755564064222e-45
5.281000000000000000e+03 9.291996760468052120e-46
5.282000000000000000e+03 9.214656162493982351e-46
5.283000000000000000e+03 7.973675711863556160e-46
5.284000000000000000e+03 9.019537048100997050e-46
5.285000000000000000e+03 8.854463714079021147e-46
5.286000000000000000e+03 7.963536653929819430e-46
5.287000000000000000e+03 8.348255852670949594e-46
5.288000000000000000e+03 7.829072786374541943e-46
5.289000000000000000e+03 6.990184602765470038e-46
5.290000000000000000e+03 7.629232447333448959e-46
5.291000000000000000e+03 1.060431081565449521e-45
5.292000000000000000e+03 1.027832455742353057e-45
5.293000000000000000e+03 7.886774060458983827e-46
5.294000000000000000e+03 7.456023701020468445e-46
5.295000000000000000e+03 8.109743462703387092e-46
5.296000000000000000e+03 1.095248620636073669e-45
5.297000000000000000e+03 8.151957055692188775e-46
5.298000000000000000e+03 7.540035113113889118e-46
5.299000000000000000e+03 7.883093680409792386e-46
5.300000000000000000e+03 8.074044717215442274e-46
5.301000000000000000e+03 6.847234161815062135e-46
5.302000000000000000e+03 6.776076606241047494e-46
5.303000000000000000e+03 9.079200822627731488e-46
5.304000000000000000e+03 8.797777078616553552e-46
5.305000000000000000e+03 8.431129077723219650e-46
5.306000000000000000e+03 8.498023989234610420e-46
5.307000000000000000e+03 7.360990010764654389e-46
5.308000000000000000e+03 7.880157626589093814e-46
5.309000000000000000e+03 8.364002676399202633e-46
5.310000000000000000e+03 9.144850621508088844e-46
5.311000000000000000e+03 8.795105486181899560e-46
5.312000000000000000e+03 1.064098996999486501e-45
5.313000000000000000e+03 9.828745685826349722e-46
5.314000000000000000e+03 8.994681344889047259e-46
5.315000000000000000e+03 9.720948082578086923e-46
5.316000000000000000e+03 9.697849644053555215e-46
5.317000000000000000e+03 1.022360211073204044e-45
5.318000000000000000e+03 9.167277693482376552e-46
5.319000000000000000e+03 7.700294803437652651e-46
5.320000000000000000e+03 1.044881767482781392e-45
5.321000000000000000e+03 1.190961794147141199e-45
5.322000000000000000e+03 1.313167391324815859e-45
5.323000000000000000e+03 9.892337303989077027e-46
5.324000000000000000e+03 1.062251148619280422e-45
5.325000000000000000e+03 1.055193895470025223e-45
5.326000000000000000e+03 9.306451157465739949e-46
5.327000000000000000e+03 1.140659158986691226e-45
5.328000000000000000e+03 1.248987513526066677e-45
5.329000000000000000e+03 9.833474474980653477e-46
5.330000000000000000e+03 1.038464205175368677e-45
5.331000000000000000e+03 1.035928718593578544e-45
5.332000000000000000e+03 1.185260974864744806e-45
5.333000000000000000e+03 1.072351096207288651e-45
5.334000000000000000e+03 1.080965748819272856e-45
5.335000000000000000e+03 1.218255859807942029e-45
5.336000000000000000e+03 1.513820245964161626e-45
5.337000000000000000e+03 2.135668270717020367e-45
5.338000000000000000e+03 2.105185471007212606e-45
5.339000000000000000e+03 2.951104278869515451e-45
5.340000000000000000e+03 2.413043046778533620e-45
5.341000000000000000e+03 1.387637047848622905e-45
5.342000000000000000e+03 1.341309746166854750e-45
5.343000000000000000e+03 1.255372857418315555e-45
5.344000000000000000e+03 1.098250541068607801e-45
5.345000000000000000e+03 1.199081937206151047e-45
5.346000000000000000e+03 1.187554301051988308e-45
5.347000000000000000e+03 1.348704830440396751e-45
5.348000000000000000e+03 1.542407157730688182e-45
5.349000000000000000e+03 1.370538574606050485e-45
5.350000000000000000e+03 1.601081140963945623e-45
5.351000000000000000e+03 1.696125889097893490e-45
5.352000000000000000e+03 2.154961734720684954e-45
5.353000000000000000e+03 2.875800794311457325e-45
5.354000000000000000e+03 2.225865290257450358e-45
5.355000000000000000e+03 1.553873182978188894e-45
5.356000000000000000e+03 1.378231013774247335e-45
5.357000000000000000e+03 1.524710724461114476e-45
5.358000000000000000e+03 1.565365607051447112e-45
5.359000000000000000e+03 1.108140551729344005e-45
5.360000000000000000e+03 1.315217738561308774e-45
5.361000000000000000e+03 1.415244938771123103e-45
5.362000000000000000e+03 1.554894222943995790e-45
5.363000000000000000e+03 1.857798619069033768e-45
5.364000000000000000e+03 1.677208856250455550e-45
5.365000000000000000e+03 1.486291152067613283e-45
5.366000000000000000e+03 1.843443297603394791e-45
5.367000000000000000e+03 1.984103306070699412e-45
5.368000000000000000e+03 1.966819370014899535e-45
5.369000000000000000e+03 1.531046837799275326e-45
5.370000000000000000e+03 1.847250805961292559e-45
5.371000000000000000e+03 2.267000791367387865e-45
5.372000000000000000e+03 2.164963018109615514e-45
5.373000000000000000e+03 2.211216191594019234e-45
5.374000000000000000e+03 2.454091123934193672e-45
5.375000000000000000e+03 1.822817147648889122e-45
5.376000000000000000e+03 1.989050493230059319e-45
5.377000000000000000e+03 2.997422463017911928e-45
5.378000000000000000e+03 2.580446826385040060e-45
5.379000000000000000e+03 2.030823388449268982e-45
5.380000000000000000e+03 1.791340922643206225e-45
5.381000000000000000e+03 2.318784383384268419e-45
5.382000000000000000e+03 2.219157741660371833e-45
5.383000000000000000e+03 1.655997223541751758e-45
5.384000000000000000e+03 1.666506785894457888e-45
5.385000000000000000e+03 2.138196272347921933e-45
5.386000000000000000e+03 2.548718391676731142e-45
5.387000000000000000e+03 2.859146206079014168e-45
5.388000000000000000e+03 2.586975631193659118e-45
5.389000000000000000e+03 3.060085826116051260e-45
5.390000000000000000e+03 3.172332841391681958e-45
5.391000000000000000e+03 3.862647259176172023e-45
5.392000000000000000e+03 9.249897004622947757e-45
5.393000000000000000e+03 6.779295678100948330e-44
5.394000000000000000e+03 1.145158651798900895e-43
5.395000000000000000e+03 2.511997271611910592e-44
5.396000000000000000e+03 5.187739362195733760e-45
5.397000000000000000e+03 3.103551038739554828e-45
5.398000000000000000e+03 2.720901114420141932e-45
5.399000000000000000e+03 3.444809363683188071e-45
5.400000000000000000e+03 2.966052025614817897e-45
5.401000000000000000e+03 1.923017217358541635e-45
5.402000000000000000e+03 1.950762423874595256e-45
5.403000000000000000e+03 2.042100103187731195e-45
5.404000000000000000e+03 2.881075657349613052e-45
5.405000000000000000e+03 2.916426707049737907e-45
5.406000000000000000e+03 2.174746828371054310e-45
5.407000000000000000e+03 2.026059873235914685e-45
5.408000000000000000e+03 1.575362771758812041e-45
5.409000000000000000e+03 1.721615978569527665e-45
5.410000000000000000e+03 1.885658509058672385e-45
5.411000000000000000e+03 2.004840551451597404e-45
5.412000000000000000e+03 1.711458377246109884e-45
5.413000000000000000e+03 1.946173395401018657e-45
5.414000000000000000e+03 2.433342252944690081e-45
5.415000000000000000e+03 1.899617904331529060e-45
5.416000000000000000e+03 1.229324090180273008e-45
5.417000000000000000e+03 1.506845633894510082e-45
5.418000000000000000e+03 1.364086651735712981e-45
5.419000000000000000e+03 1.183037264606473125e-45
5.420000000000000000e+03 1.337991038467659698e-45
5.421000000000000000e+03 1.260164905802825429e-45
5.422000000000000000e+03 1.217303158696992253e-45
5.423000000000000000e+03 1.174011597205682569e-45
5.424000000000000000e+03 1.009917969263829824e-45
5.425000000000000000e+03 1.311995012899701627e-45
5.426000000000000000e+03 1.854405029893379094e-45
5.427000000000000000e+03 1.900662663733261737e-45
5.428000000000000000e+03 1.557307929539688209e-45
5.429000000000000000e+03 1.301080790925019930e-45
5.430000000000000000e+03 1.131876460240103385e-45
5.431000000000000000e+03 1.126451426024772293e-45
5.432000000000000000e+03 1.304395866161510926e-45
5.433000000000000000e+03 1.466222096472648285e-45
5.434000000000000000e+03 1.204752734646037484e-45
5.435000000000000000e+03 1.039723004670511182e-45
5.436000000000000000e+03 1.380772172628364217e-45
5.437000000000000000e+03 1.363071448919572658e-45
5.438000000000000000e+03 1.532894940719807314e-45
5.439000000000000000e+03 1.693686223906572243e-45
5.440000000000000000e+03 2.000082218467173309e-45
5.441000000000000000e+03 2.105448009461370957e-45
5.442000000000000000e+03 1.665826461533142746e-45
5.443000000000000000e+03 1.517938903518922529e-45
5.444000000000000000e+03 1.339251156202007234e-45
5.445000000000000000e+03 1.218435677727086974e-45
5.446000000000000000e+03 1.164694028564536445e-45
5.447000000000000000e+03 1.141373401470849357e-45
5.448000000000000000e+03 1.064922668563230484e-45
5.449000000000000000e+03 1.057597975336069901e-45
5.450000000000000000e+03 1.141242792971640520e-45
5.451000000000000000e+03 1.044552011133275955e-45
5.452000000000000000e+03 1.117147074343441533e-45
5.453000000000000000e+03 1.327797480317094518e-45
5.454000000000000000e+03 1.311968911571001309e-45
5.455000000000000000e+03 1.110538595090386729e-45
5.456000000000000000e+03 1.208335142201998423e-45
5.457000000000000000e+03 1.318279604221375104e-45
5.458000000000000000e+03 1.482066437141162864e-45
5.459000000000000000e+03 2.248699963247920078e-45
5.460000000000000000e+03 1.776691545417229643e-45
5.461000000000000000e+03 1.446779165765512715e-45
5.462000000000000000e+03 1.417747522797116115e-45
5.463000000000000000e+03 1.513687346503532153e-45
5.464000000000000000e+03 1.395837512207317812e-45
5.465000000000000000e+03 1.418797913829285218e-45
5.466000000000000000e+03 1.501697262692939898e-45
5.467000000000000000e+03 1.148924607904918050e-45
5.468000000000000000e+03 1.087329054501428462e-45
5.469000000000000000e+03 1.395475736212948920e-45
5.470000000000000000e+03 1.254792791140259493e-45
5.471000000000000000e+03 1.314958566361779732e-45
5.472000000000000000e+03 1.249973730007370906e-45
5.473000000000000000e+03 1.464521148854007569e-45
5.474000000000000000e+03 2.281848423631116949e-45
5.475000000000000000e+03 2.208876026968335370e-45
5.476000000000000000e+03 1.850048380136785137e-45
5.477000000000000000e+03 1.658420474636422712e-45
5.478000000000000000e+03 1.393149099586312166e-45
5.479000000000000000e+03 1.385891516537819503e-45
5.480000000000000000e+03 1.669408467024343436e-45
5.481000000000000000e+03 3.362620441737652958e-45
5.482000000000000000e+03 1.104283533813094354e-44
5.483000000000000000e+03 9.757939925994694074e-45
5.484000000000000000e+03 2.580138831209899859e-45
5.485000000000000000e+03 1.716572007484264305e-45
5.486000000000000000e+03 1.451038515351566432e-45
5.487000000000000000e+03 1.308900430416901168e-45
5.488000000000000000e+03 1.344035424342462014e-45
5.489000000000000000e+03 1.680521762801030682e-45
5.490000000000000000e+03 1.668395739295498768e-45
5.491000000000000000e+03 1.310181537149802972e-45
5.492000000000000000e+03 1.235694296083388044e-45
5.493000000000000000e+03 1.032799196258808937e-45
5.494000000000000000e+03 9.726697462407908145e-46
5.495000000000000000e+03 1.035241951911315351e-45
5.496000000000000000e+03 1.174538096202049066e-45
5.497000000000000000e+03 1.223288329966162633e-45
5.498000000000000000e+03 1.389154378949760881e-45
5.499000000000000000e+03 1.203630069964835101e-45
5.500000000000000000e+03 1.222850075676305895e-45
5.501000000000000000e+03 1.514680428972070561e-45
5.502000000000000000e+03 1.550554500950251298e-45
5.503000000000000000e+03 1.376765361421502732e-45
5.504000000000000000e+03 1.152314668032996645e-45
5.505000000000000000e+03 1.098376191296566719e-45
5.506000000000000000e+03 9.444794775830795813e-46
5.507000000000000000e+03 9.622928408539425693e-46
5.508000000000000000e+03 8.493242708946976198e-46
5.509000000000000000e+03 1.013533925704554307e-45
5.510000000000000000e+03 1.165125822014123646e-45
5.511000000000000000e+03 1.323202855051717276e-45
5.512000000000000000e+03 1.193006222370630949e-45
5.513000000000000000e+03 9.692986479512431819e-46
5.514000000000000000e+03 9.943629597950707694e-46
5.515000000000000000e+03 1.270212722283632117e-45
5.516000000000000000e+03 1.458609761873491220e-45
5.517000000000000000e+03 1.290131719946966219e-45
5.518000000000000000e+03 1.815688719077781557e-45
5.519000000000000000e+03 3.990264266821649384e-45
5.520000000000000000e+03 2.729617885229802619e-45
5.521000000000000000e+03 1.339666086253263950e-45
5.522000000000000000e+03 1.446122605554886165e-45
5.523000000000000000e+03 1.355244045600158789e-45
5.524000000000000000e+03 1.051788571305126489e-45
5.525000000000000000e+03 1.291803104705479583e-45
5.526000000000000000e+03 1.429883980241327185e-45
5.527000000000000000e+03 1.028188255848742287e-45
5.528000000000000000e+03 1.229518531288735178e-45
5.529000000000000000e+03 1.890223512848736495e-45
5.530000000000000000e+03 1.507523424408694622e-45
5.531000000000000000e+03 1.312595053940651426e-45
5.532000000000000000e+03 1.217736886161875721e-45
5.533000000000000000e+03 1.072477750497395774e-45
5.534000000000000000e+03 1.046924834353464282e-45
5.535000000000000000e+03 1.169655281012567873e-45
5.536000000000000000e+03 1.218839017005611323e-45
5.537000000000000000e+03 1.256399821862715924e-45
5.538000000000000000e+03 1.367979741304272431e-45
5.539000000000000000e+03 1.498239284685873735e-45
5.540000000000000000e+03 1.331834992560715638e-45
5.541000000000000000e+03 1.107540388687963666e-45
5.542000000000000000e+03 1.257403019139598885e-45
5.543000000000000000e+03 1.488630550665234399e-45
5.544000000000000000e+03 1.564119351965309372e-45
5.545000000000000000e+03 1.563234335325637488e-45
5.546000000000000000e+03 1.408666002368180104e-45
5.547000000000000000e+03 1.106760248786398985e-45
5.548000000000000000e+03 1.149036612400723765e-45
5.549000000000000000e+03 1.368828459192948972e-45
5.550000000000000000e+03 1.404102536298988511e-45
5.551000000000000000e+03 1.267704953844822747e-45
5.552000000000000000e+03 1.402396336349755676e-45
5.553000000000000000e+03 1.214427245538482878e-45
5.554000000000000000e+03 1.745591277314297523e-45
5.555000000000000000e+03 1.944770383763611911e-45
5.556000000000000000e+03 1.274759815743923979e-45
5.557000000000000000e+03 1.156989666371429145e-45
5.558000000000000000e+03 1.082587914956679411e-45
5.559000000000000000e+03 1.552062810740159018e-45
5.560000000000000000e+03 1.729918731211502060e-45
5.561000000000000000e+03 1.586841931264345541e-45
5.562000000000000000e+03 1.456501360120248551e-45
5.563000000000000000e+03 1.533069733190749791e-45
5.564000000000000000e+03 1.546039056591360357e-45
5.565000000000000000e+03 1.449665720393381996e-45
5.566000000000000000e+03 1.895394192085018765e-45
5.567000000000000000e+03 2.070978861312403289e-45
5.568000000000000000e+03 1.640432817981096260e-45
5.569000000000000000e+03 1.522718255156777706e-45
5.570000000000000000e+03 1.847146522511545886e-45
5.571000000000000000e+03 1.659828297732164223e-45
5.572000000000000000e+03 1.963557468325991173e-45
5.573000000000000000e+03 3.085849786461821370e-45
5.574000000000000000e+03 2.866973458437778298e-45
5.575000000000000000e+03 2.324026858276491302e-45
5.576000000000000000e+03 1.929065144059576691e-45
5.577000000000000000e+03 1.563806073019427459e-45
5.578000000000000000e+03 1.367007407700424152e-45
5.579000000000000000e+03 1.891694513795432002e-45
5.580000000000000000e+03 1.996856624423871722e-45
5.581000000000000000e+03 2.466644321391739424e-45
5.582000000000000000e+03 2.251901266276630931e-45
5.583000000000000000e+03 1.692758763538693992e-45
5.584000000000000000e+03 1.473550849222015593e-45
5.585000000000000000e+03 1.437962942735259917e-45
5.586000000000000000e+03 1.329692252103065921e-45
5.587000000000000000e+03 1.185780355687361627e-45
5.588000000000000000e+03 9.686264860916124464e-46
5.589000000000000000e+03 8.331549594787029745e-46
5.590000000000000000e+03 1.231819818881397487e-45
5.591000000000000000e+03 1.270312532859139221e-45
5.592000000000000000e+03 1.414968813289321089e-45
5.593000000000000000e+03 1.409166632954624382e-45
5.594000000000000000e+03 1.371851183736298662e-45
5.595000000000000000e+03 1.493000027146183498e-45
5.596000000000000000e+03 1.398427458717217748e-45
5.597000000000000000e+03 1.315793614123548468e-45
5.598000000000000000e+03 1.275022123145768381e-45
5.599000000000000000e+03 1.534111325016475299e-45
5.600000000000000000e+03 1.680891779118193480e-45
5.601000000000000000e+03 1.391875442043200233e-45
5.602000000000000000e+03 1.493454938342431013e-45
5.603000000000000000e+03 1.359132130188071206e-45
5.604000000000000000e+03 1.319670844668978466e-45
5.605000000000000000e+03 1.498614243517315086e-45
5.606000000000000000e+03 1.508042879786931947e-45
5.607000000000000000e+03 1.731630714434603917e-45
5.608000000000000000e+03 1.555074543288903126e-45
5.609000000000000000e+03 1.246371512305272112e-45
5.610000000000000000e+03 1.177229816780477521e-45
5.611000000000000000e+03 1.211718769076127569e-45
5.612000000000000000e+03 1.178592119168428003e-45
5.613000000000000000e+03 1.138892675447786506e-45
5.614000000000000000e+03 1.341887670700812279e-45
5.615000000000000000e+03 1.494718650068133495e-45
5.616000000000000000e+03 1.591758434220311511e-45
5.617000000000000000e+03 1.470272051257242396e-45
5.618000000000000000e+03 1.316569914066468013e-45
5.619000000000000000e+03 1.209057917206759315e-45
5.620000000000000000e+03 1.184787863439898723e-45
5.621000000000000000e+03 1.270821458397718319e-45
5.622000000000000000e+03 1.263265849635810184e-45
5.623000000000000000e+03 1.219406144646857752e-45
5.624000000000000000e+03 1.008998670989087247e-45
5.625000000000000000e+03 1.068005971860218675e-45
5.626000000000000000e+03 1.293523586712364077e-45
5.627000000000000000e+03 1.268058002174168489e-45
5.628000000000000000e+03 1.334003205039433457e-45
5.629000000000000000e+03 1.345190205749485366e-45
5.630000000000000000e+03 1.307573851982971248e-45
5.631000000000000000e+03 1.147159053079441382e-45
5.632000000000000000e+03 9.954352867692769248e-46
5.633000000000000000e+03 1.004414926726071899e-45
5.634000000000000000e+03 1.256128645841827270e-45
5.635000000000000000e+03 1.108433485655786899e-45
5.636000000000000000e+03 1.295082329972417419e-45
5.637000000000000000e+03 1.117810957483597658e-45
5.638000000000000000e+03 1.257893803356608898e-45
5.639000000000000000e+03 1.950586607441101218e-45
5.640000000000000000e+03 1.362260628385127395e-45
5.641000000000000000e+03 1.237001770869949184e-45
5.642000000000000000e+03 1.538030217560908733e-45
5.643000000000000000e+03 1.335416180935994720e-45
5.644000000000000000e+03 1.155940551690286659e-45
5.645000000000000000e+03 1.057415857106267238e-45
5.646000000000000000e+03 1.133210210203809249e-45
5.647000000000000000e+03 1.239133439173411896e-45
5.648000000000000000e+03 1.085112631378642860e-45
5.649000000000000000e+03 1.229158449026776333e-45
5.650000000000000000e+03 1.152521713431645118e-45
5.651000000000000000e+03 1.406778804836899157e-45
5.652000000000000000e+03 1.357179402372674010e-45
5.653000000000000000e+03 1.388161482191918393e-45
5.654000000000000000e+03 1.192219900799467686e-45
5.655000000000000000e+03 1.175042918385417111e-45
5.656000000000000000e+03 1.355006072069457990e-45
5.657000000000000000e+03 1.343866182769650687e-45
5.658000000000000000e+03 1.668337059439206310e-45
5.659000000000000000e+03 1.520204325717860012e-45
5.660000000000000000e+03 1.331639091048201093e-45
5.661000000000000000e+03 1.456767333953035358e-45
5.662000000000000000e+03 1.432083523201087891e-45
5.663000000000000000e+03 1.188160460413116117e-45
5.664000000000000000e+03 1.317675015464449347e-45
5.665000000000000000e+03 1.200338379944319765e-45
5.666000000000000000e+03 1.263291039849729362e-45
5.667000000000000000e+03 9.780713736655095493e-46
5.668000000000000000e+03 8.663519899212181508e-46
5.669000000000000000e+03 1.081150436881974804e-45
5.670000000000000000e+03 1.181474860643841973e-45
5.671000000000000000e+03 1.133486790781580496e-45
5.672000000000000000e+03 1.134088196643045832e-45
5.673000000000000000e+03 1.108970004812029675e-45
5.674000000000000000e+03 1.272215205807349025e-45
5.675000000000000000e+03 1.122373752544060350e-45
5.676000000000000000e+03 1.239140831010340791e-45
5.677000000000000000e+03 1.251435754587578119e-45
5.678000000000000000e+03 1.173692323708976861e-45
5.679000000000000000e+03 1.269938447953483944e-45
5.680000000000000000e+03 1.298380124231036579e-45
5.681000000000000000e+03 1.150409009317356577e-45
5.682000000000000000e+03 1.208209361082748766e-45
5.683000000000000000e+03 2.123224660188807479e-45
5.684000000000000000e+03 1.412321135709730922e-45
5.685000000000000000e+03 9.256476850920191737e-46
5.686000000000000000e+03 8.123106589697439751e-46
5.687000000000000000e+03 1.240101123542064586e-45
5.688000000000000000e+03 2.266059711130576152e-45
5.689000000000000000e+03 2.283251579290608322e-45
5.690000000000000000e+03 1.437314352265547308e-45
5.691000000000000000e+03 1.322827001536603219e-45
5.692000000000000000e+03 1.723212432999010033e-45
5.693000000000000000e+03 1.355048985281366417e-45
5.694000000000000000e+03 1.067505449635642250e-45
5.695000000000000000e+03 1.357167912383092293e-45
5.696000000000000000e+03 1.400067054694193766e-45
5.697000000000000000e+03 1.305359443132232607e-45
5.698000000000000000e+03 1.789512921180016294e-45
5.699000000000000000e+03 4.164026299627615688e-45
5.700000000000000000e+03 2.296401724411069942e-45
5.701000000000000000e+03 1.284493938736335196e-45
5.702000000000000000e+03 1.267859605441358069e-45
5.703000000000000000e+03 1.236555373276584261e-45
5.704000000000000000e+03 1.010495454975628951e-45
5.705000000000000000e+03 1.142705960087616339e-45
5.706000000000000000e+03 1.195845627870694597e-45
5.707000000000000000e+03 1.642413846303222370e-45
5.708000000000000000e+03 1.920578809804129738e-45
5.709000000000000000e+03 1.260478542752123252e-45
5.710000000000000000e+03 1.519897939159588541e-45
5.711000000000000000e+03 1.228655586386733869e-45
5.712000000000000000e+03 1.167630441361253452e-45
5.713000000000000000e+03 1.201224472890137476e-45
5.714000000000000000e+03 1.506661986010255724e-45
5.715000000000000000e+03 1.412435720695836848e-45
5.716000000000000000e+03 1.120036940727908097e-45
5.717000000000000000e+03 1.248423164030684335e-45
5.718000000000000000e+03 1.461695685705211938e-45
5.719000000000000000e+03 1.390115084133136132e-45
5.720000000000000000e+03 1.451393170792188167e-45
5.721000000000000000e+03 1.221962638591529487e-45
5.722000000000000000e+03 1.078630130492614552e-45
5.723000000000000000e+03 1.299331462863012711e-45
5.724000000000000000e+03 1.339741549249798872e-45
5.725000000000000000e+03 9.422542372824534145e-46
5.726000000000000000e+03 9.118036228859850669e-46
5.727000000000000000e+03 1.074654898380426036e-45
5.728000000000000000e+03 1.120569802475942761e-45
5.729000000000000000e+03 1.011005052235570834e-45
5.730000000000000000e+03 1.125759250466883465e-45
5.731000000000000000e+03 1.030776385725445672e-45
5.732000000000000000e+03 9.463211547620601814e-46
5.733000000000000000e+03 1.119432958386012143e-45
5.734000000000000000e+03 1.074327074547674338e-45
5.735000000000000000e+03 1.392545957830345660e-45
5.736000000000000000e+03 1.572924780511919212e-45
5.737000000000000000e+03 1.435904710162798065e-45
5.738000000000000000e+03 1.234308182703107802e-45
5.739000000000000000e+03 1.195159271525529251e-45
5.740000000000000000e+03 1.172434664794752238e-45
5.741000000000000000e+03 1.547704770235204858e-45
5.742000000000000000e+03 1.558152916968814727e-45
5.743000000000000000e+03 1.489312382709753417e-45
5.744000000000000000e+03 1.142093727712323725e-45
5.745000000000000000e+03 1.051842370341511782e-45
5.746000000000000000e+03 1.311281015488605059e-45
5.747000000000000000e+03 1.638439941461684311e-45
5.748000000000000000e+03 2.458944654719870299e-45
5.749000000000000000e+03 1.906198985779964831e-45
5.750000000000000000e+03 1.779641131526015295e-45
5.751000000000000000e+03 1.372299960309372329e-45
5.752000000000000000e+03 1.421253053528919239e-45
5.753000000000000000e+03 1.247821565668587531e-45
5.754000000000000000e+03 1.385419446905767629e-45
5.755000000000000000e+03 1.263418126107615193e-45
5.756000000000000000e+03 1.442798758845064192e-45
5.757000000000000000e+03 1.689815806512014871e-45
5.758000000000000000e+03 1.527999865650957165e-45
5.759000000000000000e+03 1.217286555106102224e-45
5.760000000000000000e+03 1.220600661547230005e-45
5.761000000000000000e+03 1.308282990476152220e-45
5.762000000000000000e+03 1.411179348914253953e-45
5.763000000000000000e+03 1.467615167318946395e-45
5.764000000000000000e+03 1.451499803845053012e-45
5.765000000000000000e+03 1.322221223251611754e-45
5.766000000000000000e+03 9.614203384900757453e-46
5.767000000000000000e+03 1.253781080736743944e-45
5.768000000000000000e+03 1.401882603696629537e-45
5.769000000000000000e+03 2.431164606497729734e-45
5.770000000000000000e+03 1.848554216863111017e-45
5.771000000000000000e+03 1.322042334654882402e-45
5.772000000000000000e+03 1.334225146441307299e-45
5.773000000000000000e+03 1.110295419629178487e-45
5.774000000000000000e+03 1.140663890437058845e-45
5.775000000000000000e+03 1.177801978241214626e-45
5.776000000000000000e+03 1.360076793745875330e-45
5.777000000000000000e+03 1.511808913258196962e-45
5.778000000000000000e+03 1.197124534577805034e-45
5.779000000000000000e+03 1.122711405169477656e-45
5.780000000000000000e+03 1.061067492955528712e-45
5.781000000000000000e+03 1.274912840374938078e-45
5.782000000000000000e+03 1.125683141366664764e-45
5.783000000000000000e+03 1.298379762359451624e-45
5.784000000000000000e+03 1.344080146409660560e-45
5.785000000000000000e+03 1.277582889641828783e-45
5.786000000000000000e+03 1.445048614565030773e-45
5.787000000000000000e+03 1.548230459516751516e-45
5.788000000000000000e+03 1.205871015493292026e-45
5.789000000000000000e+03 8.572627029595598064e-46
5.790000000000000000e+03 1.125070674184420134e-45
5.791000000000000000e+03 1.161744214818443427e-45
5.792000000000000000e+03 1.416816014939882107e-45
5.793000000000000000e+03 1.477270384546843697e-45
5.794000000000000000e+03 1.419318258771933632e-45
5.795000000000000000e+03 1.344131730521308887e-45
5.796000000000000000e+03 1.162457392476396924e-45
5.797000000000000000e+03 1.358090069673819751e-45
5.798000000000000000e+03 1.531139399128113358e-45
5.799000000000000000e+03 1.406466872998804773e-45
5.800000000000000000e+03 1.316895500889238777e-45
5.801000000000000000e+03 1.118972465641693410e-45
5.802000000000000000e+03 1.249310632917949601e-45
5.803000000000000000e+03 1.505785943962445066e-45
5.804000000000000000e+03 1.543987502632309172e-45
5.805000000000000000e+03 1.481380456588448825e-45
5.806000000000000000e+03 1.651057118956845583e-45
5.807000000000000000e+03 1.473323861480166342e-45
5.808000000000000000e+03 1.382357256306830217e-45
5.809000000000000000e+03 1.410948130579106294e-45
5.810000000000000000e+03 1.406838497472845636e-45
5.811000000000000000e+03 1.716338235778693835e-45
5.812000000000000000e+03 2.049402552058627575e-45
5.813000000000000000e+03 1.582835676630218888e-45
5.814000000000000000e+03 1.132466566103906320e-45
5.815000000000000000e+03 1.426443654152919517e-45
5.816000000000000000e+03 1.445467005716603161e-45
5.817000000000000000e+03 1.305965659915251278e-45
5.818000000000000000e+03 2.044651021778254239e-45
5.819000000000000000e+03 4.244292959173683859e-45
5.820000000000000000e+03 2.675322835899625015e-45
5.821000000000000000e+03 1.461653177668572293e-45
5.822000000000000000e+03 1.323620608936789310e-45
5.823000000000000000e+03 1.262138037294180535e-45
5.824000000000000000e+03 1.553686489947011179e-45
5.825000000000000000e+03 1.396499160453856177e-45
5.826000000000000000e+03 1.285160800690827754e-45
5.827000000000000000e+03 1.434292326214389965e-45
5.828000000000000000e+03 1.272755279084497491e-45
5.829000000000000000e+03 1.228202867395586037e-45
5.830000000000000000e+03 1.252156686483703410e-45
5.831000000000000000e+03 1.268065835198348369e-45
5.832000000000000000e+03 1.657046931499692877e-45
5.833000000000000000e+03 1.749442345093787228e-45
5.834000000000000000e+03 1.351829144686908755e-45
5.835000000000000000e+03 1.129039440195294806e-45
5.836000000000000000e+03 1.202868728299834469e-45
5.837000000000000000e+03 1.301566308262632049e-45
5.838000000000000000e+03 1.281603724967077572e-45
5.839000000000000000e+03 1.354842010602959715e-45
5.840000000000000000e+03 1.359157901283001687e-45
5.841000000000000000e+03 1.462103277606145199e-45
5.842000000000000000e+03 1.564228769967206626e-45
5.843000000000000000e+03 1.265333497404784779e-45
5.844000000000000000e+03 9.634022343840369865e-46
5.845000000000000000e+03 1.021850170025460075e-45
5.846000000000000000e+03 1.072008457729523071e-45
5.847000000000000000e+03 1.109569053096223419e-45
5.848000000000000000e+03 1.350251607067649936e-45
5.849000000000000000e+03 1.101176225107491646e-45
5.850000000000000000e+03 9.596085736175980168e-46
5.851000000000000000e+03 1.071669012816861374e-45
5.852000000000000000e+03 1.127065651175310469e-45
5.853000000000000000e+03 1.041413066824552629e-45
5.854000000000000000e+03 1.231966667093735266e-45
5.855000000000000000e+03 1.219348251601040357e-45
5.856000000000000000e+03 1.095004056841354238e-45
5.857000000000000000e+03 1.129213991674026891e-45
5.858000000000000000e+03 1.508608594191978409e-45
5.859000000000000000e+03 1.763962486266322331e-45
5.860000000000000000e+03 1.734953118027550422e-45
5.861000000000000000e+03 1.353775218277411779e-45
5.862000000000000000e+03 1.225976857218926118e-45
5.863000000000000000e+03 1.598400745345236378e-45
5.864000000000000000e+03 1.349643296858401786e-45
5.865000000000000000e+03 1.047202656815352114e-45
5.866000000000000000e+03 1.172685857264133275e-45
5.867000000000000000e+03 1.377652854653842247e-45
5.868000000000000000e+03 1.518910563391386068e-45
5.869000000000000000e+03 1.680431837309193730e-45
5.870000000000000000e+03 1.380228214660368271e-45
5.871000000000000000e+03 1.222739750580630534e-45
5.872000000000000000e+03 1.600042096135194343e-45
5.873000000000000000e+03 1.543922862331308084e-45
5.874000000000000000e+03 1.627473855054388829e-45
5.875000000000000000e+03 1.552753797224250897e-45
5.876000000000000000e+03 1.615277837195710358e-45
5.877000000000000000e+03 1.683496961043064121e-45
5.878000000000000000e+03 2.379354161928249432e-45
5.879000000000000000e+03 3.425672626002212630e-45
5.880000000000000000e+03 2.931996902166459826e-45
5.881000000000000000e+03 1.925992153310458161e-45
5.882000000000000000e+03 1.938272506655574438e-45
5.883000000000000000e+03 1.592100125515483502e-45
5.884000000000000000e+03 1.200653685853260794e-45
5.885000000000000000e+03 1.857096836772507191e-45
5.886000000000000000e+03 1.893058113204942491e-45
5.887000000000000000e+03 1.840781440835006460e-45
5.888000000000000000e+03 1.787729115130399541e-45
5.889000000000000000e+03 1.586374648767551920e-45
5.890000000000000000e+03 1.436847399677675747e-45
5.891000000000000000e+03 1.676069317143781460e-45
5.892000000000000000e+03 2.198710001167173494e-45
5.893000000000000000e+03 1.796380195895555322e-45
5.894000000000000000e+03 1.361784088530749331e-45
5.895000000000000000e+03 1.453053013945781845e-45
5.896000000000000000e+03 1.373166130070855318e-45
5.897000000000000000e+03 1.255142882369060987e-45
5.898000000000000000e+03 1.348016765118750755e-45
5.899000000000000000e+03 1.679776158809850985e-45
5.900000000000000000e+03 1.490027941318668072e-45
5.901000000000000000e+03 1.379578519601415840e-45
5.902000000000000000e+03 1.652626281219412006e-45
5.903000000000000000e+03 2.077893158540915332e-45
5.904000000000000000e+03 1.507005408606153302e-45
5.905000000000000000e+03 1.332573097190883065e-45
5.906000000000000000e+03 1.423521389703736333e-45
5.907000000000000000e+03 1.388822132628382357e-45
5.908000000000000000e+03 1.642987657151401771e-45
5.909000000000000000e+03 1.415553851970481021e-45
5.910000000000000000e+03 1.118307596735453360e-45
5.911000000000000000e+03 8.690307511442405905e-46
5.912000000000000000e+03 9.228269918511069759e-46
5.913000000000000000e+03 1.170957253315525124e-45
5.914000000000000000e+03 1.174385173739220191e-45
5.915000000000000000e+03 1.324887785628825524e-45
5.916000000000000000e+03 1.736419769734230753e-45
5.917000000000000000e+03 1.721739134837084800e-45
5.918000000000000000e+03 1.376946837256818446e-45
5.919000000000000000e+03 1.709364827102726888e-45
5.920000000000000000e+03 1.800762902727974383e-45
5.921000000000000000e+03 1.347705209349811720e-45
5.922000000000000000e+03 1.368289771743601370e-45
5.923000000000000000e+03 1.393014691806662610e-45
5.924000000000000000e+03 1.194609544548024743e-45
5.925000000000000000e+03 1.676788637068158210e-45
5.926000000000000000e+03 1.583231914048126382e-45
5.927000000000000000e+03 1.384909705880818703e-45
5.928000000000000000e+03 1.306211237072370596e-45
5.929000000000000000e+03 1.560557386400010337e-45
5.930000000000000000e+03 1.877218004511438583e-45
5.931000000000000000e+03 1.596344850906787174e-45
5.932000000000000000e+03 1.346538455316354676e-45
5.933000000000000000e+03 1.423685236549858464e-45
5.934000000000000000e+03 1.288705369728475257e-45
5.935000000000000000e+03 1.641796870679652087e-45
5.936000000000000000e+03 1.239382618824274195e-44
5.937000000000000000e+03 1.370199541334373712e-43
5.938000000000000000e+03 9.237050285655265127e-44
5.939000000000000000e+03 1.694512964636301821e-44
5.940000000000000000e+03 1.659248379798687002e-44
5.941000000000000000e+03 1.695249708489346905e-45
5.942000000000000000e+03 1.469709815476541142e-45
5.943000000000000000e+03 1.433009078557252133e-45
5.944000000000000000e+03 1.523994641237958461e-45
5.945000000000000000e+03 1.882865165710961120e-45
5.946000000000000000e+03 2.381114817477300586e-44
5.947000000000000000e+03 3.034346247712028547e-43
5.948000000000000000e+03 2.647626248029215486e-43
5.949000000000000000e+03 1.660802491878220231e-43
5.950000000000000000e+03 7.103887914316602309e-44
5.951000000000000000e+03 3.988764803893492053e-45
5.952000000000000000e+03 2.924247409103888487e-45
5.953000000000000000e+03 2.688704169085060112e-44
5.954000000000000000e+03 7.354825424856786910e-44
5.955000000000000000e+03 3.218787984261396212e-44
5.956000000000000000e+03 2.384991629244427522e-44
5.957000000000000000e+03 2.938283725703196239e-44
5.958000000000000000e+03 4.595068387810830230e-45
5.959000000000000000e+03 1.347422806723713578e-45
5.960000000000000000e+03 2.936064662204907138e-44
5.961000000000000000e+03 2.407483922159005326e-43
5.962000000000000000e+03 1.173020952010405462e-43
5.963000000000000000e+03 2.198895778277983738e-45
5.964000000000000000e+03 1.732800332615776669e-45
5.965000000000000000e+03 1.867302326459863723e-45
5.966000000000000000e+03 2.659990722163480479e-45
5.967000000000000000e+03 3.055799869923055695e-45
5.968000000000000000e+03 2.728482321497543132e-45
5.969000000000000000e+03 3.670263510151498686e-45
5.970000000000000000e+03 5.355244441455168365e-45
5.971000000000000000e+03 7.831660716572023627e-45
5.972000000000000000e+03 8.311333643582435098e-45
5.973000000000000000e+03 5.204164307067011012e-45
5.974000000000000000e+03 2.888507368074680221e-45
5.975000000000000000e+03 2.282373626920560931e-45
5.976000000000000000e+03 2.257158373544431705e-45
5.977000000000000000e+03 2.129256928230972396e-45
5.978000000000000000e+03 2.123568177195680042e-45
5.979000000000000000e+03 1.707422881402025340e-45
5.980000000000000000e+03 1.714183050437892464e-45
5.981000000000000000e+03 2.043347655851147008e-45
5.982000000000000000e+03 1.961460942318653382e-45
5.983000000000000000e+03 1.317236596394258235e-45
5.984000000000000000e+03 1.183296107314220644e-45
5.985000000000000000e+03 1.531121976620180633e-45
5.986000000000000000e+03 1.698576315375652561e-45
5.987000000000000000e+03 1.342153713255348126e-45
5.988000000000000000e+03 1.407677536196548413e-45
5.989000000000000000e+03 1.597268961798068160e-45
5.990000000000000000e+03 1.877896476231472913e-45
5.991000000000000000e+03 2.020561708493178326e-45
5.992000000000000000e+03 1.740602676708509014e-45
5.993000000000000000e+03 1.795267726339780787e-45
5.994000000000000000e+03 1.978839305700813542e-45
5.995000000000000000e+03 2.011530430070491367e-45
5.996000000000000000e+03 1.668354443194640006e-45
5.997000000000000000e+03 1.492506845885274990e-45
5.998000000000000000e+03 2.656838542419181255e-45
5.999000000000000000e+03 5.503575934817653961e-45
6.000000000000000000e+03 3.738091292578939469e-45
6.001000000000000000e+03 1.903008776449403505e-45
6.002000000000000000e+03 1.521090448214294294e-45
6.003000000000000000e+03 1.671295417103028485e-45
6.004000000000000000e+03 1.738285546934813529e-45
6.005000000000000000e+03 1.480816291008317170e-45
6.006000000000000000e+03 1.335518385165540163e-45
6.007000000000000000e+03 1.577826416089070016e-45
6.008000000000000000e+03 1.566820982573882358e-45
6.009000000000000000e+03 1.520871630940915129e-45
6.010000000000000000e+03 1.650530605315894260e-45
6.011000000000000000e+03 1.577163096472019674e-45
6.012000000000000000e+03 1.607847829492276335e-45
6.013000000000000000e+03 1.888084358162353963e-45
6.014000000000000000e+03 1.647525681453063146e-45
6.015000000000000000e+03 1.432336174830403019e-45
6.016000000000000000e+03 1.409637712706098917e-45
6.017000000000000000e+03 1.567104999736195520e-45
6.018000000000000000e+03 1.887611401200111548e-45
6.019000000000000000e+03 1.661157777731088299e-45
6.020000000000000000e+03 1.730972794983416846e-45
6.021000000000000000e+03 1.392018116904741471e-45
6.022000000000000000e+03 1.152644035504548148e-45
6.023000000000000000e+03 1.462062753027558830e-45
6.024000000000000000e+03 1.742933802690297806e-45
6.025000000000000000e+03 1.541690023320864122e-45
6.026000000000000000e+03 1.489209199353035729e-45
6.027000000000000000e+03 1.435642329339535879e-45
6.028000000000000000e+03 1.294919965308911326e-45
6.029000000000000000e+03 1.524746649940201394e-45
6.030000000000000000e+03 1.603974774468003778e-45
6.031000000000000000e+03 1.747617104880686156e-45
6.032000000000000000e+03 2.030718891544500987e-45
6.033000000000000000e+03 1.943106091057368057e-45
6.034000000000000000e+03 2.011322140992865575e-45
6.035000000000000000e+03 1.849608561599533497e-45
6.036000000000000000e+03 1.710361446489303801e-45
6.037000000000000000e+03 3.839741813422129179e-45
6.038000000000000000e+03 3.724209094468965140e-43
6.039000000000000000e+03 9.169368381572586003e-43
6.040000000000000000e+03 1.421768137066764198e-43
6.041000000000000000e+03 3.473048498963478527e-45
6.042000000000000000e+03 1.299514146141664833e-42
6.043000000000000000e+03 4.338950346814878788e-42
6.044000000000000000e+03 9.109554539331518496e-43
6.045000000000000000e+03 2.686023151397236833e-45
6.046000000000000000e+03 1.886580892553403817e-45
6.047000000000000000e+03 1.987245535284246610e-45
6.048000000000000000e+03 1.557632267064396473e-45
6.049000000000000000e+03 1.928689787322751381e-45
6.050000000000000000e+03 1.965358669391673334e-45
6.051000000000000000e+03 1.782111262772876708e-45
6.052000000000000000e+03 2.188253037678403327e-45
6.053000000000000000e+03 2.529109482908923985e-45
6.054000000000000000e+03 5.055789479762588588e-44
6.055000000000000000e+03 1.555596700638013585e-42
6.056000000000000000e+03 2.438544029644078715e-42
6.057000000000000000e+03 3.347719197787994969e-43
6.058000000000000000e+03 3.798221614980181860e-45
6.059000000000000000e+03 3.772339304530792355e-45
6.060000000000000000e+03 2.447757799639523646e-45
6.061000000000000000e+03 2.233204191456670641e-45
6.062000000000000000e+03 1.879409621744460164e-45
6.063000000000000000e+03 1.623376744911624427e-45
6.064000000000000000e+03 1.858598202286668956e-45
6.065000000000000000e+03 1.841918377017837940e-45
6.066000000000000000e+03 1.763371495756171437e-45
6.067000000000000000e+03 1.891834953925602090e-45
6.068000000000000000e+03 1.580798123161431393e-45
6.069000000000000000e+03 2.084720935644898485e-45
6.070000000000000000e+03 2.070725882277563486e-45
6.071000000000000000e+03 1.835196666238694085e-45
6.072000000000000000e+03 1.963284177333180675e-45
6.073000000000000000e+03 3.749550136176193099e-44
6.074000000000000000e+03 4.088459185717299272e-44
6.075000000000000000e+03 5.457965012191751394e-45
6.076000000000000000e+03 6.752525728923142914e-45
6.077000000000000000e+03 2.174467178471382402e-45
6.078000000000000000e+03 1.323142822250437912e-45
6.079000000000000000e+03 1.372572351677145997e-45
6.080000000000000000e+03 1.557212810913719661e-45
6.081000000000000000e+03 1.658794051975004751e-45
6.082000000000000000e+03 1.921465506395405322e-45
6.083000000000000000e+03 1.873108756925800959e-45
6.084000000000000000e+03 5.029326638338684020e-45
6.085000000000000000e+03 1.325339770170843181e-44
6.086000000000000000e+03 4.604089924745365903e-45
6.087000000000000000e+03 2.312500461075770553e-45
6.088000000000000000e+03 2.613112323224044174e-45
6.089000000000000000e+03 1.733277858461583532e-45
6.090000000000000000e+03 1.589351962550032699e-45
6.091000000000000000e+03 1.354517658202551460e-45
6.092000000000000000e+03 1.424150732404809385e-45
6.093000000000000000e+03 1.577354277032680721e-45
6.094000000000000000e+03 1.670010320704075363e-45
6.095000000000000000e+03 3.206985755946054306e-45
6.096000000000000000e+03 4.331219806141808034e-45
6.097000000000000000e+03 1.908274020670127706e-45
6.098000000000000000e+03 1.761134926532059366e-45
6.099000000000000000e+03 1.451346048655562533e-45
6.100000000000000000e+03 1.636183251678366791e-45
6.101000000000000000e+03 2.479038595412428428e-45
6.102000000000000000e+03 1.676649580106237788e-45
6.103000000000000000e+03 1.661199806176098227e-45
6.104000000000000000e+03 1.502125637158266238e-45
6.105000000000000000e+03 1.689774045519910819e-45
6.106000000000000000e+03 1.737472030179412219e-45
6.107000000000000000e+03 1.571520418995669440e-45
6.108000000000000000e+03 1.529734673898705142e-45
6.109000000000000000e+03 1.455095485757958332e-45
6.110000000000000000e+03 1.565111364158397121e-45
6.111000000000000000e+03 1.429491085557799022e-45
6.112000000000000000e+03 1.641227083940152297e-45
6.113000000000000000e+03 2.150857521124914520e-45
6.114000000000000000e+03 1.794431825831930212e-45
6.115000000000000000e+03 1.660650348366208516e-45
6.116000000000000000e+03 1.849193672279779457e-45
6.117000000000000000e+03 1.688509773072000521e-45
6.118000000000000000e+03 1.784972647816715043e-45
6.119000000000000000e+03 2.164365718295407303e-45
6.120000000000000000e+03 1.621968131827185135e-45
6.121000000000000000e+03 1.540939765386158588e-45
6.122000000000000000e+03 1.783218364252919377e-45
6.123000000000000000e+03 1.441807956059255051e-45
6.124000000000000000e+03 1.205718657293386659e-45
6.125000000000000000e+03 1.353057535660799257e-45
6.126000000000000000e+03 1.827953963983313472e-45
6.127000000000000000e+03 1.188533648585584699e-45
6.128000000000000000e+03 1.481220619405908012e-45
6.129000000000000000e+03 1.693108048231903694e-45
6.130000000000000000e+03 1.227215509411411301e-45
6.131000000000000000e+03 1.488580502389867886e-45
6.132000000000000000e+03 1.653421135063702247e-45
6.133000000000000000e+03 1.735783108292380782e-45
6.134000000000000000e+03 1.666268032803732527e-45
6.135000000000000000e+03 1.489476209400040905e-45
6.136000000000000000e+03 1.760163571482210643e-45
6.137000000000000000e+03 1.798931662347237448e-45
6.138000000000000000e+03 1.667149186626091275e-45
6.139000000000000000e+03 1.533979312076274594e-45
6.140000000000000000e+03 1.408823595222828883e-45
6.141000000000000000e+03 1.599980925223830222e-45
6.142000000000000000e+03 1.938322555353202097e-45
6.143000000000000000e+03 1.785524407380833994e-45
6.144000000000000000e+03 2.187397818335582785e-45
6.145000000000000000e+03 2.598140443825921636e-45
6.146000000000000000e+03 3.173542758670684186e-45
6.147000000000000000e+03 3.446891548654841983e-45
6.148000000000000000e+03 1.575490954332320645e-45
6.149000000000000000e+03 1.845510936875655060e-45
6.150000000000000000e+03 3.394239115307530224e-45
6.151000000000000000e+03 6.340602993884984830e-45
6.152000000000000000e+03 4.306235964074019248e-45
6.153000000000000000e+03 3.191478812611756812e-45
6.154000000000000000e+03 2.450833902186642955e-45
6.155000000000000000e+03 1.684729341207366414e-45
6.156000000000000000e+03 2.142258094498869793e-45
6.157000000000000000e+03 2.095051579001361308e-45
6.158000000000000000e+03 1.988125833488385096e-45
6.159000000000000000e+03 3.293902299321129481e-45
6.160000000000000000e+03 1.990925145083062859e-45
6.161000000000000000e+03 1.558969165337982779e-45
6.162000000000000000e+03 1.644397569858044894e-45
6.163000000000000000e+03 1.544376140017757335e-45
6.164000000000000000e+03 1.674807901250634365e-45
6.165000000000000000e+03 1.489550778706820095e-45
6.166000000000000000e+03 1.412549621855720645e-45
6.167000000000000000e+03 1.640371204738407954e-45
6.168000000000000000e+03 1.718153575140654229e-45
6.169000000000000000e+03 1.697943780291927405e-45
6.170000000000000000e+03 1.761858442714618621e-45
6.171000000000000000e+03 2.330999252260447984e-45
6.172000000000000000e+03 3.632401528959088685e-45
6.173000000000000000e+03 1.868710523737603506e-45
6.174000000000000000e+03 2.201096807077863502e-45
6.175000000000000000e+03 1.874673414000288499e-45
6.176000000000000000e+03 1.825415323227474526e-45
6.177000000000000000e+03 1.675782222379695991e-45
6.178000000000000000e+03 2.660255701484184379e-45
6.179000000000000000e+03 5.230788784896184567e-45
6.180000000000000000e+03 3.456558823049402444e-45
6.181000000000000000e+03 2.264909418191243275e-45
6.182000000000000000e+03 1.790065660296867302e-45
6.183000000000000000e+03 1.639503361269586429e-45
6.184000000000000000e+03 2.506546530272572739e-45
6.185000000000000000e+03 5.690220273236830706e-45
6.186000000000000000e+03 2.589385878296548836e-45
6.187000000000000000e+03 1.837062480964101925e-45
6.188000000000000000e+03 1.715487695923289665e-45
6.189000000000000000e+03 1.420919619908116156e-45
6.190000000000000000e+03 1.689012677157070370e-45
6.191000000000000000e+03 1.948650178563168708e-45
6.192000000000000000e+03 1.742186087708811657e-45
6.193000000000000000e+03 1.619968823682582393e-45
6.194000000000000000e+03 2.041042912328718402e-45
6.195000000000000000e+03 1.633854753579811946e-45
6.196000000000000000e+03 1.455865462993461559e-45
6.197000000000000000e+03 1.548382361401110139e-45
6.198000000000000000e+03 1.619355113495542628e-45
6.199000000000000000e+03 1.695883289022359296e-45
6.200000000000000000e+03 1.518404974810903710e-45
6.201000000000000000e+03 1.736014075586984632e-45
6.202000000000000000e+03 1.964196733049306752e-45
6.203000000000000000e+03 1.703496150736015285e-45
6.204000000000000000e+03 1.539043896470238212e-45
6.205000000000000000e+03 1.422892782208021834e-45
6.206000000000000000e+03 1.668441822201812152e-45
6.207000000000000000e+03 1.721403200973311022e-45
6.208000000000000000e+03 1.598505602183865275e-45
6.209000000000000000e+03 1.461485570189312133e-45
6.210000000000000000e+03 1.512492535943249559e-45
6.211000000000000000e+03 1.634532211584111672e-45
6.212000000000000000e+03 1.547513269300543806e-45
6.213000000000000000e+03 1.516287097460369410e-45
6.214000000000000000e+03 1.679064453079218799e-45
6.215000000000000000e+03 1.716938504021375403e-45
6.216000000000000000e+03 1.848613107829583928e-45
6.217000000000000000e+03 1.320170416627739290e-45
6.218000000000000000e+03 1.434549569197256563e-45
6.219000000000000000e+03 1.429507230202215580e-45
6.220000000000000000e+03 1.574131489230464228e-45
6.221000000000000000e+03 1.652181490628363056e-45
6.222000000000000000e+03 1.443598064786138786e-45
6.223000000000000000e+03 1.451310939861760831e-45
6.224000000000000000e+03 1.457180911936704272e-45
6.225000000000000000e+03 1.316040611355611809e-45
6.226000000000000000e+03 1.547075473206138741e-45
6.227000000000000000e+03 1.428665669634149557e-45
6.228000000000000000e+03 2.057913229851869750e-45
6.229000000000000000e+03 9.451724521704721842e-45
6.230000000000000000e+03 6.518112023150235636e-45
6.231000000000000000e+03 2.025628572862154415e-45
6.232000000000000000e+03 2.781312793596811834e-45
6.233000000000000000e+03 2.007563065073697508e-45
6.234000000000000000e+03 1.822993741101327954e-45
6.235000000000000000e+03 2.189267812442654401e-45
6.236000000000000000e+03 2.384033338316504534e-45
6.237000000000000000e+03 1.901596901375123206e-45
6.238000000000000000e+03 1.255129130681487874e-45
6.239000000000000000e+03 2.468059446258402296e-45
6.240000000000000000e+03 3.267403254610617913e-45
6.241000000000000000e+03 1.676737115988809953e-45
6.242000000000000000e+03 1.723943165146864234e-45
6.243000000000000000e+03 1.939202026616454625e-45
6.244000000000000000e+03 2.588318542935726069e-45
6.245000000000000000e+03 2.569224232946485899e-45
6.246000000000000000e+03 1.684459142196031027e-45
6.247000000000000000e+03 1.270039402522403904e-45
6.248000000000000000e+03 1.503902012597867777e-45
6.249000000000000000e+03 1.850095080823442354e-45
6.250000000000000000e+03 1.972563159561853851e-45
6.251000000000000000e+03 1.794016069945101931e-45
6.252000000000000000e+03 1.488789456348313332e-45
6.253000000000000000e+03 1.276283801409013692e-45
6.254000000000000000e+03 1.487209040598813417e-45
6.255000000000000000e+03 1.608358474654252318e-45
6.256000000000000000e+03 1.413932243625386965e-45
6.257000000000000000e+03 1.228564663584342085e-45
6.258000000000000000e+03 1.311565335484959327e-45
6.259000000000000000e+03 1.389361941109748391e-45
6.260000000000000000e+03 1.344837707172560327e-45
6.261000000000000000e+03 1.430919621005321555e-45
6.262000000000000000e+03 1.896444642425214609e-45
6.263000000000000000e+03 1.983630236632345583e-45
6.264000000000000000e+03 1.577623958687753388e-45
6.265000000000000000e+03 1.538018803145668811e-45
6.266000000000000000e+03 1.537749607869056590e-45
6.267000000000000000e+03 1.462291169266875486e-45
6.268000000000000000e+03 1.305122629124067636e-45
6.269000000000000000e+03 1.366955568799621251e-45
6.270000000000000000e+03 1.742727993018390382e-45
6.271000000000000000e+03 1.436331045948748928e-45
6.272000000000000000e+03 1.733284931995907776e-45
6.273000000000000000e+03 1.539244691934445292e-45
6.274000000000000000e+03 1.459422474979340442e-45
6.275000000000000000e+03 1.731939056929621816e-45
6.276000000000000000e+03 1.839344556894907049e-45
6.277000000000000000e+03 1.537274882600098710e-45
6.278000000000000000e+03 1.426791716611572002e-45
6.279000000000000000e+03 1.731133673929668761e-45
6.280000000000000000e+03 1.753493905194159203e-45
6.281000000000000000e+03 1.525217275355480076e-45
6.282000000000000000e+03 1.812793142093979639e-45
6.283000000000000000e+03 1.720334666689310488e-45
6.284000000000000000e+03 1.965432035192011557e-45
6.285000000000000000e+03 1.904702951292812231e-45
6.286000000000000000e+03 1.856564598579924356e-45
6.287000000000000000e+03 1.441897304833876109e-45
6.288000000000000000e+03 1.478989942910109786e-45
6.289000000000000000e+03 1.473910460981627008e-45
6.290000000000000000e+03 1.579110575546002019e-45
6.291000000000000000e+03 1.342099415810056148e-45
6.292000000000000000e+03 1.489122580575588596e-45
6.293000000000000000e+03 1.364277218534962831e-45
6.294000000000000000e+03 1.489535121474186959e-45
6.295000000000000000e+03 1.537790616266018396e-45
6.296000000000000000e+03 1.944621895006025721e-45
6.297000000000000000e+03 1.900433114765111818e-45
6.298000000000000000e+03 2.621116259892981834e-45
6.299000000000000000e+03 3.711914590814655090e-45
6.300000000000000000e+03 2.453556246206698055e-45
6.301000000000000000e+03 2.046352253771345876e-45
6.302000000000000000e+03 2.104297286445428736e-45
6.303000000000000000e+03 2.054625466727843855e-45
6.304000000000000000e+03 1.769979160920415740e-45
6.305000000000000000e+03 1.738495653716857631e-45
6.306000000000000000e+03 1.688111412929805874e-45
6.307000000000000000e+03 1.617313869567032875e-45
6.308000000000000000e+03 2.010197582325578057e-45
6.309000000000000000e+03 1.850232384174706119e-45
6.310000000000000000e+03 1.629661059709257922e-45
6.311000000000000000e+03 1.621653062759685417e-45
6.312000000000000000e+03 1.518238026629130958e-45
6.313000000000000000e+03 1.600070848904444576e-45
6.314000000000000000e+03 1.945992697015768279e-45
6.315000000000000000e+03 2.186224607187716558e-45
6.316000000000000000e+03 2.063044658004816952e-45
6.317000000000000000e+03 1.926045982453882535e-45
6.318000000000000000e+03 1.627927307602452069e-45
6.319000000000000000e+03 1.591114678355240167e-45
6.320000000000000000e+03 1.615577039550593126e-45
6.321000000000000000e+03 1.538372715666242840e-45
6.322000000000000000e+03 1.628016818282539196e-45
6.323000000000000000e+03 1.676401966574286726e-45
6.324000000000000000e+03 1.543768732219660119e-45
6.325000000000000000e+03 1.358440969770496640e-45
6.326000000000000000e+03 1.474782205911758381e-45
6.327000000000000000e+03 1.455870738828435277e-45
6.328000000000000000e+03 1.718032227156879646e-45
6.329000000000000000e+03 1.873863638828678164e-45
6.330000000000000000e+03 1.605414197748363119e-45
6.331000000000000000e+03 1.736026171319553440e-45
6.332000000000000000e+03 1.621522981265088100e-45
6.333000000000000000e+03 1.351208837393145663e-45
6.334000000000000000e+03 1.675495255991009770e-45
6.335000000000000000e+03 1.519825040822747547e-45
6.336000000000000000e+03 1.406379238695573476e-45
6.337000000000000000e+03 1.827636369715507808e-45
6.338000000000000000e+03 1.669991589095151772e-45
6.339000000000000000e+03 1.720214012294208462e-45
6.340000000000000000e+03 1.774597704533812725e-45
6.341000000000000000e+03 1.915245040437043234e-45
6.342000000000000000e+03 1.967646291339528610e-45
6.343000000000000000e+03 1.426119293914640788e-45
6.344000000000000000e+03 1.504294498921341023e-45
6.345000000000000000e+03 1.820255745280255163e-45
6.346000000000000000e+03 1.900542356510323563e-45
6.347000000000000000e+03 1.634571664041245908e-45
6.348000000000000000e+03 1.795741542194704181e-45
6.349000000000000000e+03 2.045029097394301190e-45
6.350000000000000000e+03 1.827388988180628339e-45
6.351000000000000000e+03 1.627193637443527145e-45
6.352000000000000000e+03 1.440764563521821124e-45
6.353000000000000000e+03 1.438191737116935683e-45
6.354000000000000000e+03 1.478941075750659210e-45
6.355000000000000000e+03 1.769821855091786507e-45
6.356000000000000000e+03 1.941865803729554144e-45
6.357000000000000000e+03 1.973397549629642862e-45
6.358000000000000000e+03 2.927801801481972260e-45
6.359000000000000000e+03 6.786527430500925642e-45
6.360000000000000000e+03 4.108892072837218801e-45
6.361000000000000000e+03 1.815986071516893073e-45
6.362000000000000000e+03 1.797542462675462665e-45
6.363000000000000000e+03 1.555457407727068012e-45
6.364000000000000000e+03 1.566407169965563262e-45
6.365000000000000000e+03 1.578983279186384230e-45
6.366000000000000000e+03 1.741953440340263360e-45
6.367000000000000000e+03 1.591685234839899031e-45
6.368000000000000000e+03 1.646595303851966883e-45
6.369000000000000000e+03 1.825176554040586907e-45
6.370000000000000000e+03 1.666065461680108027e-45
6.371000000000000000e+03 1.343777683909666275e-45
6.372000000000000000e+03 1.474502294308553158e-45
6.373000000000000000e+03 1.844759247017543879e-45
6.374000000000000000e+03 1.713895833731356444e-45
6.375000000000000000e+03 1.393333146950403686e-45
6.376000000000000000e+03 1.677182555957657710e-45
6.377000000000000000e+03 1.515824092432598665e-45
6.378000000000000000e+03 1.324610875013218254e-45
6.379000000000000000e+03 1.755538092552341555e-45
6.380000000000000000e+03 1.878713828918339983e-45
6.381000000000000000e+03 1.702078595324048906e-45
6.382000000000000000e+03 1.902854918378426966e-45
6.383000000000000000e+03 1.793212687445573883e-45
6.384000000000000000e+03 1.857903913324896958e-45
6.385000000000000000e+03 1.617212365214673904e-45
6.386000000000000000e+03 1.662881160605108836e-45
6.387000000000000000e+03 1.442598386620053502e-45
6.388000000000000000e+03 1.449896141136999865e-45
6.389000000000000000e+03 1.352416850271150490e-45
6.390000000000000000e+03 1.527947248257233072e-45
6.391000000000000000e+03 1.574345459395663443e-45
6.392000000000000000e+03 1.562119439036212622e-45
6.393000000000000000e+03 1.605103263502683221e-45
6.394000000000000000e+03 1.705217008757073074e-45
6.395000000000000000e+03 1.601436039488323072e-45
6.396000000000000000e+03 1.447722884269083153e-45
6.397000000000000000e+03 1.739962687200229472e-45
6.398000000000000000e+03 1.821408714957595686e-45
6.399000000000000000e+03 1.687387902478049080e-45
6.400000000000000000e+03 1.629122682907465328e-45
6.401000000000000000e+03 1.653481815519019344e-45
6.402000000000000000e+03 1.668923568464345241e-45
6.403000000000000000e+03 1.707221265944760839e-45
6.404000000000000000e+03 1.813599327336854631e-45
6.405000000000000000e+03 2.142880070421315136e-45
6.406000000000000000e+03 1.994472545426690393e-45
6.407000000000000000e+03 1.668752106725237835e-45
6.408000000000000000e+03 1.649941382343879418e-45
6.409000000000000000e+03 1.311025539596928066e-45
6.410000000000000000e+03 1.438967649478451437e-45
6.411000000000000000e+03 1.630594574416486254e-45
6.412000000000000000e+03 1.523106256199331908e-45
6.413000000000000000e+03 1.752427382184912258e-45
6.414000000000000000e+03 1.784546725218019203e-45
6.415000000000000000e+03 1.601171593698892555e-45
6.416000000000000000e+03 1.963303025055608870e-45
6.417000000000000000e+03 2.027596570949247316e-45
6.418000000000000000e+03 1.716194831941539202e-45
6.419000000000000000e+03 1.364192656013009994e-45
6.420000000000000000e+03 1.521363679972108870e-45
6.421000000000000000e+03 1.886597004330206599e-45
6.422000000000000000e+03 1.575941677106318438e-45
6.423000000000000000e+03 1.110682221043119977e-45
6.424000000000000000e+03 1.816316371866665273e-45
6.425000000000000000e+03 1.866960317222259649e-45
6.426000000000000000e+03 1.834938028607455070e-45
6.427000000000000000e+03 1.910373381099688104e-45
6.428000000000000000e+03 1.758851298441775903e-45
6.429000000000000000e+03 1.893127794319735025e-45
6.430000000000000000e+03 1.982473856147559756e-45
6.431000000000000000e+03 1.607391270960106656e-45
6.432000000000000000e+03 1.665856921748361916e-45
6.433000000000000000e+03 1.740846380931642948e-45
6.434000000000000000e+03 1.638392286995363668e-45
6.435000000000000000e+03 1.654235608891309915e-45
6.436000000000000000e+03 1.493379689718644301e-45
6.437000000000000000e+03 1.506415736233243958e-45
6.438000000000000000e+03 1.677707505408401776e-45
6.439000000000000000e+03 1.462677833088923785e-45
6.440000000000000000e+03 1.452132384766634372e-45
6.441000000000000000e+03 1.561163392362042343e-45
6.442000000000000000e+03 1.685921187716232081e-45
6.443000000000000000e+03 1.863544794945683370e-45
6.444000000000000000e+03 1.878610155398489488e-45
6.445000000000000000e+03 1.968747956461399158e-45
6.446000000000000000e+03 1.899315968292031509e-45
6.447000000000000000e+03 1.420024492635111180e-45
6.448000000000000000e+03 1.604561016842902812e-45
6.449000000000000000e+03 1.658123658297165561e-45
6.450000000000000000e+03 1.446600282687930807e-45
6.451000000000000000e+03 1.290684573034164842e-45
6.452000000000000000e+03 1.429559004548761010e-45
6.453000000000000000e+03 1.721462761511878727e-45
6.454000000000000000e+03 1.918737333830482882e-45
6.455000000000000000e+03 1.596789731878107796e-45
6.456000000000000000e+03 1.946766912889282993e-45
6.457000000000000000e+03 1.600919200029125078e-45
6.458000000000000000e+03 1.624195681391414374e-45
6.459000000000000000e+03 1.808733151811529457e-45
6.460000000000000000e+03 2.031900904679261813e-45
6.461000000000000000e+03 1.766106594733172903e-45
6.462000000000000000e+03 1.824997634531537272e-45
6.463000000000000000e+03 1.592350546564680245e-45
6.464000000000000000e+03 1.366991928082942714e-45
6.465000000000000000e+03 1.300500170910028005e-45
6.466000000000000000e+03 1.250499875430162628e-45
6.467000000000000000e+03 1.819896652537970508e-45
6.468000000000000000e+03 2.111795124367961070e-45
6.469000000000000000e+03 2.230321124264210598e-45
6.470000000000000000e+03 1.910949990707128990e-45
6.471000000000000000e+03 1.937542723269402399e-45
6.472000000000000000e+03 2.223693130455172112e-45
6.473000000000000000e+03 1.893526692046559699e-45
6.474000000000000000e+03 1.750557299626342771e-45
6.475000000000000000e+03 1.886963498982080733e-45
6.476000000000000000e+03 2.424045303838786232e-45
6.477000000000000000e+03 2.165324225861411358e-45
6.478000000000000000e+03 3.360747209209223971e-45
6.479000000000000000e+03 5.946463042141750362e-45
6.480000000000000000e+03 4.398442152207918139e-45
6.481000000000000000e+03 2.485880855971408274e-45
6.482000000000000000e+03 1.984618431930611586e-45
6.483000000000000000e+03 2.040234326466844262e-45
6.484000000000000000e+03 2.044563889543453571e-45
6.485000000000000000e+03 1.800809756867132386e-45
6.486000000000000000e+03 1.867513695094348711e-45
6.487000000000000000e+03 1.595610662771977633e-45
6.488000000000000000e+03 1.928004865698726956e-45
6.489000000000000000e+03 1.953320194701649969e-45
6.490000000000000000e+03 1.477031903637682250e-45
6.491000000000000000e+03 1.760393042822740166e-45
6.492000000000000000e+03 2.072087162806532306e-45
6.493000000000000000e+03 1.833855063511845558e-45
6.494000000000000000e+03 1.670268867568824642e-45
6.495000000000000000e+03 1.575459684594798082e-45
6.496000000000000000e+03 1.529254527086218794e-45
6.497000000000000000e+03 1.250139493597795192e-45
6.498000000000000000e+03 1.417934327517424995e-45
6.499000000000000000e+03 1.854050957111173063e-45
6.500000000000000000e+03 1.496820540324259717e-45
6.501000000000000000e+03 2.822892956533244648e-45
6.502000000000000000e+03 1.127227184600216436e-44
6.503000000000000000e+03 6.955280615687850351e-45
6.504000000000000000e+03 1.794446701914519957e-45
6.505000000000000000e+03 1.779171209249816266e-45
6.506000000000000000e+03 1.923080092388896082e-45
6.507000000000000000e+03 1.441262481246043630e-45
6.508000000000000000e+03 1.548689638203985072e-45
6.509000000000000000e+03 1.431590615374598383e-45
6.510000000000000000e+03 1.468404086543965799e-45
6.511000000000000000e+03 1.520172110355851844e-45
6.512000000000000000e+03 1.835191053444472663e-45
6.513000000000000000e+03 1.921172810126993561e-45
6.514000000000000000e+03 1.736567915255191567e-45
6.515000000000000000e+03 1.675722222483793370e-45
6.516000000000000000e+03 1.815933669088595141e-45
6.517000000000000000e+03 1.501151073016469682e-45
6.518000000000000000e+03 1.472912980592718397e-45
6.519000000000000000e+03 1.679757154406562318e-45
6.520000000000000000e+03 2.207960619965204564e-45
6.521000000000000000e+03 1.930427885475756058e-45
6.522000000000000000e+03 1.707477816424305995e-45
6.523000000000000000e+03 1.853477809088396486e-45
6.524000000000000000e+03 1.785093293538314036e-45
6.525000000000000000e+03 1.714887745925842770e-45
6.526000000000000000e+03 1.566643010670297003e-45
6.527000000000000000e+03 1.776524984844102244e-45
6.528000000000000000e+03 1.775407845249632806e-45
6.529000000000000000e+03 1.852887963727515083e-45
6.530000000000000000e+03 1.597570065335963499e-45
6.531000000000000000e+03 1.593945871199477943e-45
6.532000000000000000e+03 1.713153349817755601e-45
6.533000000000000000e+03 1.533026724071432207e-45
6.534000000000000000e+03 1.457753362171592880e-45
6.535000000000000000e+03 1.989923105064498222e-45
6.536000000000000000e+03 2.195172508514342055e-45
6.537000000000000000e+03 2.046082535189821556e-45
6.538000000000000000e+03 2.984635586463341836e-45
6.539000000000000000e+03 4.813368997162939306e-45
6.540000000000000000e+03 3.570383835322135361e-45
6.541000000000000000e+03 3.522432715657415340e-45
6.542000000000000000e+03 2.612360866232081341e-45
6.543000000000000000e+03 2.397417334313571223e-45
6.544000000000000000e+03 2.340389069527191423e-45
6.545000000000000000e+03 1.735039752692625949e-45
6.546000000000000000e+03 1.673144968193365035e-45
6.547000000000000000e+03 1.452244430711080243e-45
6.548000000000000000e+03 1.361100399521295721e-45
6.549000000000000000e+03 1.435341887488705140e-45
6.550000000000000000e+03 1.503234051787938439e-45
6.551000000000000000e+03 1.661317588177698219e-45
6.552000000000000000e+03 1.649864113483831514e-45
6.553000000000000000e+03 1.630310995959179498e-45
6.554000000000000000e+03 1.569344795334277965e-45
6.555000000000000000e+03 5.304369366076176436e-45
6.556000000000000000e+03 1.236937802059822748e-44
6.557000000000000000e+03 3.055369206245847078e-45
6.558000000000000000e+03 1.369667065159666043e-45
6.559000000000000000e+03 1.594407794464988027e-45
6.560000000000000000e+03 1.392799541750045662e-45
6.561000000000000000e+03 1.236309416413218221e-45
6.562000000000000000e+03 1.436480890974290368e-45
6.563000000000000000e+03 1.478588252356201308e-45
6.564000000000000000e+03 1.851140253080034227e-45
6.565000000000000000e+03 1.660838422936195976e-45
6.566000000000000000e+03 1.595925974873078362e-45
6.567000000000000000e+03 1.614805523490030131e-45
6.568000000000000000e+03 1.598484700572825263e-45
6.569000000000000000e+03 1.588540370874096370e-45
6.570000000000000000e+03 1.555817036638325128e-45
6.571000000000000000e+03 1.613262089099273206e-45
6.572000000000000000e+03 1.828626593337472191e-45
6.573000000000000000e+03 1.202934775295307895e-45
6.574000000000000000e+03 1.401911624275451856e-45
6.575000000000000000e+03 1.614264448177331351e-45
6.576000000000000000e+03 1.611584812830068391e-45
6.577000000000000000e+03 1.711877975230307480e-45
6.578000000000000000e+03 1.636660032187216340e-45
6.579000000000000000e+03 1.272007742960557547e-45
6.580000000000000000e+03 1.209470089489748093e-45
6.581000000000000000e+03 1.492286449654476736e-45
6.582000000000000000e+03 1.617300420259611402e-45
6.583000000000000000e+03 1.326333133319689061e-45
6.584000000000000000e+03 1.328578977885068333e-45
6.585000000000000000e+03 1.610070280273846360e-45
6.586000000000000000e+03 1.362742019166857854e-45
6.587000000000000000e+03 1.298211608578628448e-45
6.588000000000000000e+03 1.650790698109242886e-45
6.589000000000000000e+03 1.721145713278307634e-45
6.590000000000000000e+03 1.543480052461600801e-45
6.591000000000000000e+03 1.409264195760351466e-45
6.592000000000000000e+03 1.578877784616184311e-45
6.593000000000000000e+03 1.897268011502579769e-45
6.594000000000000000e+03 1.954691090594343733e-45
6.595000000000000000e+03 1.800707728306856994e-45
6.596000000000000000e+03 1.787599416563173754e-45
6.597000000000000000e+03 1.895272821945807246e-45
6.598000000000000000e+03 1.743633123750918537e-45
6.599000000000000000e+03 1.798520823851845153e-45
6.600000000000000000e+03 1.563081645146307554e-45
6.601000000000000000e+03 1.486636917919559813e-45
6.602000000000000000e+03 1.632515119947271258e-45
6.603000000000000000e+03 1.444376935472977961e-45
6.604000000000000000e+03 1.739262323332457285e-45
6.605000000000000000e+03 1.862941628688430152e-45
6.606000000000000000e+03 1.629932640150088634e-45
6.607000000000000000e+03 1.511314610971946852e-45
6.608000000000000000e+03 1.494903548985737074e-45
6.609000000000000000e+03 1.648794358016381181e-45
6.610000000000000000e+03 1.568009102410203371e-45
6.611000000000000000e+03 1.659493639495821648e-45
6.612000000000000000e+03 1.644328326789487880e-45
6.613000000000000000e+03 1.696615186132441311e-45
6.614000000000000000e+03 1.734554018974778456e-45
6.615000000000000000e+03 1.844941834227763486e-45
6.616000000000000000e+03 1.595014305187608904e-45
6.617000000000000000e+03 1.862588618461037668e-45
6.618000000000000000e+03 1.767164280885680267e-45
6.619000000000000000e+03 1.547409750217624708e-45
6.620000000000000000e+03 1.520440241907234205e-45
6.621000000000000000e+03 1.277138429162930949e-45
6.622000000000000000e+03 1.196993343898948331e-45
6.623000000000000000e+03 1.534342042606502526e-45
6.624000000000000000e+03 1.529817277946661584e-45
6.625000000000000000e+03 1.723818617777602533e-45
6.626000000000000000e+03 1.617138369282194857e-45
6.627000000000000000e+03 2.318021882175730214e-45
6.628000000000000000e+03 2.728034249053799026e-45
6.629000000000000000e+03 1.684547248065136445e-45
6.630000000000000000e+03 1.661659692599554447e-45
6.631000000000000000e+03 1.714911695961072503e-45
6.632000000000000000e+03 2.218560977971241112e-45
6.633000000000000000e+03 2.296235193016321676e-45
6.634000000000000000e+03 1.785486936548386147e-45
6.635000000000000000e+03 1.498153732607359784e-45
6.636000000000000000e+03 1.692958163410626053e-45
6.637000000000000000e+03 2.142296557084560520e-45
6.638000000000000000e+03 1.569107881957738887e-45
6.639000000000000000e+03 1.366635194636922962e-45
6.640000000000000000e+03 1.532379042439877495e-45
6.641000000000000000e+03 1.535389376035597538e-45
6.642000000000000000e+03 1.604312340555854812e-45
6.643000000000000000e+03 1.777559370643538892e-45
6.644000000000000000e+03 2.026825127417356734e-45
6.645000000000000000e+03 1.634719606390246131e-45
6.646000000000000000e+03 1.712701876148547311e-45
6.647000000000000000e+03 1.730416317987731953e-45
6.648000000000000000e+03 1.985054728508988881e-45
6.649000000000000000e+03 1.866074026196896720e-45
6.650000000000000000e+03 1.528250364099782628e-45
6.651000000000000000e+03 1.556642569546250790e-45
6.652000000000000000e+03 1.706355667317419909e-45
6.653000000000000000e+03 1.541914233950137102e-45
6.654000000000000000e+03 1.924410917159599145e-45
6.655000000000000000e+03 2.060452164297953124e-45
6.656000000000000000e+03 1.940919154170433165e-45
6.657000000000000000e+03 1.737094505278050356e-45
6.658000000000000000e+03 3.240345852696335152e-45
6.659000000000000000e+03 7.137431787366045193e-45
6.660000000000000000e+03 4.427822182673743527e-45
6.661000000000000000e+03 2.896874757725744409e-45
6.662000000000000000e+03 2.347860888804461811e-45
6.663000000000000000e+03 1.777231376076488209e-45
6.664000000000000000e+03 1.843391785920395418e-45
6.665000000000000000e+03 1.512717528694932915e-45
6.666000000000000000e+03 1.225230436639796165e-45
6.667000000000000000e+03 1.465672463570585914e-45
6.668000000000000000e+03 1.551550932978445867e-45
6.669000000000000000e+03 1.489291831062357310e-45
6.670000000000000000e+03 1.202421778916894385e-45
6.671000000000000000e+03 1.356350175584560368e-45
6.672000000000000000e+03 1.856092943810506037e-45
6.673000000000000000e+03 1.788606754434170795e-45
6.674000000000000000e+03 1.622946896106435100e-45
6.675000000000000000e+03 1.666397436241053528e-45
6.676000000000000000e+03 1.515645738298121961e-45
6.677000000000000000e+03 1.502158555745177530e-45
6.678000000000000000e+03 1.454485908973081910e-45
6.679000000000000000e+03 1.695853115348787856e-45
6.680000000000000000e+03 1.522125743707531660e-45
6.681000000000000000e+03 1.393840929669503956e-45
6.682000000000000000e+03 1.466177866454049606e-45
6.683000000000000000e+03 1.454803401467645859e-45
6.684000000000000000e+03 1.613552259985622480e-45
6.685000000000000000e+03 1.669280800554224109e-45
6.686000000000000000e+03 1.891445909765680986e-45
6.687000000000000000e+03 1.845856714671338667e-45
6.688000000000000000e+03 1.515023301976983811e-45
6.689000000000000000e+03 1.566750171533874296e-45
6.690000000000000000e+03 1.817174841868791668e-45
6.691000000000000000e+03 1.514617663157192795e-45
6.692000000000000000e+03 1.640695093982852039e-45
6.693000000000000000e+03 1.354893553537337713e-45
6.694000000000000000e+03 1.650609610374004352e-45
6.695000000000000000e+03 1.773603798300101957e-45
6.696000000000000000e+03 1.553883670515150390e-45
6.697000000000000000e+03 1.382735378557510979e-45
6.698000000000000000e+03 1.300798464224454628e-45
6.699000000000000000e+03 1.383042194442650691e-45
6.700000000000000000e+03 1.706789744785411312e-45
6.701000000000000000e+03 1.489700588654824040e-45
6.702000000000000000e+03 1.739984677249743979e-45
6.703000000000000000e+03 2.093817801730063185e-45
6.704000000000000000e+03 1.913528425461051407e-45
6.705000000000000000e+03 1.856527091165709583e-45
6.706000000000000000e+03 2.047327708795052669e-45
6.707000000000000000e+03 1.978541765793998106e-45
6.708000000000000000e+03 1.325302456101348641e-45
6.709000000000000000e+03 1.552100114773227476e-45
6.710000000000000000e+03 1.340492920355153947e-45
6.711000000000000000e+03 1.529516793984127632e-45
6.712000000000000000e+03 3.136817237175133330e-45
6.713000000000000000e+03 5.428342414673283510e-45
6.714000000000000000e+03 3.131926628484698107e-45
6.715000000000000000e+03 1.909292120977368190e-45
6.716000000000000000e+03 1.711750367136651288e-45
6.717000000000000000e+03 1.933693181701766512e-45
6.718000000000000000e+03 2.576893113895740988e-45
6.719000000000000000e+03 3.532867166538768410e-45
6.720000000000000000e+03 2.156224885281148539e-45
6.721000000000000000e+03 1.363284847670151826e-45
6.722000000000000000e+03 1.702104882145462098e-45
6.723000000000000000e+03 1.701102680370850034e-45
6.724000000000000000e+03 1.500377202444107357e-45
6.725000000000000000e+03 1.265720625849382882e-45
6.726000000000000000e+03 1.434980886780291079e-45
6.727000000000000000e+03 1.385412876232358363e-45
6.728000000000000000e+03 1.268162964777631230e-45
6.729000000000000000e+03 1.404970037938059062e-45
6.730000000000000000e+03 1.259064089874814828e-45
6.731000000000000000e+03 1.312853499760434579e-45
6.732000000000000000e+03 1.310020310572654367e-45
6.733000000000000000e+03 1.713380319021840682e-45
6.734000000000000000e+03 1.620642623785581879e-45
6.735000000000000000e+03 1.147745021017867383e-45
6.736000000000000000e+03 1.191750607960624138e-45
6.737000000000000000e+03 1.444041829338918625e-45
6.738000000000000000e+03 1.283598475597576914e-45
6.739000000000000000e+03 1.454128699551771460e-45
6.740000000000000000e+03 1.693916030237840159e-45
6.741000000000000000e+03 1.668707149843839639e-45
6.742000000000000000e+03 1.383038009660277609e-45
6.743000000000000000e+03 1.684593043570742845e-45
6.744000000000000000e+03 1.636657564461121879e-45
6.745000000000000000e+03 1.456459988138482660e-45
6.746000000000000000e+03 1.649108605105436416e-45
6.747000000000000000e+03 1.571736633023842017e-45
6.748000000000000000e+03 1.663619644053096854e-45
6.749000000000000000e+03 1.580252855179386354e-45
6.750000000000000000e+03 1.611747249342495270e-45
6.751000000000000000e+03 1.433080741923323040e-45
6.752000000000000000e+03 1.325122417329151042e-45
6.753000000000000000e+03 1.606820922472627704e-45
6.754000000000000000e+03 1.740002933548554508e-45
6.755000000000000000e+03 1.385300745246106438e-45
6.756000000000000000e+03 1.634221407389534395e-45
6.757000000000000000e+03 1.859754661820187529e-45
6.758000000000000000e+03 1.405942066320702018e-45
6.759000000000000000e+03 1.540315850803031441e-45
6.760000000000000000e+03 1.440814199745431277e-45
6.761000000000000000e+03 1.308833979365038281e-45
6.762000000000000000e+03 1.522926162608313935e-45
6.763000000000000000e+03 1.681986214554390702e-45
6.764000000000000000e+03 1.580092597855292225e-45
6.765000000000000000e+03 1.227861747140220639e-45
6.766000000000000000e+03 1.136412837745155548e-45
6.767000000000000000e+03 1.366581496990105134e-45
6.768000000000000000e+03 1.517379398101891906e-45
6.769000000000000000e+03 1.361353563177051097e-45
6.770000000000000000e+03 1.398843163397337380e-45
6.771000000000000000e+03 1.400518209494084984e-45
6.772000000000000000e+03 1.327959846193795175e-45
6.773000000000000000e+03 1.159576443444912135e-45
6.774000000000000000e+03 1.060297940379562881e-45
6.775000000000000000e+03 1.392118864788291273e-45
6.776000000000000000e+03 1.638908526398706713e-45
6.777000000000000000e+03 1.453907759540386816e-45
6.778000000000000000e+03 1.715424550262133643e-45
6.779000000000000000e+03 2.580135155608846600e-45
6.780000000000000000e+03 1.609352015962013641e-45
6.781000000000000000e+03 1.436794339585461167e-45
6.782000000000000000e+03 1.524470252900925488e-45
6.783000000000000000e+03 1.738281309574183897e-45
6.784000000000000000e+03 1.694445548199849627e-45
6.785000000000000000e+03 1.884244682044739710e-45
6.786000000000000000e+03 2.016245857207234326e-45
6.787000000000000000e+03 1.718610414645769700e-45
6.788000000000000000e+03 1.623450317003792746e-45
6.789000000000000000e+03 1.723039368896822919e-45
6.790000000000000000e+03 1.574152700660304523e-45
6.791000000000000000e+03 1.428198271504010789e-45
6.792000000000000000e+03 1.122412969575574816e-45
6.793000000000000000e+03 1.323392997510260783e-45
6.794000000000000000e+03 1.622294941578664800e-45
6.795000000000000000e+03 1.413401463324801193e-45
6.796000000000000000e+03 1.408909255829838144e-45
6.797000000000000000e+03 1.287712066751388454e-45
6.798000000000000000e+03 1.324676114251638826e-45
6.799000000000000000e+03 1.292790200993531994e-45
6.800000000000000000e+03 1.393312725165056552e-45
6.801000000000000000e+03 1.396437140787405249e-45
6.802000000000000000e+03 1.232071873194177651e-45
6.803000000000000000e+03 1.591448209356038427e-45
6.804000000000000000e+03 1.627082184270145724e-45
6.805000000000000000e+03 1.545832871906804404e-45
6.806000000000000000e+03 1.398563335799182464e-45
6.807000000000000000e+03 1.323563180268304425e-45
6.808000000000000000e+03 1.563126861613799308e-45
6.809000000000000000e+03 1.576773305539518079e-45
6.810000000000000000e+03 1.293620896563466555e-45
6.811000000000000000e+03 1.242144867965932642e-45
6.812000000000000000e+03 1.923179192439129465e-45
6.813000000000000000e+03 1.594600408448303873e-45
6.814000000000000000e+03 1.248170269967706849e-45
6.815000000000000000e+03 1.613356528001139818e-45
6.816000000000000000e+03 1.486796476057664468e-45
6.817000000000000000e+03 1.250245307934732127e-45
6.818000000000000000e+03 1.101374238547968893e-45
6.819000000000000000e+03 1.158430202418778874e-45
6.820000000000000000e+03 1.081694757861671222e-45
6.821000000000000000e+03 1.463292568301777946e-45
6.822000000000000000e+03 1.726087114020169232e-45
6.823000000000000000e+03 1.732502871937211167e-45
6.824000000000000000e+03 1.726062993174117029e-45
6.825000000000000000e+03 1.587265977507778792e-45
6.826000000000000000e+03 1.469138112374344605e-45
6.827000000000000000e+03 1.605244666395446757e-45
6.828000000000000000e+03 1.334029899824528007e-45
6.829000000000000000e+03 1.341686511327533945e-45
6.830000000000000000e+03 1.457593577035551184e-45
6.831000000000000000e+03 1.524421236246530874e-45
6.832000000000000000e+03 1.377374228569186031e-45
6.833000000000000000e+03 1.243550525961974024e-45
6.834000000000000000e+03 1.148846840393836982e-45
6.835000000000000000e+03 1.412099028830541573e-45
6.836000000000000000e+03 1.438463411885183088e-45
6.837000000000000000e+03 9.328888671390492048e-46
6.838000000000000000e+03 2.248387900278919775e-45
6.839000000000000000e+03 5.301675414990810700e-45
6.840000000000000000e+03 3.569198617788075261e-45
6.841000000000000000e+03 2.002659358945278167e-45
6.842000000000000000e+03 1.995132632703029433e-45
6.843000000000000000e+03 1.615337908567906611e-45
6.844000000000000000e+03 1.498771984933089076e-45
6.845000000000000000e+03 1.515587424769850427e-45
6.846000000000000000e+03 1.639922621308065495e-45
6.847000000000000000e+03 1.658180177704507044e-45
6.848000000000000000e+03 1.430971957938762435e-45
6.849000000000000000e+03 1.036969280502186424e-45
6.850000000000000000e+03 1.111640208602251187e-45
6.851000000000000000e+03 1.291135610736110422e-45
6.852000000000000000e+03 1.310855667255135867e-45
6.853000000000000000e+03 1.425384553335738476e-45
6.854000000000000000e+03 1.589716908930259155e-45
6.855000000000000000e+03 1.554325055452519317e-45
6.856000000000000000e+03 1.243686671295218272e-45
6.857000000000000000e+03 1.064451870114149103e-45
6.858000000000000000e+03 1.438573213877476988e-45
6.859000000000000000e+03 1.295618753857747730e-45
6.860000000000000000e+03 1.300314139590618083e-45
6.861000000000000000e+03 1.190550991002884845e-45
6.862000000000000000e+03 1.270393033274505982e-45
6.863000000000000000e+03 1.510669444401090615e-45
6.864000000000000000e+03 1.222707787885524305e-45
6.865000000000000000e+03 1.199510893194764541e-45
6.866000000000000000e+03 1.102480824470842628e-45
6.867000000000000000e+03 1.087100527879405775e-45
6.868000000000000000e+03 1.416495260848111455e-45
6.869000000000000000e+03 1.173313929426418883e-45
6.870000000000000000e+03 1.105293985223442352e-45
6.871000000000000000e+03 1.216079546111382296e-45
6.872000000000000000e+03 1.032508552320010339e-45
6.873000000000000000e+03 1.163952238837578631e-45
6.874000000000000000e+03 1.343366641634671264e-45
6.875000000000000000e+03 1.107661800827501670e-45
6.876000000000000000e+03 1.217502353756257500e-45
6.877000000000000000e+03 1.272273532482436378e-45
6.878000000000000000e+03 1.241341188954200249e-45
6.879000000000000000e+03 1.466255223749750962e-45
6.880000000000000000e+03 1.454185394440374033e-45
6.881000000000000000e+03 1.399338703241517838e-45
6.882000000000000000e+03 1.123093532272428231e-45
6.883000000000000000e+03 1.228967972354902748e-45
6.884000000000000000e+03 1.289629446404167972e-45
6.885000000000000000e+03 1.270830311538808809e-45
6.886000000000000000e+03 1.342896109627084177e-45
6.887000000000000000e+03 1.220297035432872877e-45
6.888000000000000000e+03 1.175334451586476072e-45
6.889000000000000000e+03 1.165512469791897188e-45
6.890000000000000000e+03 1.224682867125686021e-45
6.891000000000000000e+03 1.126219381422008721e-45
6.892000000000000000e+03 1.098851797257548979e-45
6.893000000000000000e+03 9.860682907095342885e-46
6.894000000000000000e+03 1.114134147980930085e-45
6.895000000000000000e+03 1.204406847538346406e-45
6.896000000000000000e+03 9.884553511774491140e-46
6.897000000000000000e+03 1.026676640496425221e-45
6.898000000000000000e+03 1.569159377224153877e-45
6.899000000000000000e+03 1.801398381959714395e-45
6.900000000000000000e+03 1.643371356391887626e-45
6.901000000000000000e+03 1.234702887908217144e-45
6.902000000000000000e+03 1.117217472661789840e-45
6.903000000000000000e+03 1.019441709705170351e-45
6.904000000000000000e+03 1.055887486270582009e-45
6.905000000000000000e+03 1.321627017863558157e-45
6.906000000000000000e+03 1.157281011769062935e-45
6.907000000000000000e+03 1.138555744517095324e-45
6.908000000000000000e+03 1.274533402644722153e-45
6.909000000000000000e+03 1.377270444498799139e-45
6.910000000000000000e+03 1.318850338662345987e-45
6.911000000000000000e+03 1.155411348439726900e-45
6.912000000000000000e+03 1.207221408904660854e-45
6.913000000000000000e+03 1.067055017271046778e-45
6.914000000000000000e+03 1.212735384053034984e-45
6.915000000000000000e+03 1.345934250167565494e-45
6.916000000000000000e+03 1.166583264744320801e-45
6.917000000000000000e+03 1.056967301521829704e-45
6.918000000000000000e+03 1.214458697943112490e-45
6.919000000000000000e+03 1.215787702957460635e-45
6.920000000000000000e+03 1.198575229530450971e-45
6.921000000000000000e+03 1.261276012563881416e-45
6.922000000000000000e+03 1.367988662707853278e-45
6.923000000000000000e+03 1.141943742649031574e-45
6.924000000000000000e+03 1.258243730554456497e-45
6.925000000000000000e+03 1.476212001478965201e-45
6.926000000000000000e+03 1.378097688146868654e-45
6.927000000000000000e+03 1.308545850736517630e-45
6.928000000000000000e+03 1.383604324084866638e-45
6.929000000000000000e+03 1.298571939803880513e-45
6.930000000000000000e+03 1.069295156647193800e-45
6.931000000000000000e+03 1.477653064095545009e-45
6.932000000000000000e+03 1.457853270205436234e-45
6.933000000000000000e+03 1.212735984267672036e-45
6.934000000000000000e+03 1.447766249051425234e-45
6.935000000000000000e+03 1.322603883740094715e-45
6.936000000000000000e+03 1.172842997130312399e-45
6.937000000000000000e+03 1.195062531886676880e-45
6.938000000000000000e+03 1.035673656265942568e-45
6.939000000000000000e+03 1.036484328841419469e-45
6.940000000000000000e+03 1.208133664526818639e-45
6.941000000000000000e+03 1.153143409783077530e-45
6.942000000000000000e+03 1.194774972667656346e-45
6.943000000000000000e+03 1.080705191485120577e-45
6.944000000000000000e+03 9.072185108743725641e-46
6.945000000000000000e+03 9.500696786064078598e-46
6.946000000000000000e+03 8.629536705459410301e-46
6.947000000000000000e+03 1.080337415686986103e-45
6.948000000000000000e+03 1.289993404317802531e-45
6.949000000000000000e+03 1.333006668194612104e-45
6.950000000000000000e+03 1.121845511040036819e-45
6.951000000000000000e+03 9.835274634036848724e-46
6.952000000000000000e+03 9.314358462758234527e-46
6.953000000000000000e+03 1.285730127522022965e-45
6.954000000000000000e+03 1.582970722423432447e-45
6.955000000000000000e+03 1.440851112780151512e-45
6.956000000000000000e+03 1.217615843197418467e-45
6.957000000000000000e+03 8.717931087313169695e-46
6.958000000000000000e+03 1.576534179117022933e-45
6.959000000000000000e+03 2.715372729405845325e-45
6.960000000000000000e+03 1.765594268515217102e-45
6.961000000000000000e+03 1.102915530978115982e-45
6.962000000000000000e+03 1.274172641682867474e-45
6.963000000000000000e+03 1.204137619094971197e-45
6.964000000000000000e+03 1.287646030704486793e-45
6.965000000000000000e+03 1.081580883809202304e-45
6.966000000000000000e+03 9.899358825918209968e-46
6.967000000000000000e+03 1.097927814348821200e-45
6.968000000000000000e+03 1.140059342612707610e-45
6.969000000000000000e+03 1.063314649996649370e-45
6.970000000000000000e+03 8.460293910414500491e-46
6.971000000000000000e+03 8.233650520405164471e-46
6.972000000000000000e+03 9.977091574222591997e-46
6.973000000000000000e+03 1.314011495389316049e-45
6.974000000000000000e+03 1.185506342289500793e-45
6.975000000000000000e+03 1.219508545160175849e-45
6.976000000000000000e+03 1.141592136639952958e-45
6.977000000000000000e+03 1.160644451446775800e-45
6.978000000000000000e+03 1.100245200637211805e-45
6.979000000000000000e+03 1.186706319406122887e-45
6.980000000000000000e+03 1.071357412005186709e-45
6.981000000000000000e+03 9.911075457157944315e-46
6.982000000000000000e+03 1.072173884947069646e-45
6.983000000000000000e+03 1.020518471414507528e-45
6.984000000000000000e+03 8.116066363818235506e-46
6.985000000000000000e+03 8.553158032908543638e-46
6.986000000000000000e+03 8.978665907429429708e-46
6.987000000000000000e+03 9.814417883258977225e-46
6.988000000000000000e+03 9.640885352766345948e-46
6.989000000000000000e+03 1.131158863952818242e-45
6.990000000000000000e+03 1.126811331376391617e-45
6.991000000000000000e+03 1.267990654205241251e-45
6.992000000000000000e+03 1.124254560169815266e-45
6.993000000000000000e+03 1.192656046957719660e-45
6.994000000000000000e+03 1.373243348010120810e-45
6.995000000000000000e+03 1.112934244091036564e-45
6.996000000000000000e+03 1.058260610216562147e-45
6.997000000000000000e+03 9.854662801034134435e-46
6.998000000000000000e+03 1.210449180729771143e-45
6.999000000000000000e+03 9.296164148101361328e-44
7.000000000000000000e+03 4.872971773395960509e-43
7.001000000000000000e+03 1.652761317110999714e-43
7.002000000000000000e+03 1.560679725972712503e-45
7.003000000000000000e+03 1.445356867328538478e-45
7.004000000000000000e+03 1.296855770831951699e-45
7.005000000000000000e+03 1.209079514331112515e-45
7.006000000000000000e+03 1.169872084578325695e-45
7.007000000000000000e+03 1.253003554627558973e-45
7.008000000000000000e+03 1.224040433917428263e-45
7.009000000000000000e+03 1.084841442836247031e-45
7.010000000000000000e+03 9.696058998156855827e-46
7.011000000000000000e+03 8.959631487447088578e-46
7.012000000000000000e+03 1.116086848629185924e-45
7.013000000000000000e+03 1.162791166291187077e-45
7.014000000000000000e+03 1.077488512710198305e-45
7.015000000000000000e+03 1.735457557683194890e-45
7.016000000000000000e+03 2.438015727952445959e-45
7.017000000000000000e+03 1.498005627017621104e-45
7.018000000000000000e+03 2.090388545612232823e-45
7.019000000000000000e+03 4.641781299981743902e-45
7.020000000000000000e+03 2.782587771933005730e-45
7.021000000000000000e+03 1.570775007891603597e-45
7.022000000000000000e+03 1.536198984059590104e-45
7.023000000000000000e+03 1.492930738080584616e-45
7.024000000000000000e+03 1.125351233012834485e-45
7.025000000000000000e+03 9.791047951111672600e-46
7.026000000000000000e+03 1.006869931045400484e-45
7.027000000000000000e+03 8.867555616797811856e-46
7.028000000000000000e+03 9.062240089432591057e-46
7.029000000000000000e+03 1.222155830156621629e-45
7.030000000000000000e+03 1.449283735214720329e-45
7.031000000000000000e+03 1.280689771819486871e-45
7.032000000000000000e+03 1.002783991014944007e-45
7.033000000000000000e+03 1.135893841229113399e-45
7.034000000000000000e+03 1.089987262469853286e-45
7.035000000000000000e+03 8.263127278415306091e-46
7.036000000000000000e+03 7.958673421578119646e-46
7.037000000000000000e+03 8.935756445627356107e-46
7.038000000000000000e+03 1.091788561315382847e-45
7.039000000000000000e+03 1.030367199452566240e-45
7.040000000000000000e+03 1.179052161143782222e-45
7.041000000000000000e+03 1.073523888096445025e-45
7.042000000000000000e+03 1.311637881262730901e-45
7.043000000000000000e+03 4.078525815682990000e-45
7.044000000000000000e+03 2.637209394828135584e-45
7.045000000000000000e+03 1.086708822676067020e-45
7.046000000000000000e+03 9.716726316147733742e-46
7.047000000000000000e+03 8.141568942189384009e-46
7.048000000000000000e+03 7.912637237143743547e-46
7.049000000000000000e+03 1.073431766759967014e-45
7.050000000000000000e+03 9.812784006527147021e-46
7.051000000000000000e+03 1.034346503344651702e-45
7.052000000000000000e+03 1.089604567919600989e-45
7.053000000000000000e+03 8.322557223244341592e-46
7.054000000000000000e+03 9.418890268961558990e-46
7.055000000000000000e+03 1.051452100738114008e-45
7.056000000000000000e+03 8.490788552300275139e-46
7.057000000000000000e+03 9.662551886133166018e-46
7.058000000000000000e+03 1.101961252599670546e-45
7.059000000000000000e+03 9.273084347970445978e-46
7.060000000000000000e+03 9.732880594929639411e-46
7.061000000000000000e+03 7.994525134497771423e-46
7.062000000000000000e+03 7.748692171514589258e-46
7.063000000000000000e+03 9.203310048070130944e-46
7.064000000000000000e+03 9.795334354795570548e-46
7.065000000000000000e+03 9.466403297812338434e-46
7.066000000000000000e+03 8.942108376718936768e-46
7.067000000000000000e+03 8.586546797063521622e-46
7.068000000000000000e+03 8.286095752850191577e-46
7.069000000000000000e+03 8.007047312192200865e-46
7.070000000000000000e+03 8.756783304406368127e-46
7.071000000000000000e+03 1.002191915943173905e-45
7.072000000000000000e+03 1.076851161357074866e-45
7.073000000000000000e+03 9.604172553602043355e-46
7.074000000000000000e+03 9.521848180745846425e-46
7.075000000000000000e+03 9.100889200722718217e-46
7.076000000000000000e+03 9.621662065062223762e-46
7.077000000000000000e+03 1.076181128159800449e-45
7.078000000000000000e+03 9.097692176502240864e-46
7.079000000000000000e+03 6.636449374244810896e-46
7.080000000000000000e+03 1.120713801342146066e-45
7.081000000000000000e+03 1.171024084286117723e-45
7.082000000000000000e+03 1.152662004985487013e-45
7.083000000000000000e+03 1.011029440561683974e-45
7.084000000000000000e+03 9.410060792860930774e-46
7.085000000000000000e+03 9.246504377414379196e-46
7.086000000000000000e+03 8.619121791210430931e-46
7.087000000000000000e+03 9.428343937053937287e-46
7.088000000000000000e+03 7.704702050721687371e-46
7.089000000000000000e+03 7.421360852682808665e-46
7.090000000000000000e+03 7.455198982886281682e-46
7.091000000000000000e+03 9.689726302031596941e-46
7.092000000000000000e+03 9.878319368583133965e-46
7.093000000000000000e+03 1.144171156849245830e-45
7.094000000000000000e+03 1.978645234591764775e-45
7.095000000000000000e+03 2.006538761640648526e-45
7.096000000000000000e+03 9.133205642526780923e-46
7.097000000000000000e+03 1.001836522504641649e-45
7.098000000000000000e+03 1.109474512029294292e-45
7.099000000000000000e+03 1.149831299580798664e-45
7.100000000000000000e+03 1.183856055148863004e-45
7.101000000000000000e+03 1.347595038317703486e-45
7.102000000000000000e+03 1.237087092417403414e-45
7.103000000000000000e+03 8.112821313341521506e-46
7.104000000000000000e+03 8.505885645229602787e-46
7.105000000000000000e+03 1.653861810259375734e-45
7.106000000000000000e+03 2.941272748436780404e-45
7.107000000000000000e+03 1.348063369307699766e-45
7.108000000000000000e+03 1.625079194653676574e-45
7.109000000000000000e+03 1.337954313974070579e-45
7.110000000000000000e+03 1.191861942520078171e-45
7.111000000000000000e+03 2.141942352631807664e-45
7.112000000000000000e+03 1.628060107783629811e-45
7.113000000000000000e+03 1.378445702146695344e-45
7.114000000000000000e+03 2.204342856646088053e-45
7.115000000000000000e+03 1.787850639936242663e-45
7.116000000000000000e+03 1.167962332177165204e-45
7.117000000000000000e+03 1.192618008503995119e-45
7.118000000000000000e+03 1.153335121507804018e-45
7.119000000000000000e+03 1.145163794647669200e-45
7.120000000000000000e+03 8.983496107055123258e-46
7.121000000000000000e+03 5.741347452599124967e-46
7.122000000000000000e+03 7.697567320400536810e-46
7.123000000000000000e+03 8.872151876425068284e-46
7.124000000000000000e+03 8.812686858190003623e-46
7.125000000000000000e+03 6.659188664299758244e-46
7.126000000000000000e+03 5.896966838048530534e-46
7.127000000000000000e+03 7.819039724024229242e-46
7.128000000000000000e+03 9.140169398474171982e-46
7.129000000000000000e+03 8.317451495667233357e-46
7.130000000000000000e+03 9.411648439951098437e-46
7.131000000000000000e+03 1.034486478567668295e-45
7.132000000000000000e+03 1.104722518395053077e-45
7.133000000000000000e+03 1.044929138866750867e-45
7.134000000000000000e+03 9.882276713435447441e-46
7.135000000000000000e+03 1.043088107486962841e-45
7.136000000000000000e+03 1.030144206515735101e-45
7.137000000000000000e+03 1.119578268991771948e-45
7.138000000000000000e+03 1.762885179634408408e-45
7.139000000000000000e+03 2.711190280850537311e-45
7.140000000000000000e+03 1.571700179096565678e-45
7.141000000000000000e+03 1.021240003978653716e-45
7.142000000000000000e+03 8.880498158554796986e-46
7.143000000000000000e+03 1.013350215880007909e-45
7.144000000000000000e+03 1.127815223309275777e-45
7.145000000000000000e+03 1.103153699306552835e-45
7.146000000000000000e+03 1.114089892356087657e-45
7.147000000000000000e+03 1.118698509451270864e-45
7.148000000000000000e+03 1.114521283231503091e-45
7.149000000000000000e+03 1.069847505608574135e-45
7.150000000000000000e+03 9.828103189691750086e-46
7.151000000000000000e+03 1.218957568938005424e-45
7.152000000000000000e+03 1.196703751166115814e-45
7.153000000000000000e+03 1.161704369674939139e-45
7.154000000000000000e+03 1.376952173797784438e-45
7.155000000000000000e+03 1.235001427891932397e-45
7.156000000000000000e+03 9.464005358863659553e-46
7.157000000000000000e+03 1.091609854176900465e-45
7.158000000000000000e+03 1.062829368725955080e-45
7.159000000000000000e+03 9.053446260964652946e-46
7.160000000000000000e+03 9.519758829415286429e-46
7.161000000000000000e+03 1.038816054607607662e-45
7.162000000000000000e+03 1.128217725724469860e-45
7.163000000000000000e+03 1.301186012817799699e-45
7.164000000000000000e+03 1.007823107260695743e-45
7.165000000000000000e+03 8.924056437009735557e-46
7.166000000000000000e+03 8.209084470681549469e-46
7.167000000000000000e+03 9.360547471394783426e-46
7.168000000000000000e+03 1.005495942627090842e-45
7.169000000000000000e+03 1.129051440081908756e-45
7.170000000000000000e+03 1.024249342592740079e-45
7.171000000000000000e+03 7.942858613791569962e-46
7.172000000000000000e+03 9.328096878049220620e-46
7.173000000000000000e+03 9.373560088876434672e-46
7.174000000000000000e+03 1.127269755700615297e-45
7.175000000000000000e+03 1.442829790395683180e-45
7.176000000000000000e+03 1.339357553322921340e-45
7.177000000000000000e+03 1.258601378918964086e-45
7.178000000000000000e+03 1.095846573472106523e-45
7.179000000000000000e+03 1.034588153573435921e-45
7.180000000000000000e+03 1.164162669049411988e-45
7.181000000000000000e+03 1.164906315968001995e-45
7.182000000000000000e+03 1.101043163899929597e-45
7.183000000000000000e+03 1.299012945060025463e-45
7.184000000000000000e+03 1.488829320769181555e-45
7.185000000000000000e+03 1.908822800740193290e-45
7.186000000000000000e+03 1.761345784544941715e-45
7.187000000000000000e+03 1.626554160059815156e-45
7.188000000000000000e+03 1.835459450722916515e-45
7.189000000000000000e+03 2.053772182089238331e-45
7.190000000000000000e+03 2.374215621867481745e-45
7.191000000000000000e+03 4.247810816872358712e-45
7.192000000000000000e+03 2.549080487403530190e-45
7.193000000000000000e+03 2.816544086763533909e-45
7.194000000000000000e+03 3.764464573773780965e-45
7.195000000000000000e+03 3.967539287971117887e-45
7.196000000000000000e+03 4.055356919039981354e-45
7.197000000000000000e+03 6.068450571386207292e-45
7.198000000000000000e+03 9.125426325021196226e-45
7.199000000000000000e+03 1.202683961720472248e-44
7.200000000000000000e+03 2.349726133538930504e-44
7.201000000000000000e+03 4.286522108314666834e-44
7.202000000000000000e+03 4.076760025383347510e-44
7.203000000000000000e+03 2.761540249317990464e-44
7.204000000000000000e+03 1.389078991677372752e-44
7.205000000000000000e+03 6.888008087036832198e-45
7.206000000000000000e+03 3.707592049472622178e-45
7.207000000000000000e+03 3.425373352152393009e-45
7.208000000000000000e+03 4.731271784291623640e-45
7.209000000000000000e+03 7.181670889431971826e-45
7.210000000000000000e+03 1.264007632572096796e-44
7.211000000000000000e+03 2.798322232472673572e-44
7.212000000000000000e+03 4.501533166387548595e-44
7.213000000000000000e+03 5.057412482620556432e-44
7.214000000000000000e+03 3.551016878802320496e-44
7.215000000000000000e+03 2.438784840423798718e-44
7.216000000000000000e+03 1.621815713123634717e-44
7.217000000000000000e+03 1.042921154902617865e-44
7.218000000000000000e+03 6.206915391851680669e-45
7.219000000000000000e+03 4.689585449786671410e-45
7.220000000000000000e+03 4.982086570474125278e-45
7.221000000000000000e+03 3.802670336384404103e-45
7.222000000000000000e+03 3.431379013144758930e-45
7.223000000000000000e+03 3.020848246279059207e-45
7.224000000000000000e+03 1.994114738728484341e-45
7.225000000000000000e+03 2.144478907545650103e-45
7.226000000000000000e+03 2.273570762718871059e-45
7.227000000000000000e+03 1.977991265702229835e-45
7.228000000000000000e+03 1.431703038286305788e-45
7.229000000000000000e+03 1.482183260655425710e-45
7.230000000000000000e+03 1.494081701388706663e-45
7.231000000000000000e+03 1.282864093751545361e-45
7.232000000000000000e+03 1.201021241367513904e-45
7.233000000000000000e+03 1.113172605183218483e-45
7.234000000000000000e+03 1.217238267974786883e-45
7.235000000000000000e+03 1.098109859757384010e-45
7.236000000000000000e+03 1.053820637438889152e-45
7.237000000000000000e+03 1.034113929410419478e-45
7.238000000000000000e+03 1.028799058981266205e-45
7.239000000000000000e+03 8.714485381708361638e-46
7.240000000000000000e+03 8.777422652672535388e-46
7.241000000000000000e+03 1.015706606968494372e-45
7.242000000000000000e+03 1.020212201470777713e-45
7.243000000000000000e+03 8.888906832535458082e-46
7.244000000000000000e+03 9.585242326249725001e-46
7.245000000000000000e+03 1.114149973282701117e-45
7.246000000000000000e+03 9.396331518931859647e-46
7.247000000000000000e+03 9.306765976743620562e-46
7.248000000000000000e+03 1.016124145569447497e-45
7.249000000000000000e+03 9.193988888521604561e-46
7.250000000000000000e+03 9.901271965016828829e-46
7.251000000000000000e+03 7.794449364665351971e-46
7.252000000000000000e+03 8.693298161646049008e-46
7.253000000000000000e+03 9.008156935790268373e-46
7.254000000000000000e+03 6.829214746754214185e-46
7.255000000000000000e+03 5.799007401460664824e-46
7.256000000000000000e+03 6.393174853282623591e-46
7.257000000000000000e+03 7.134720933560879812e-46
7.258000000000000000e+03 8.968933113207234231e-46
7.259000000000000000e+03 1.112202449097920468e-45
7.260000000000000000e+03 8.098181987824915866e-46
7.261000000000000000e+03 7.867245630763020809e-46
7.262000000000000000e+03 6.867885839513024096e-46
7.263000000000000000e+03 9.025830497950455004e-46
7.264000000000000000e+03 9.773417035058145048e-46
7.265000000000000000e+03 1.590612488366811504e-45
7.266000000000000000e+03 2.299313080429188763e-45
7.267000000000000000e+03 1.638273842381185485e-45
7.268000000000000000e+03 1.068494951916883734e-45
7.269000000000000000e+03 8.541944894604147127e-46
7.270000000000000000e+03 6.623838853899141148e-46
7.271000000000000000e+03 5.754349145143536741e-46
7.272000000000000000e+03 6.759064709621952275e-46
7.273000000000000000e+03 6.549878775741785127e-46
7.274000000000000000e+03 8.045817532448104764e-46
7.275000000000000000e+03 6.411073998426057507e-46
7.276000000000000000e+03 7.755815742380038296e-46
7.277000000000000000e+03 8.053954496300855272e-46
7.278000000000000000e+03 7.957158300476551154e-46
7.279000000000000000e+03 7.157716833620692127e-46
7.280000000000000000e+03 6.132887411668932271e-46
7.281000000000000000e+03 5.665389882672638444e-46
7.282000000000000000e+03 5.220177290385695695e-46
7.283000000000000000e+03 1.004217704883107261e-45
7.284000000000000000e+03 1.649958289689337486e-45
7.285000000000000000e+03 9.805041737129564492e-46
7.286000000000000000e+03 6.170454992770947746e-46
7.287000000000000000e+03 8.002203823278350691e-46
7.288000000000000000e+03 9.111197986165332410e-46
7.289000000000000000e+03 6.595913161927660562e-46
7.290000000000000000e+03 6.058957825150735148e-46
7.291000000000000000e+03 7.466168503483898140e-46
7.292000000000000000e+03 7.488087195851031039e-46
7.293000000000000000e+03 7.213545979261479691e-46
7.294000000000000000e+03 5.675340415709345184e-46
7.295000000000000000e+03 5.805232944882555547e-46
7.296000000000000000e+03 6.148796305810434407e-46
7.297000000000000000e+03 5.636019172771748810e-46
7.298000000000000000e+03 5.859509826163048347e-46
7.299000000000000000e+03 5.428605631976970253e-46
7.300000000000000000e+03 4.928756386517549382e-46
7.301000000000000000e+03 4.587708027111289478e-46
7.302000000000000000e+03 3.972048398884753824e-46
7.303000000000000000e+03 4.492750016133966883e-46
7.304000000000000000e+03 6.833178947060794773e-46
7.305000000000000000e+03 5.509795663729654504e-46
7.306000000000000000e+03 4.156196492453403527e-46
7.307000000000000000e+03 4.118497709149372870e-46
7.308000000000000000e+03 5.693583301725161155e-46
7.309000000000000000e+03 5.795537832411931844e-46
7.310000000000000000e+03 4.824213483729798434e-46
7.311000000000000000e+03 5.660463118209576472e-46
7.312000000000000000e+03 5.825787501090982597e-46
7.313000000000000000e+03 4.463087536473790292e-46
7.314000000000000000e+03 5.380489299338824163e-46
7.315000000000000000e+03 4.640391878537644871e-46
7.316000000000000000e+03 4.874748214653381880e-46
7.317000000000000000e+03 5.092422248370714664e-46
7.318000000000000000e+03 1.307591675692869446e-45
7.319000000000000000e+03 2.247096003855706205e-45
7.320000000000000000e+03 1.092668007019881478e-45
7.321000000000000000e+03 5.820608556671217242e-46
7.322000000000000000e+03 6.961177223143480784e-46
7.323000000000000000e+03 7.015240005386964725e-46
7.324000000000000000e+03 5.191525472589387141e-46
7.325000000000000000e+03 4.441216053272485084e-46
7.326000000000000000e+03 5.460414673326343377e-46
7.327000000000000000e+03 6.056509594914852493e-46
7.328000000000000000e+03 6.067760317608295316e-46
7.329000000000000000e+03 4.880276355758440885e-46
7.330000000000000000e+03 4.386704180727922343e-46
7.331000000000000000e+03 4.325921223080692693e-46
7.332000000000000000e+03 5.211296700351992433e-46
7.333000000000000000e+03 5.203744859763881279e-46
7.334000000000000000e+03 5.190754974810364368e-46
7.335000000000000000e+03 6.140296696034859149e-46
7.336000000000000000e+03 5.888482083592379559e-46
7.337000000000000000e+03 4.981709144490895678e-46
7.338000000000000000e+03 5.934892706701270620e-46
7.339000000000000000e+03 5.586796273270168525e-46
7.340000000000000000e+03 4.517305126975140026e-46
7.341000000000000000e+03 6.816488762863619431e-46
7.342000000000000000e+03 7.666907464228390951e-46
7.343000000000000000e+03 4.909828128688392675e-46
7.344000000000000000e+03 4.596797292044425238e-46
7.345000000000000000e+03 5.070319995596446702e-46
7.346000000000000000e+03 5.513722289406843986e-46
7.347000000000000000e+03 5.114339016664831154e-46
7.348000000000000000e+03 4.955666621615670104e-46
7.349000000000000000e+03 5.572263732857024437e-46
7.350000000000000000e+03 4.375392136928949319e-46
7.351000000000000000e+03 4.452067726176334464e-46
7.352000000000000000e+03 4.783807757507508989e-46
7.353000000000000000e+03 4.922051122642268854e-46
7.354000000000000000e+03 4.414768446443251084e-46
7.355000000000000000e+03 4.479158951040588556e-46
7.356000000000000000e+03 4.274675818538531522e-46
7.357000000000000000e+03 4.375929313670602606e-46
7.358000000000000000e+03 4.055023493389627284e-46
7.359000000000000000e+03 5.184000374619530487e-46
7.360000000000000000e+03 4.853812720045376688e-46
7.361000000000000000e+03 4.785781840112551373e-46
7.362000000000000000e+03 4.419013016305691093e-46
7.363000000000000000e+03 4.227203462610136829e-46
7.364000000000000000e+03 4.081544190524102587e-46
7.365000000000000000e+03 3.914511897340906122e-46
7.366000000000000000e+03 4.316454790248017138e-46
7.367000000000000000e+03 5.788638433397758107e-46
7.368000000000000000e+03 5.943910041826794662e-46
7.369000000000000000e+03 4.463017514492210481e-46
7.370000000000000000e+03 3.528731244007050637e-46
7.371000000000000000e+03 3.805917744053732830e-46
7.372000000000000000e+03 1.460765662184049579e-45
7.373000000000000000e+03 2.554624006163316789e-45
7.374000000000000000e+03 7.388002805908708461e-46
7.375000000000000000e+03 5.330397411258576286e-46
7.376000000000000000e+03 5.277483093383575372e-46
7.377000000000000000e+03 6.080572101244974760e-46
7.378000000000000000e+03 6.711770820894670800e-46
7.379000000000000000e+03 9.239363827587043621e-46
7.380000000000000000e+03 7.753125345243412154e-46
7.381000000000000000e+03 5.867711669865361958e-46
7.382000000000000000e+03 3.616719506217943875e-46
7.383000000000000000e+03 8.359616762844306990e-45
7.384000000000000000e+03 1.905524714055196785e-44
7.385000000000000000e+03 3.010740790704353013e-45
7.386000000000000000e+03 5.972633669958398819e-46
7.387000000000000000e+03 4.283835565040872538e-46
7.388000000000000000e+03 4.416114411462912824e-46
7.389000000000000000e+03 5.245068487495277396e-46
7.390000000000000000e+03 4.471564524779305693e-46
7.391000000000000000e+03 5.319798213175404163e-46
7.392000000000000000e+03 1.690848049024102760e-45
7.393000000000000000e+03 2.196877845079245944e-45
7.394000000000000000e+03 8.226910210964423316e-46
7.395000000000000000e+03 4.583569224144945562e-46
7.396000000000000000e+03 3.916718514425627876e-46
7.397000000000000000e+03 4.060050771541111813e-46
7.398000000000000000e+03 4.130249067929631023e-46
7.399000000000000000e+03 4.910976970799965061e-46
7.400000000000000000e+03 5.364848428481176980e-46
7.401000000000000000e+03 5.654458628436899433e-46
7.402000000000000000e+03 4.058637357757348853e-46
7.403000000000000000e+03 3.756573239075307537e-46
7.404000000000000000e+03 4.572713801876937262e-46
7.405000000000000000e+03 5.998748810845952654e-46
7.406000000000000000e+03 5.591909100361882042e-46
7.407000000000000000e+03 6.151893340178795779e-46
7.408000000000000000e+03 5.985623025941079371e-46
7.409000000000000000e+03 4.915566908221265077e-46
7.410000000000000000e+03 4.992586645926498059e-46
7.411000000000000000e+03 5.331870076065452060e-46
7.412000000000000000e+03 5.615732617154662910e-46
7.413000000000000000e+03 4.563563978939409911e-46
7.414000000000000000e+03 4.697006589912223442e-46
7.415000000000000000e+03 5.606295009132494508e-46
7.416000000000000000e+03 5.444792968310484576e-46
7.417000000000000000e+03 4.942675062715958061e-46
7.418000000000000000e+03 5.128452336286445351e-46
7.419000000000000000e+03 4.611756288122971789e-46
7.420000000000000000e+03 7.117247827968782923e-46
7.421000000000000000e+03 6.667118514304344822e-46
7.422000000000000000e+03 5.148006690576050192e-46
7.423000000000000000e+03 5.312318073366216401e-46
7.424000000000000000e+03 5.043012203815275177e-46
7.425000000000000000e+03 4.352887583010988627e-46
7.426000000000000000e+03 5.377562057023367244e-46
7.427000000000000000e+03 5.218707961209272756e-46
7.428000000000000000e+03 5.719935017672826628e-46
7.429000000000000000e+03 4.727302396837594505e-46
7.430000000000000000e+03 4.714136104617137368e-46
7.431000000000000000e+03 5.391111953111519233e-46
7.432000000000000000e+03 6.017237326344983713e-46
7.433000000000000000e+03 4.643222128048448812e-46
7.434000000000000000e+03 5.966260585484617805e-46
7.435000000000000000e+03 6.502476267972562469e-46
7.436000000000000000e+03 7.759818785158335821e-46
7.437000000000000000e+03 6.494111886282118648e-46
7.438000000000000000e+03 5.579224653319621120e-46
7.439000000000000000e+03 6.982168562376561507e-46
7.440000000000000000e+03 5.343821085336809541e-46
7.441000000000000000e+03 4.460293403604870022e-46
7.442000000000000000e+03 4.871168702675231097e-46
7.443000000000000000e+03 4.827262229495510516e-46
7.444000000000000000e+03 6.661097914996574016e-46
7.445000000000000000e+03 7.598723643498899246e-46
7.446000000000000000e+03 7.538856976415933528e-46
7.447000000000000000e+03 6.638104924851844740e-46
7.448000000000000000e+03 6.181310012185513088e-46
7.449000000000000000e+03 5.015682393279569113e-46
7.450000000000000000e+03 4.118162783379546017e-46
7.451000000000000000e+03 3.665666369328289459e-46
7.452000000000000000e+03 4.153974201218241602e-46
7.453000000000000000e+03 4.809804178952558292e-46
7.454000000000000000e+03 4.154286575222038508e-46
7.455000000000000000e+03 3.900862445881356774e-46
7.456000000000000000e+03 3.698461889091857443e-46
7.457000000000000000e+03 3.604356683194284788e-46
7.458000000000000000e+03 3.695706397153606895e-46
7.459000000000000000e+03 4.430451740744364120e-46
7.460000000000000000e+03 3.869302850486369273e-46
7.461000000000000000e+03 3.182902305389934735e-46
7.462000000000000000e+03 3.242184916230549543e-46
7.463000000000000000e+03 4.241873045969012718e-46
7.464000000000000000e+03 5.259831584547193201e-46
7.465000000000000000e+03 4.986090570101799008e-46
7.466000000000000000e+03 6.152026402419390655e-46
7.467000000000000000e+03 3.425619761147601948e-46
7.468000000000000000e+03 3.060225957069366398e-46
7.469000000000000000e+03 4.200209023228904715e-46
7.470000000000000000e+03 4.057039577492971753e-46
7.471000000000000000e+03 4.623475129732834555e-46
7.472000000000000000e+03 4.994266000626894687e-46
7.473000000000000000e+03 5.748373305698462239e-46
7.474000000000000000e+03 3.422418573482084569e-46
7.475000000000000000e+03 3.940763278581637951e-46
7.476000000000000000e+03 4.065697478261343061e-46
7.477000000000000000e+03 3.624014770442015664e-46
7.478000000000000000e+03 3.517322180047433745e-46
7.479000000000000000e+03 3.303812654484436614e-46
7.480000000000000000e+03 4.233710235174360257e-46
7.481000000000000000e+03 4.938374160841043518e-46
7.482000000000000000e+03 4.666007655513679619e-46
7.483000000000000000e+03 6.097194364703540307e-46
7.484000000000000000e+03 8.768632610554727102e-46
7.485000000000000000e+03 4.728797201181654586e-46
7.486000000000000000e+03 3.543784053429031513e-46
7.487000000000000000e+03 2.955619503485470589e-46
7.488000000000000000e+03 3.536753564833054148e-46
7.489000000000000000e+03 3.558820919623697072e-46
7.490000000000000000e+03 3.840302013775052626e-46
7.491000000000000000e+03 3.603066298563807365e-46
7.492000000000000000e+03 2.830629189522129729e-46
7.493000000000000000e+03 3.092968340004030533e-46
7.494000000000000000e+03 3.486737335961472941e-46
7.495000000000000000e+03 4.196961534197622448e-46
7.496000000000000000e+03 4.606426449581241039e-46
7.497000000000000000e+03 4.026790379912173017e-46
7.498000000000000000e+03 7.023933019052484796e-46
7.499000000000000000e+03 1.086688127269615874e-45
7.500000000000000000e+03 7.425938025421684686e-46
7.501000000000000000e+03 4.684668079641073438e-46
7.502000000000000000e+03 3.978373629250336031e-46
7.503000000000000000e+03 3.284010599920137269e-46
7.504000000000000000e+03 3.044775769229360491e-46
7.505000000000000000e+03 2.749696390559373130e-46
7.506000000000000000e+03 2.620022208662086711e-46
7.507000000000000000e+03 3.056039493018089168e-46
7.508000000000000000e+03 3.192651543558907223e-46
7.509000000000000000e+03 3.369838984820346065e-46
7.510000000000000000e+03 3.672200567826683126e-46
7.511000000000000000e+03 3.616615977789692949e-46
7.512000000000000000e+03 3.108616516950726665e-46
7.513000000000000000e+03 3.075592613243489054e-46
7.514000000000000000e+03 3.059055400129663477e-46
7.515000000000000000e+03 3.023110040437902858e-46
7.516000000000000000e+03 3.178499307354321582e-46
7.517000000000000000e+03 3.064201838446304014e-46
7.518000000000000000e+03 3.324533401207772422e-46
7.519000000000000000e+03 4.439458462274799083e-46
7.520000000000000000e+03 4.187719318404390935e-46
7.521000000000000000e+03 3.759362074414756049e-46
7.522000000000000000e+03 2.601046299712826655e-46
7.523000000000000000e+03 2.406465068423383284e-46
7.524000000000000000e+03 3.599757919548863581e-46
7.525000000000000000e+03 6.921185468180420414e-46
7.526000000000000000e+03 5.428563511043608468e-46
7.527000000000000000e+03 4.300225949626376539e-46
7.528000000000000000e+03 5.151070236885226734e-46
7.529000000000000000e+03 4.871842704894128523e-46
7.530000000000000000e+03 3.664403603230659994e-46
7.531000000000000000e+03 4.347674498108681957e-46
7.532000000000000000e+03 5.591383919980893606e-46
7.533000000000000000e+03 5.403251707499685876e-46
7.534000000000000000e+03 4.091910139623541899e-46
7.535000000000000000e+03 3.616618862445287053e-46
7.536000000000000000e+03 3.928947842496485954e-46
7.537000000000000000e+03 3.639099249235687977e-46
7.538000000000000000e+03 2.970815042386447270e-46
7.539000000000000000e+03 4.187582299818907583e-46
7.540000000000000000e+03 5.093220186600284074e-46
7.541000000000000000e+03 4.469115835598312251e-46
7.542000000000000000e+03 3.195946945115140323e-46
7.543000000000000000e+03 4.133571790976610516e-46
7.544000000000000000e+03 3.211405128725764707e-46
7.545000000000000000e+03 2.669403693311538246e-46
7.546000000000000000e+03 3.243155285519529927e-46
7.547000000000000000e+03 3.244623030458410015e-46
7.548000000000000000e+03 2.968572348358796934e-46
7.549000000000000000e+03 2.743851793072710442e-46
7.550000000000000000e+03 3.063550823436340666e-46
7.551000000000000000e+03 3.474645086738680970e-46
7.552000000000000000e+03 4.637633056467583007e-46
7.553000000000000000e+03 4.446303955864553552e-46
7.554000000000000000e+03 3.476325110040361007e-46
7.555000000000000000e+03 2.956579232799034786e-46
7.556000000000000000e+03 3.328703855480057603e-46
7.557000000000000000e+03 3.918467331644867427e-46
7.558000000000000000e+03 3.623693504615690318e-46
7.559000000000000000e+03 3.455259784775392415e-46
7.560000000000000000e+03 3.824564481309162403e-46
7.561000000000000000e+03 4.296402912503377713e-46
7.562000000000000000e+03 3.988649069361342582e-46
7.563000000000000000e+03 2.844570970592259051e-46
7.564000000000000000e+03 3.749341067649621608e-46
7.565000000000000000e+03 5.357671832756735608e-46
7.566000000000000000e+03 5.280589843979765676e-46
7.567000000000000000e+03 5.422908956918192526e-46
7.568000000000000000e+03 4.945367449780277852e-46
7.569000000000000000e+03 4.432089348192545007e-46
7.570000000000000000e+03 4.876455028421737844e-46
7.571000000000000000e+03 5.703867183553546584e-46
7.572000000000000000e+03 7.392294952719767081e-46
7.573000000000000000e+03 6.045934009954406578e-46
7.574000000000000000e+03 3.332236034150208125e-46
7.575000000000000000e+03 3.557903224746831878e-46
7.576000000000000000e+03 4.423666289125322027e-46
7.577000000000000000e+03 5.288220660752727050e-46
7.578000000000000000e+03 5.482059472060773742e-46
7.579000000000000000e+03 3.829033827054884248e-46
7.580000000000000000e+03 3.713497201187582990e-46
7.581000000000000000e+03 3.938185323430264775e-46
7.582000000000000000e+03 4.545195189745881015e-46
7.583000000000000000e+03 4.631863739874951012e-46
7.584000000000000000e+03 5.619191609966715846e-46
7.585000000000000000e+03 5.471312013447403417e-46
7.586000000000000000e+03 4.103923693079295795e-46
7.587000000000000000e+03 5.717847527792937948e-46
7.588000000000000000e+03 6.237532154707123126e-46
7.589000000000000000e+03 5.407673266486006452e-46
7.590000000000000000e+03 5.700670973203611516e-46
7.591000000000000000e+03 6.044198548393429910e-46
7.592000000000000000e+03 4.516507386450569968e-46
7.593000000000000000e+03 4.201124122830431729e-46
7.594000000000000000e+03 3.830613203536392646e-46
7.595000000000000000e+03 4.311835381040560402e-46
7.596000000000000000e+03 4.601953450585258723e-46
7.597000000000000000e+03 3.935078234259492710e-46
7.598000000000000000e+03 3.909634584852147176e-46
7.599000000000000000e+03 3.879971889909245475e-46
7.600000000000000000e+03 4.716316264731148963e-46
7.601000000000000000e+03 5.639893131955944142e-46
7.602000000000000000e+03 5.491829910634239398e-46
7.603000000000000000e+03 5.767433616965899046e-46
7.604000000000000000e+03 5.210017907883069745e-46
7.605000000000000000e+03 4.729796805422686148e-46
7.606000000000000000e+03 5.153014777200239889e-46
7.607000000000000000e+03 3.520965716557989537e-46
7.608000000000000000e+03 3.671704623662350082e-46
7.609000000000000000e+03 4.452233804462476053e-46
7.610000000000000000e+03 4.482787877709349964e-46
7.611000000000000000e+03 3.002193172454384332e-46
7.612000000000000000e+03 3.226264040972525813e-46
7.613000000000000000e+03 4.845793208054984404e-46
7.614000000000000000e+03 5.707440359635776318e-46
7.615000000000000000e+03 6.758252040444917546e-46
7.616000000000000000e+03 5.950443202908696320e-46
7.617000000000000000e+03 3.922638277252757656e-46
7.618000000000000000e+03 5.721019943031313420e-46
7.619000000000000000e+03 6.892469434012410464e-46
7.620000000000000000e+03 5.636034441707902048e-46
7.621000000000000000e+03 5.198477072012452454e-46
7.622000000000000000e+03 4.630622532033031850e-46
7.623000000000000000e+03 4.970174655304692535e-46
7.624000000000000000e+03 3.767615796137464773e-46
7.625000000000000000e+03 3.575098105100300374e-46
7.626000000000000000e+03 3.150471027576286190e-46
7.627000000000000000e+03 3.063725641459456045e-46
7.628000000000000000e+03 4.602737991164807079e-46
7.629000000000000000e+03 4.125672387026712258e-46
7.630000000000000000e+03 3.711519636509992763e-46
7.631000000000000000e+03 3.279092296835161996e-46
7.632000000000000000e+03 4.451523733377065184e-46
7.633000000000000000e+03 5.650297597346321753e-46
7.634000000000000000e+03 6.185072817569665764e-46
7.635000000000000000e+03 7.552888377462667663e-46
7.636000000000000000e+03 5.813600559067189052e-46
7.637000000000000000e+03 4.690983722445791807e-46
7.638000000000000000e+03 6.731717829944396440e-46
7.639000000000000000e+03 6.645842479879260158e-46
7.640000000000000000e+03 3.718932142064823589e-46
7.641000000000000000e+03 3.597053810783366638e-46
7.642000000000000000e+03 3.522753248959334904e-46
7.643000000000000000e+03 3.727788213397445305e-46
7.644000000000000000e+03 2.646186904655094126e-46
7.645000000000000000e+03 2.688800705682378981e-46
7.646000000000000000e+03 2.703886624164706849e-46
7.647000000000000000e+03 2.379801514198193894e-46
7.648000000000000000e+03 2.939298604449421679e-46
7.649000000000000000e+03 3.457246590379731842e-46
7.650000000000000000e+03 3.831842325029431938e-46
7.651000000000000000e+03 2.979028670400772103e-46
7.652000000000000000e+03 3.140245293666639416e-46
7.653000000000000000e+03 3.701453356202273767e-46
7.654000000000000000e+03 5.049413629180177635e-46
7.655000000000000000e+03 5.221769792163068238e-46
7.656000000000000000e+03 5.814388536387342299e-46
7.657000000000000000e+03 4.354145364126838696e-46
7.658000000000000000e+03 2.923168107300454290e-46
7.659000000000000000e+03 4.245158756312346765e-46
7.660000000000000000e+03 3.665479655177451828e-46
7.661000000000000000e+03 3.497221662663911390e-46
7.662000000000000000e+03 4.032979514793440303e-46
7.663000000000000000e+03 3.651435886731815165e-46
7.664000000000000000e+03 4.594077950754381098e-46
7.665000000000000000e+03 4.285399303643996466e-46
7.666000000000000000e+03 3.385518433519238965e-46
7.667000000000000000e+03 2.479373588933092200e-46
7.668000000000000000e+03 3.010700915264553980e-46
7.669000000000000000e+03 2.457345816602542241e-46
7.670000000000000000e+03 3.432190441850712573e-46
7.671000000000000000e+03 3.907221036757036289e-46
7.672000000000000000e+03 3.745307458783065901e-46
7.673000000000000000e+03 3.141569224121768472e-46
7.674000000000000000e+03 2.725013023328274862e-46
7.675000000000000000e+03 2.484208418558791634e-46
7.676000000000000000e+03 3.189506423103891134e-46
7.677000000000000000e+03 3.474574744563753887e-46
7.678000000000000000e+03 3.942558244965040951e-46
7.679000000000000000e+03 4.419469688905607445e-46
7.680000000000000000e+03 3.609375199678780785e-46
7.681000000000000000e+03 3.033100129437233805e-46
7.682000000000000000e+03 2.556525840450844752e-46
7.683000000000000000e+03 2.156280406246771169e-46
7.684000000000000000e+03 2.739948060897079830e-46
7.685000000000000000e+03 3.462521115707883790e-46
7.686000000000000000e+03 2.538932354499172175e-46
7.687000000000000000e+03 2.453266771432498373e-46
7.688000000000000000e+03 6.710278506346840290e-46
7.689000000000000000e+03 5.455818566059532409e-46
7.690000000000000000e+03 3.077250338672677670e-46
7.691000000000000000e+03 2.457553310339357017e-46
7.692000000000000000e+03 2.315750900569371087e-46
7.693000000000000000e+03 3.987163036504343939e-46
7.694000000000000000e+03 5.774455165362321066e-46
7.695000000000000000e+03 3.261941494706818951e-46
7.696000000000000000e+03 2.649578381064831809e-46
7.697000000000000000e+03 2.613535352130246634e-46
7.698000000000000000e+03 2.939189931390630524e-46
7.699000000000000000e+03 2.234102467701584462e-46
7.700000000000000000e+03 2.570661221707194435e-46
7.701000000000000000e+03 2.984175545576968696e-46
7.702000000000000000e+03 3.319375009494117840e-46
7.703000000000000000e+03 4.084410437265971479e-46
7.704000000000000000e+03 3.496463383963390601e-46
7.705000000000000000e+03 2.489157087465197815e-46
7.706000000000000000e+03 2.298784481581587534e-46
7.707000000000000000e+03 2.408419930179038165e-46
7.708000000000000000e+03 2.545450382046555728e-46
7.709000000000000000e+03 3.074085884439504035e-46
7.710000000000000000e+03 2.934863060001973858e-46
7.711000000000000000e+03 2.293106726325816054e-46
7.712000000000000000e+03 2.645063574342535375e-46
7.713000000000000000e+03 3.037584045974948783e-46
7.714000000000000000e+03 2.887762517299396012e-46
7.715000000000000000e+03 2.719019406540711062e-46
7.716000000000000000e+03 2.957585453377943676e-46
7.717000000000000000e+03 2.749594588506467251e-46
7.718000000000000000e+03 2.272807789113715597e-46
7.719000000000000000e+03 2.180763703308135853e-46
7.720000000000000000e+03 2.463843364111309371e-46
7.721000000000000000e+03 2.315330103032091926e-46
7.722000000000000000e+03 2.118706168572156666e-46
7.723000000000000000e+03 2.283767320354054576e-46
7.724000000000000000e+03 2.613169913795606191e-46
7.725000000000000000e+03 2.391881508975920464e-46
7.726000000000000000e+03 2.301826969774254298e-46
7.727000000000000000e+03 2.641792194506336323e-46
7.728000000000000000e+03 2.996220735042542867e-46
7.729000000000000000e+03 2.350679003336513823e-46
7.730000000000000000e+03 3.349502656173482665e-46
7.731000000000000000e+03 5.650525316892287505e-46
7.732000000000000000e+03 1.783419800270579763e-45
7.733000000000000000e+03 1.940876344858845349e-45
7.734000000000000000e+03 8.958756623325977871e-46
7.735000000000000000e+03 5.110911000584800705e-46
7.736000000000000000e+03 1.756064173035621687e-45
7.737000000000000000e+03 2.193510980545717596e-45
7.738000000000000000e+03 7.757912633742590059e-46
7.739000000000000000e+03 4.596976974172838064e-46
7.740000000000000000e+03 5.375372606386322053e-46
7.741000000000000000e+03 5.686492568229896375e-46
7.742000000000000000e+03 6.371408187244060287e-46
7.743000000000000000e+03 6.884624042567100566e-46
7.744000000000000000e+03 8.486969686729314489e-46
7.745000000000000000e+03 1.160167865393032262e-45
7.746000000000000000e+03 1.129496609427220619e-45
7.747000000000000000e+03 1.242170259214164191e-45
7.748000000000000000e+03 1.177183508201708814e-45
7.749000000000000000e+03 1.050953868901809178e-45
7.750000000000000000e+03 1.205512016604907520e-45
7.751000000000000000e+03 1.232165483665182845e-45
7.752000000000000000e+03 1.182097082646261844e-45
7.753000000000000000e+03 1.053589030834847598e-45
7.754000000000000000e+03 7.756431309924038501e-46
7.755000000000000000e+03 6.032788106753659661e-46
7.756000000000000000e+03 5.097991834179281644e-46
7.757000000000000000e+03 5.152234351141831518e-46
7.758000000000000000e+03 4.202457553693774743e-46
7.759000000000000000e+03 4.212267867047555621e-46
7.760000000000000000e+03 4.383831206972740075e-46
7.761000000000000000e+03 3.351676917308294275e-46
7.762000000000000000e+03 2.735913761008230067e-46
7.763000000000000000e+03 3.000089200827165149e-46
7.764000000000000000e+03 2.366587851403541657e-46
7.765000000000000000e+03 2.095093480678238994e-46
7.766000000000000000e+03 2.270764596177321757e-46
7.767000000000000000e+03 2.205139936371750108e-46
7.768000000000000000e+03 2.394709237239201765e-46
7.769000000000000000e+03 2.282987068893388400e-46
7.770000000000000000e+03 2.298369708594784720e-46
7.771000000000000000e+03 1.820637225385305234e-46
7.772000000000000000e+03 1.981798777300493042e-46
7.773000000000000000e+03 2.153471689788372310e-46
7.774000000000000000e+03 4.208691950325542366e-46
7.775000000000000000e+03 1.754079300435939532e-45
7.776000000000000000e+03 1.116636223086016860e-45
7.777000000000000000e+03 2.274053065602944067e-46
7.778000000000000000e+03 1.854678101714080946e-46
7.779000000000000000e+03 1.859759814471083176e-46
7.780000000000000000e+03 1.972987256405543854e-46
7.781000000000000000e+03 1.850775961896426822e-46
7.782000000000000000e+03 1.923145584160565882e-46
7.783000000000000000e+03 1.876356996882466170e-46
7.784000000000000000e+03 1.642856192700897215e-46
7.785000000000000000e+03 2.009649942433862719e-46
7.786000000000000000e+03 2.065491733673705563e-46
7.787000000000000000e+03 3.202858447045139429e-46
7.788000000000000000e+03 7.402921863891502482e-46
7.789000000000000000e+03 2.940213831573545616e-46
7.790000000000000000e+03 1.659244022505005408e-46
7.791000000000000000e+03 1.474152322542765810e-46
7.792000000000000000e+03 1.551376435600071836e-46
7.793000000000000000e+03 2.070846362159190955e-46
7.794000000000000000e+03 1.680549971047300549e-46
7.795000000000000000e+03 1.374068167660843763e-46
7.796000000000000000e+03 1.604592295603457207e-46
7.797000000000000000e+03 1.617391540702789500e-46
7.798000000000000000e+03 2.126529529148323706e-46
7.799000000000000000e+03 2.939110185705244771e-46
7.800000000000000000e+03 3.069249797126688273e-46
7.801000000000000000e+03 1.879520127148591433e-46
7.802000000000000000e+03 1.817262294920113291e-46
7.803000000000000000e+03 2.331873854364431923e-46
7.804000000000000000e+03 2.247738166053471099e-46
7.805000000000000000e+03 1.936046799207919295e-46
7.806000000000000000e+03 2.095823707104205438e-46
7.807000000000000000e+03 2.249767576824184377e-46
7.808000000000000000e+03 2.267964354696535931e-46
7.809000000000000000e+03 2.412713864997524336e-46
7.810000000000000000e+03 2.447753621596065399e-46
7.811000000000000000e+03 2.137177012839385525e-46
7.812000000000000000e+03 2.931146321618614303e-46
7.813000000000000000e+03 3.388482590793461363e-46
7.814000000000000000e+03 2.877120553353000805e-46
7.815000000000000000e+03 2.026355504992229887e-46
7.816000000000000000e+03 1.440046091057772607e-46
7.817000000000000000e+03 1.911805291940693294e-46
7.818000000000000000e+03 3.394129758845801540e-46
7.819000000000000000e+03 2.999643582439041351e-46
7.820000000000000000e+03 2.719559453669590993e-46
7.821000000000000000e+03 2.550648644990235031e-46
7.822000000000000000e+03 2.018404921166979511e-46
7.823000000000000000e+03 2.239675079416108036e-46
7.824000000000000000e+03 2.059790050886259484e-46
7.825000000000000000e+03 3.154213620030836637e-46
7.826000000000000000e+03 2.190519745593163679e-46
7.827000000000000000e+03 2.256524199791749439e-46
7.828000000000000000e+03 3.449389947390655076e-46
7.829000000000000000e+03 4.862356400828961098e-46
7.830000000000000000e+03 4.910876299036621131e-46
7.831000000000000000e+03 3.958282812857205429e-46
7.832000000000000000e+03 3.308304742436657140e-46
7.833000000000000000e+03 3.310694792620553885e-46
7.834000000000000000e+03 2.610263680274223497e-46
7.835000000000000000e+03 2.942472463768962984e-46
7.836000000000000000e+03 1.845132327809576347e-46
7.837000000000000000e+03 9.820854028624382319e-47
7.838000000000000000e+03 9.368827885008709262e-47
7.839000000000000000e+03 1.049377353060821924e-46
7.840000000000000000e+03 1.348745026317217004e-46
7.841000000000000000e+03 1.324949935670904809e-46
7.842000000000000000e+03 1.338925865085627546e-46
7.843000000000000000e+03 1.174224985678527246e-46
7.844000000000000000e+03 1.348268450716401940e-46
7.845000000000000000e+03 1.011861318846724160e-46
7.846000000000000000e+03 1.789265091084228193e-46
7.847000000000000000e+03 1.854637568995139821e-46
7.848000000000000000e+03 9.559083410359765932e-47
7.849000000000000000e+03 9.603883273158727487e-47
7.850000000000000000e+03 1.020904885206980404e-46
7.851000000000000000e+03 8.621359669692399632e-47
7.852000000000000000e+03 9.494628532869036076e-47
7.853000000000000000e+03 9.564424579111597219e-47
7.854000000000000000e+03 9.963252991579986818e-47
7.855000000000000000e+03 1.130560183937490121e-46
7.856000000000000000e+03 1.287005675773518797e-46
7.857000000000000000e+03 1.188140610265958089e-46
7.858000000000000000e+03 1.342225497251877535e-46
7.859000000000000000e+03 1.606325082233727122e-46
7.860000000000000000e+03 1.523369528112505776e-46
7.861000000000000000e+03 1.619940636139945397e-46
7.862000000000000000e+03 8.959266214372928509e-47
7.863000000000000000e+03 7.070427922412631174e-47
7.864000000000000000e+03 7.961169197895236671e-47
7.865000000000000000e+03 8.536623015854353485e-47
7.866000000000000000e+03 7.311472730056606207e-47
7.867000000000000000e+03 5.662118376771923924e-47
7.868000000000000000e+03 5.619565718806719012e-47
7.869000000000000000e+03 4.572383387026576329e-47
7.870000000000000000e+03 4.367744679233310940e-47
7.871000000000000000e+03 4.225770310496410399e-47
7.872000000000000000e+03 4.164704052814621707e-47
7.873000000000000000e+03 5.154392302994088912e-47
7.874000000000000000e+03 7.796351400263577650e-47
7.875000000000000000e+03 6.622418112253590124e-47
7.876000000000000000e+03 7.194469670207407436e-47
7.877000000000000000e+03 1.010711397624308635e-46
7.878000000000000000e+03 1.465351611095963126e-46
7.879000000000000000e+03 1.463933567176250180e-46
7.880000000000000000e+03 9.489926988743705382e-47
7.881000000000000000e+03 7.937655559978017049e-47
7.882000000000000000e+03 6.934919189505789290e-47
7.883000000000000000e+03 5.169553832388998528e-47
7.884000000000000000e+03 4.568332996799419887e-47
7.885000000000000000e+03 3.791073680636182053e-47
7.886000000000000000e+03 4.218915522903185277e-47
7.887000000000000000e+03 4.919591538939017276e-47
7.888000000000000000e+03 4.487338134930165786e-47
7.889000000000000000e+03 5.268716721510142104e-47
7.890000000000000000e+03 6.312743038376890009e-47
7.891000000000000000e+03 5.539410534775616465e-47
7.892000000000000000e+03 4.892688224226723293e-47
7.893000000000000000e+03 4.162792728305248336e-47
7.894000000000000000e+03 4.174716655232495589e-47
7.895000000000000000e+03 4.439284312921872422e-47
7.896000000000000000e+03 4.260662912219497505e-47
7.897000000000000000e+03 3.967690496211674629e-47
7.898000000000000000e+03 3.835295130818713880e-47
7.899000000000000000e+03 4.232650016110229733e-47
7.900000000000000000e+03 4.699057968258316642e-47
7.901000000000000000e+03 3.780117653509274705e-47
7.902000000000000000e+03 3.287839131211095276e-47
7.903000000000000000e+03 4.041041419435697789e-47
7.904000000000000000e+03 4.260759056363073716e-47
7.905000000000000000e+03 4.232016690735714972e-47
7.906000000000000000e+03 3.357118763833406004e-47
7.907000000000000000e+03 3.332720116375353777e-47
7.908000000000000000e+03 3.124146211250004919e-47
7.909000000000000000e+03 2.403489603883343738e-47
7.910000000000000000e+03 2.529945725147522728e-47
7.911000000000000000e+03 2.770073077482870921e-47
7.912000000000000000e+03 2.392780866977527506e-47
7.913000000000000000e+03 2.665134136039491024e-47
7.914000000000000000e+03 2.523238272994063924e-47
7.915000000000000000e+03 2.126849339011830851e-47
7.916000000000000000e+03 1.894122514496874531e-47
7.917000000000000000e+03 2.022045290866340418e-47
7.918000000000000000e+03 2.229811578247406001e-47
7.919000000000000000e+03 2.544869694606353179e-47
7.920000000000000000e+03 2.729667237692105881e-47
7.921000000000000000e+03 2.316706338272802927e-47
7.922000000000000000e+03 2.165755499433226940e-47
7.923000000000000000e+03 2.161441897734464556e-47
7.924000000000000000e+03 2.573762761231138086e-47
7.925000000000000000e+03 2.598671236949372907e-47
7.926000000000000000e+03 2.319940115233991915e-47
7.927000000000000000e+03 2.290899070441949907e-47
7.928000000000000000e+03 3.018474781895263546e-47
7.929000000000000000e+03 3.265643103451721953e-47
7.930000000000000000e+03 4.314616290558394107e-47
7.931000000000000000e+03 5.794707331463221826e-47
7.932000000000000000e+03 7.222636396260591790e-47
7.933000000000000000e+03 5.991008562230652912e-47
7.934000000000000000e+03 3.509594420816099549e-47
7.935000000000000000e+03 2.643040523926649335e-47
7.936000000000000000e+03 2.417726728067767707e-47
7.937000000000000000e+03 1.840648700736750446e-47
7.938000000000000000e+03 1.470745409448800990e-47
7.939000000000000000e+03 1.523594158043757973e-47
7.940000000000000000e+03 1.769736133274176074e-47
7.941000000000000000e+03 1.652737889818791309e-47
7.942000000000000000e+03 1.520068800398807475e-47
7.943000000000000000e+03 1.429222990243049530e-47
7.944000000000000000e+03 1.391422471994796606e-47
7.945000000000000000e+03 1.485422316976656648e-47
7.946000000000000000e+03 1.966481923937536761e-47
7.947000000000000000e+03 3.263846446859148990e-47
7.948000000000000000e+03 2.225059178474648459e-47
7.949000000000000000e+03 1.384133950784633052e-47
7.950000000000000000e+03 1.206521043935060552e-47
7.951000000000000000e+03 1.056457679635476215e-47
7.952000000000000000e+03 1.027987456503708982e-47
7.953000000000000000e+03 1.102048273046146195e-47
7.954000000000000000e+03 1.044424643349682133e-47
7.955000000000000000e+03 2.673778378901645928e-47
7.956000000000000000e+03 7.671474033486148643e-47
7.957000000000000000e+03 3.083421104709667547e-47
7.958000000000000000e+03 1.460779637982727236e-47
7.959000000000000000e+03 1.147087070415303567e-47
7.960000000000000000e+03 1.184974760544185200e-47
7.961000000000000000e+03 2.099959812085951592e-47
7.962000000000000000e+03 1.806776902776747243e-47
7.963000000000000000e+03 1.346317018750503794e-47
7.964000000000000000e+03 1.174422033383939724e-47
7.965000000000000000e+03 1.370954654095577495e-47
7.966000000000000000e+03 1.496531511159598834e-47
7.967000000000000000e+03 1.253888803146332059e-47
7.968000000000000000e+03 1.176253975922558637e-47
7.969000000000000000e+03 1.384654810724237762e-47
7.970000000000000000e+03 1.388663655090418837e-47
7.971000000000000000e+03 1.455781649428128407e-47
7.972000000000000000e+03 1.288369993918627460e-47
7.973000000000000000e+03 1.762751765458099963e-47
7.974000000000000000e+03 1.800740075441846259e-47
7.975000000000000000e+03 1.532130851491604780e-47
7.976000000000000000e+03 1.363087156943554894e-47
7.977000000000000000e+03 1.001343639397708075e-47
7.978000000000000000e+03 1.394553587357805027e-47
7.979000000000000000e+03 1.743926718855231102e-47
7.980000000000000000e+03 1.540814940827629523e-47
7.981000000000000000e+03 1.260876840664363557e-47
7.982000000000000000e+03 9.999613869368281309e-48
7.983000000000000000e+03 8.435891619367096436e-48
7.984000000000000000e+03 6.726069521522217109e-48
7.985000000000000000e+03 7.410073730017814557e-48
7.986000000000000000e+03 7.357356633984925874e-48
7.987000000000000000e+03 7.729376687101893882e-48
7.988000000000000000e+03 7.993925095182317966e-48
7.989000000000000000e+03 8.909385813762928063e-48
7.990000000000000000e+03 8.429401716155412165e-48
7.991000000000000000e+03 6.267885174465889620e-48
7.992000000000000000e+03 7.444272586619508624e-48
7.993000000000000000e+03 8.882822057590150985e-48
7.994000000000000000e+03 8.584298692126277346e-48
7.995000000000000000e+03 7.392427828971618895e-48
7.996000000000000000e+03 5.902765991595408203e-48
7.997000000000000000e+03 6.366342120081980693e-48
7.998000000000000000e+03 6.971236899689766454e-48
7.999000000000000000e+03 5.085385169321385572e-48
8.000000000000000000e+03 5.198436543888739758e-48
8.001000000000000000e+03 5.325260876870660061e-48
8.002000000000000000e+03 5.709993346880161594e-48
8.003000000000000000e+03 4.948197422085434000e-48
8.004000000000000000e+03 4.703330045908095878e-48
8.005000000000000000e+03 4.925009029126799521e-48
8.006000000000000000e+03 4.962411045041528614e-48
8.007000000000000000e+03 4.758482047545623306e-48
8.008000000000000000e+03 5.594507973876132046e-48
8.009000000000000000e+03 4.793970129289793774e-48
8.010000000000000000e+03 4.616134835803220811e-48
8.011000000000000000e+03 4.893859121042150284e-48
8.012000000000000000e+03 3.872351455914028389e-48
8.013000000000000000e+03 3.901207712838125255e-48
8.014000000000000000e+03 4.495185091208191281e-48
8.015000000000000000e+03 4.603800965984687524e-48
8.016000000000000000e+03 5.039220043484226628e-48
8.017000000000000000e+03 5.227881004000194959e-48
8.018000000000000000e+03 5.374707255874011265e-48
8.019000000000000000e+03 4.831508623638728846e-48
8.020000000000000000e+03 4.196520462362353866e-48
8.021000000000000000e+03 3.986467336452255480e-48
8.022000000000000000e+03 3.739200381771446680e-48
8.023000000000000000e+03 4.690845943561261702e-48
8.024000000000000000e+03 4.745851768300812270e-48
8.025000000000000000e+03 4.618521658223872021e-48
8.026000000000000000e+03 4.594555131125010996e-48
8.027000000000000000e+03 4.185474265083041260e-48
8.028000000000000000e+03 3.790212910025879504e-48
8.029000000000000000e+03 3.633133604161720674e-48
8.030000000000000000e+03 2.799015360587092773e-48
8.031000000000000000e+03 3.000771443217970427e-48
8.032000000000000000e+03 2.846673760537585183e-48
8.033000000000000000e+03 2.764624684701405447e-48
8.034000000000000000e+03 2.246277838833133044e-48
8.035000000000000000e+03 2.552194275167169153e-48
8.036000000000000000e+03 2.231107593567505240e-48
8.037000000000000000e+03 2.248122597489933258e-48
8.038000000000000000e+03 2.998362086529873999e-48
8.039000000000000000e+03 3.507043915647495411e-48
8.040000000000000000e+03 2.387587632190514150e-48
8.041000000000000000e+03 2.175637526288046664e-48
8.042000000000000000e+03 2.241483830104020399e-48
8.043000000000000000e+03 1.548183848437805629e-48
8.044000000000000000e+03 2.824039456917122633e-48
8.045000000000000000e+03 4.375880804968523491e-48
8.046000000000000000e+03 5.230228231577981033e-48
8.047000000000000000e+03 1.772827395523581482e-47
8.048000000000000000e+03 1.209284332639796491e-47
8.049000000000000000e+03 2.813810501458968652e-48
8.050000000000000000e+03 2.596230567259477699e-48
8.051000000000000000e+03 2.710509879975531024e-48
8.052000000000000000e+03 3.308985475924351920e-48
8.053000000000000000e+03 3.052565638085990711e-48
8.054000000000000000e+03 3.238367178867599997e-48
8.055000000000000000e+03 2.470118738731063834e-48
8.056000000000000000e+03 1.985456922488959257e-48
8.057000000000000000e+03 2.559001343382430272e-48
8.058000000000000000e+03 2.030362095087141061e-48
8.059000000000000000e+03 1.465116711178009919e-48
8.060000000000000000e+03 1.924049303071132266e-48
8.061000000000000000e+03 2.687584970449760638e-48
8.062000000000000000e+03 2.446995131240598186e-48
8.063000000000000000e+03 2.082931495415370532e-48
8.064000000000000000e+03 2.231861663043638443e-48
8.065000000000000000e+03 5.612043676944455683e-48
8.066000000000000000e+03 4.140477242061274761e-48
8.067000000000000000e+03 2.574135730336302284e-48
8.068000000000000000e+03 3.033597971119118573e-48
8.069000000000000000e+03 1.807360648945362866e-48
8.070000000000000000e+03 1.159344161174255958e-48
8.071000000000000000e+03 8.805751163853031505e-49
8.072000000000000000e+03 6.236960941690463645e-49
8.073000000000000000e+03 8.902741452569169733e-49
8.074000000000000000e+03 2.214457901133012324e-48
8.075000000000000000e+03 1.448535541904162671e-48
8.076000000000000000e+03 7.483122904793809519e-49
8.077000000000000000e+03 3.702215045665101831e-48
8.078000000000000000e+03 1.084876795418521116e-47
8.079000000000000000e+03 3.482271527089812456e-48
8.080000000000000000e+03 2.286010068245297636e-48
8.081000000000000000e+03 3.389947391174624025e-48
8.082000000000000000e+03 2.233386047319826661e-48
8.083000000000000000e+03 6.733234149435475102e-49
8.084000000000000000e+03 6.642701363119626983e-49
8.085000000000000000e+03 3.591752047178063537e-48
8.086000000000000000e+03 1.054504564745118456e-47
8.087000000000000000e+03 2.942373569063334312e-48
8.088000000000000000e+03 6.770706168420375283e-49
8.089000000000000000e+03 7.350891113160693823e-49
8.090000000000000000e+03 6.431894195815590331e-49
8.091000000000000000e+03 4.722849096681782896e-49
8.092000000000000000e+03 4.603527980324339204e-49
8.093000000000000000e+03 5.819211410565696558e-49
8.094000000000000000e+03 5.121722402685368600e-49
8.095000000000000000e+03 4.634526908959738119e-49
8.096000000000000000e+03 5.221324317364763658e-49
8.097000000000000000e+03 6.062720203653269274e-49
8.098000000000000000e+03 1.369273776521411657e-48
8.099000000000000000e+03 1.015530641750783782e-48
8.100000000000000000e+03 4.187990179826513388e-49
8.101000000000000000e+03 4.202640119714080713e-49
8.102000000000000000e+03 3.772896502868233380e-49
8.103000000000000000e+03 3.117963558041669186e-49
8.104000000000000000e+03 3.362640804045916389e-49
8.105000000000000000e+03 6.500179534587064841e-49
8.106000000000000000e+03 5.653188507935975253e-49
8.107000000000000000e+03 2.840371739757590693e-49
8.108000000000000000e+03 2.476575914683660750e-49
8.109000000000000000e+03 2.761934410619142457e-49
8.110000000000000000e+03 2.491463635737713853e-49
8.111000000000000000e+03 2.282069245681820418e-49
8.112000000000000000e+03 2.126261536098427573e-49
8.113000000000000000e+03 4.502268483343255433e-49
8.114000000000000000e+03 6.253247776632934315e-49
8.115000000000000000e+03 1.798415740574373337e-49
8.116000000000000000e+03 1.455979550796124905e-49
8.117000000000000000e+03 1.343447860614716831e-49
8.118000000000000000e+03 5.090964958083491224e-49
8.119000000000000000e+03 4.564175270856793699e-48
8.120000000000000000e+03 5.865051540225928410e-48
8.121000000000000000e+03 5.045478292599658924e-49
8.122000000000000000e+03 1.185114740911840793e-49
8.123000000000000000e+03 1.351869073456848218e-49
8.124000000000000000e+03 1.480561236065182223e-49
8.125000000000000000e+03 1.051077865703887109e-49
8.126000000000000000e+03 1.252467799037862464e-49
8.127000000000000000e+03 9.512807695088424672e-50
8.128000000000000000e+03 1.100738407063297743e-49
8.129000000000000000e+03 9.730353236794837313e-50
8.130000000000000000e+03 8.680103491371338884e-50
8.131000000000000000e+03 8.648607861449832663e-50
8.132000000000000000e+03 9.172902569850406768e-50
8.133000000000000000e+03 7.970039525937427348e-50
8.134000000000000000e+03 6.363085852588654858e-50
8.135000000000000000e+03 5.338958753491930547e-50
8.136000000000000000e+03 6.101249717420597692e-50
8.137000000000000000e+03 5.446961033329136819e-50
8.138000000000000000e+03 3.746967040448433097e-50
8.139000000000000000e+03 3.695944183687152000e-50
8.140000000000000000e+03 3.783016599192884003e-50
8.141000000000000000e+03 3.949367358151796544e-50
8.142000000000000000e+03 4.099472431769558542e-50
8.143000000000000000e+03 3.608672197290667792e-50
8.144000000000000000e+03 2.937648561816142543e-50
8.145000000000000000e+03 2.682000852081620327e-50
8.146000000000000000e+03 3.633230424670318763e-50
8.147000000000000000e+03 3.720907416762851598e-50
8.148000000000000000e+03 3.425611352346355389e-50
8.149000000000000000e+03 2.821523012404081235e-50
8.150000000000000000e+03 2.835335379162644041e-50
8.151000000000000000e+03 3.215428687171042959e-50
8.152000000000000000e+03 2.977911735074007251e-50
8.153000000000000000e+03 2.611698936787796273e-50
8.154000000000000000e+03 4.477332313065798795e-50
8.155000000000000000e+03 4.989791015206230360e-50
8.156000000000000000e+03 1.170105649977385816e-49
8.157000000000000000e+03 2.638376376044714002e-46
8.158000000000000000e+03 9.465454803698220087e-46
8.159000000000000000e+03 4.458689460696847213e-46
8.160000000000000000e+03 7.107886955238529967e-46
8.161000000000000000e+03 6.448004765369424516e-46
8.162000000000000000e+03 7.573687633207132255e-46
8.163000000000000000e+03 5.440040893088782370e-47
8.164000000000000000e+03 4.337211106090380512e-48
8.165000000000000000e+03 5.309954637672843277e-48
8.166000000000000000e+03 4.402083893810135954e-49
8.167000000000000000e+03 1.859830822399187362e-50
8.168000000000000000e+03 6.366519018270438216e-51
8.169000000000000000e+03 3.571933794304375677e-51
8.170000000000000000e+03 3.182436553856246781e-51
8.171000000000000000e+03 3.356473892161514247e-51
8.172000000000000000e+03 1.311067052547797102e-50
8.173000000000000000e+03 1.823529219149340891e-50
8.174000000000000000e+03 1.423420206183453852e-49
8.175000000000000000e+03 1.266937399324016383e-49
8.176000000000000000e+03 1.740714578350806020e-50
8.177000000000000000e+03 7.983542029527267865e-51
8.178000000000000000e+03 2.927909222129679384e-51
8.179000000000000000e+03 5.422314630441865319e-52
8.180000000000000000e+03 1.531703756305118824e-51
8.181000000000000000e+03 1.578326425794830302e-50
8.182000000000000000e+03 1.012903408508374007e-50
8.183000000000000000e+03 3.153750954987942210e-52
8.184000000000000000e+03 2.271858183492330043e-52
8.185000000000000000e+03 7.396839236737629992e-53
8.186000000000000000e+03 9.075277850070020810e-54
8.187000000000000000e+03 5.881347923739614309e-53
8.188000000000000000e+03 9.858698414963685199e-53
8.189000000000000000e+03 1.040539718567931355e-53
8.190000000000000000e+03 5.228907377306743487e-55
8.191000000000000000e+03 2.962028758222910475e-55
8.192000000000000000e+03 1.180906047388232600e-55
